city,hotel_description,hotel_facilities,property_name
Manali,The standard check-in time is 12:00 PM and the standard check-out time is 12:00 PM. Early check-in or late check-out is strictly subjected to availability and may be chargeable by the hotel. Any early check-in or late check-out request must be directed and reconfirmed with hotel directly,Doctor on Call|Dry Cleaning|Laundry Service Available|Lobby|Parking Facilities Available|Gardens|Dance Performances (on demand)|Catering|Multi Lingual Staff|Wake-up Call / Service|Suitable For Children|Kitchen available (home cook food on request)|Open Air Restaurant / Dining |Veg / Non Veg Kitchens Separate |Vegetarian Food / Jain Food Available|Car Rental|Taxi Services|Food Facility|Internet Access Free|Children's Park|Postal / Parcel Services| Cook Services|Air / Rail Booking|Courier Service|Guide / Sightseeing Service|Internet / Fax (Reception area only)|RO Water Purification System|Parking Facility|Internet Access|Restaurant|Room Service|Fire Exit Signs|Full Time Operation for All 7 Days|Porter Services Available|Security at All Hotel Entrances|Suites,Baragarh Regency
Gurgaon,The standard check-in time is 12:00 PM and the standard check-out time is 12:00 PM. Early check-in or late check-out is strictly subjected to availability and may be chargeable by the hotel. Any early check-in or late check-out request must be directed and reconfirmed with hotel directly 1. All guests requested to carry Valid ID proof for Check Inn. 2. Couple Guests with Local ID's are not allowed to check inn. 3. Cancellation and prepayment policies vary according to room type.,Airport Transfer Available / Surcharge|Banquet Facilities|Business Center |Currency Exchange|Doctor on Call|Health Club / Gym Facility Available|Laundry Service Available|Lift / Elevator|Lobby|Parking Facilities Available|Front Desk|Locker Facility|Major Credit Cards Accepted|24 Hour Front Desk|Luggage Storage|Power Backup,Asian Suites A- 585
Goa,"The standard check-in time is 12:00 PM and the standard check-out time is 10:00 AM. Early check-in or late check-out is strictly subjected to availability and may be chargeable by the hotel. Any early check-in or late check-out request must be directed and reconfirmed with hotel directly Resort is undergoing minor external repair/maintenance, inconvenience regretted Hotel may charge compulsory gala dinner supplement on Christmas / New Year's eve or other festive periods. Any such supplements need to be paid directly at the hotel.",Swimming Pool|Bar / Lounge |Laundry Service Available|Multi Cuisine Restaurant,Bevvan Resort
Manali,The standard check-in time is 12:00 PM and the standard check-out time is 12:00 PM. Early check-in or late check-out is strictly subjected to availability and may be chargeable by the hotel. Any early check-in or late check-out request must be directed and reconfirmed with hotel directly,Doctor on Call|Dry Cleaning|Laundry Service Available|Parking Facilities Available|Local Tour / Travel Desk|Car Rental,Apple Inn Cottage
Delhi,The standard check-in time is 12:00 PM and the standard check-out time is 12:00 PM. Early check-in or late check-out is strictly subjected to availability and may be chargeable by the hotel. Any early check-in or late check-out request must be directed and reconfirmed with hotel directly Unmarried couples are not allowed for check in. Guests with local Delhi NCR ID will not be allowed for check-in.,Internet Access - Surcharge|Laundry Service Available|Parking Facilities Available|Multi Cuisine Restaurant |Local Tour / Travel Desk|Medical Assistance Available|Power Backup,Anmol Hotel Pvt.Ltd
Goa,"The standard check-in time is 02:00 PM and the standard check-out time is 12:00 PM. Early check-in or late check-out is strictly subjected to availability and may be chargeable by the hotel. Any early check-in or late check-out request must be directed and reconfirmed with hotel directly Mandatory  Gala Dinner on 31st Dec at Rs. 1500/- per person. Children below 10 years @ Rs. 750 Gala dinner charges directly payable at the hotel No check out allowed on 25 Dec, 31st Dec  and 1 Jan Hotel may charge compulsory gala dinner supplement on Christmas / New Year's eve or other festive periods. Any such supplements need to be paid directly at the hotel.",Airport Transfer Available / Surcharge|Bar / Lounge |Internet Access - Surcharge|Laundry Service Available|Lobby|Non Smoking Rooms|Parking Facilities Available|Front Desk|Locker Facility|24 Hour Front Desk|Doorman|Power Backup|Newspapers In Lobby|Family Room|Room Service (24 Hours),Baia Do Sol (A Boutique Beach Resort)
Delhi,The standard check-in time is 12:00 PM and the standard check-out time is 12:00 PM. Early check-in or late check-out is strictly subjected to availability and may be chargeable by the hotel. Any early check-in or late check-out request must be directed and reconfirmed with hotel directly,Doctor on Call|Lobby|Front Desk|Power Backup|Internet Access Free|Newspapers In Lobby,Balaji Residency
Delhi,The standard check-in time is 12:00 PM and the standard check-out time is 12:00 PM. Early check-in or late check-out is strictly subjected to availability and may be chargeable by the hotel. Any early check-in or late check-out request must be directed and reconfirmed with hotel directly Hotel may charge compulsory gala dinner supplement on Christmas / New Year's eve or other festive periods. Any such supplements need to be paid directly at the hotel.,Banquet Facilities|Barbecue Area|Business Center |Concierge|Currency Exchange|Doctor on Call|Dry Cleaning|Laundry Service Available|Lift / Elevator|Lobby|Non Smoking Rooms|Parking Facilities Available|Front Desk|Multi Cuisine Restaurant |Locker Facility|Secretarial Services|Local Tour / Travel Desk|Major Credit Cards Accepted|24 Hour Front Desk|Luggage Storage|Doorman|Medical Assistance Available|Air-Conditioning - Central|Welcome Drinks|Power Backup|Audio - Visual Equipment|Multi Lingual Staff|Wake-up Call / Service|Suitable For Children|Separate Sitting Area|Coffee Shop / Cafe|Conference Facility |ATM / Banking|Veranda|Open Air Restaurant / Dining |Veg / Non Veg Kitchens Separate |Vegetarian Food / Jain Food Available|Car Rental|Express Laundry|Water Dispenser Available|Taxi Services|Board Room|Rooftop Garden|Food Facility| Drivers Rest Room|Internet Access Free|Newspapers In Lobby|Family Room|Room Service (24 Hours)|STD / ISD|Baggage Room|Adjoining Rooms|RO Water Purification System|Outdoor Parking - Secured|Parking Facility|Internet Access|Restaurant|Room Service|CCTV|Full Time Operation for All 7 Days|Paid Transfers|Pest Control Facility|Public Restrooms|Stamps and Mailing Facility,BB Palace-A Boutique Hotel
Jaipur,The standard check-in time is 02:00 PM and the standard check-out time is 12:00 PM. Early check-in or late check-out is strictly subjected to availability and may be chargeable by the hotel. Any early check-in or late check-out request must be directed and reconfirmed with hotel directly  Hotel may charge gala dinner supplement on Christmas/New Years eve or other festive periods. Which needs to be paid directly at the hotel.As per the govt. guidelines valid govt. issued id proofs are required to be presented at the Time of C/in.,Doctor on Call|Lobby|Front Desk|Local Tour / Travel Desk,Art Inn Homestay
Delhi,"The standard check-in time is 02:00 PM and the standard check-out time is 12:00 PM. Early check-in or late check-out is strictly subjected to availability and may be chargeable by the hotel. Any early check-in or late check-out request must be directed and reconfirmed with hotel directly Booking rates will not be valid for Christmas  New year dates, High season  long weekend dates  extra supplement will be charged over  above the paid rates as per actual  hotel discretion",Doctor on Call|Front Desk|24 Hour Front Desk,Arjun Homestay
Guwahati,The standard check-in time is 12:00 PM and the standard check-out time is 12:00 PM. Early check-in or late check-out is strictly subjected to availability and may be chargeable by the hotel. Any early check-in or late check-out request must be directed and reconfirmed with hotel directly We will require ID proof of all guest including spouses and fiances. Checkout is 12 noon which can be flexible depending on guest booking for that particular day.,Business Center |Doctor on Call|Dry Cleaning|Laundry Service Available|Parking Facilities Available|Welcome Drinks|Power Backup|Gardens|Conference Facility |Kitchen available (home cook food on request)|Car Rental|Board Room|Internet Access Free|Newspapers In Lobby|Children's Park| Cook Services|Parking Facility|Room Service,Ashirwad Homestay
NOIDA,The standard check-in time is 12:00 PM and the standard check-out time is 12:00 PM. Early check-in or late check-out is strictly subjected to availability and may be chargeable by the hotel. Any early check-in or late check-out request must be directed and reconfirmed with hotel directly Hotel may charge compulsory gala dinner supplement on Christmas / New Year's eve or other festive periods. Any such supplements need to be paid directly at the hotel.,Airport Transfer Available / Surcharge|Doctor on Call|Dry Cleaning|Internet Access - Surcharge|Lift / Elevator|Lobby|Parking Facilities Available|Front Desk|Local Tour / Travel Desk|24 Hour Front Desk|Power Backup|Extra Person / Child - Share the same room|Internet Access Free|Newspapers In Lobby|Room Service (24 Hours)|Parking Facility,Apna Ghar- Sector 46
Delhi,The standard check-in time is 02:00 PM and the standard check-out time is 12:00 PM. Early check-in or late check-out is strictly subjected to availability and may be chargeable by the hotel. Any early check-in or late check-out request must be directed and reconfirmed with hotel directly We do not allow unmarried / unrelated couples to checkin. This is at full discretion of the hotel management. No refund would be applicable in case the checkin is denied under such circumstances,Doctor on Call|Parking Facilities Available|Front Desk|Power Backup|Smoking Area |Internet Access Free|Courier Service|Parking Facility|Room Service,Baba Guest House
Manali,The standard check-in time is 12:00 PM and the standard check-out time is 12:00 PM. Early check-in or late check-out is strictly subjected to availability and may be chargeable by the hotel. Any early check-in or late check-out request must be directed and reconfirmed with hotel directly,Doctor on Call|Lobby|Parking Facilities Available|Front Desk|24 Hour Front Desk|Gardens,Baragarh Villa
Goa,"The standard check-in time is 12:00 PM and the standard check-out time is 11:00 AM. Early check-in or late check-out is strictly subjected to availability and may be chargeable by the hotel. Any early check-in or late check-out request must be directed and reconfirmed with hotel directly AS PER GOVERNMENT DIRECTIVES IT IS MANDATORY FOR ALL GUEST TO SHOW THEIR PHOTO ID AT CHECK IN, WHICH CAN BE IN FORM OF PASSPORT AND VISA COPY/ DRIVING LICENSE/ VOTER ID CARD FAILING WHICH THE HOTEL RESERVES THE RIGHT OF REFUSAL.",,Annapurna Guest House
Chennai,The standard check-in time is 12:00 PM and the standard check-out time is 12:00 PM. Early check-in or late check-out is strictly subjected to availability and may be chargeable by the hotel. Any early check-in or late check-out request must be directed and reconfirmed with hotel directly Most hotels do not allow unmarried / unrelated couples to check-in. This is at full discretion of the hotel management. No refund would be applicable in case the hotel denies check-in under such circumstances .,Internet Access - Surcharge|Laundry Service Available|Lift / Elevator|Parking Facilities Available|Front Desk|Locker Facility|Power Backup|Internet Access Free|Room Service (24 Hours)|Outdoor Parking - Secured,ARAVINDAR RESIDENCY
Chitrasani,"The standard check-in time is 12:00 PM and the standard check-out time is 12:00 PM. Early check-in or late check-out is strictly subjected to availability and may be chargeable by the hotel. Any early check-in or late check-out request must be directed and reconfirmed with hotel directly *Valid Identification Documents/ Proof are Mandatory. *In case of any unusual/ improper/ suspicious act, Hotel can cancel Room. *Unmarried and unrelated couples will not be allowed to check in due to security reason. *Customer has to carry a copy of booking voucher at the time of check in. *Check Inn and Check Out is 12:00 Noon. After that half day charges will be applicable. *Early check-in or late check-out is strictly subjected to availability and may be chargeable by the hotel.  *Pets are not allowed.",Banquet Facilities|Doctor on Call|Internet Access - Surcharge|Laundry Service Available|Lift / Elevator|Lobby|Parking Facilities Available|Front Desk|Locker Facility|Major Credit Cards Accepted|Doorman|Wake-up Call / Service|Car Rental|Guide / Sightseeing Service|Room Service,Balaram Palace Resort
Sawai Madhopur,The standard check-in time is 12:00 PM and the standard check-out time is 12:00 PM. Early check-in or late check-out is strictly subjected to availability and may be chargeable by the hotel. Any early check-in or late check-out request must be directed and reconfirmed with hotel directly We do not allow unmarried / unrelated couples to checkin. This is at full discretion of the hotel management. No refund would be applicable in case the checkin is denied under such circumstances.,Doctor on Call|24 Hour Front Desk|Room Service (24 Hours)|Room Service|CCTV,Bhadrawati Safari Lodge
Dalhousie,The standard check-in time is 01:00 PM and the standard check-out time is 11:30 AM. Early check-in or late check-out is strictly subjected to availability and may be chargeable by the hotel. Any early check-in or late check-out request must be directed and reconfirmed with hotel directly We do not allow unmarried / unrelated couples to checkin. This is at full discretion of the hotel management. No refund would be applicable in case the checkin is denied under such circumstances Pets are not allowed. Valid Photo ID required for check-in,Doctor on Call|Laundry Service Available|Lift / Elevator|Parking Facilities Available|Front Desk|Power Backup|Campfire / Bon Fire|Internet Access Free|Outdoor Parking - Secured|Room Service|First-Aid Kit at Front Desk|Public Restrooms|Speciality Restaurant |Suites,AS Clarks inn
Alleppey,"The standard check-in time is 12:00 PM and the standard check-out time is 12:00 PM. Early check-in or late check-out is strictly subjected to availability and may be chargeable by the hotel. Any early check-in or late check-out request must be directed and reconfirmed with hotel directly Booking rates will not be valid for Christmas and New year dates, High season and long weekend dates  extra supplement will be charged over and above the paid rates as per actual and hotel discretion.",Doctor on Call,"Beautiful Alleppey Tours Two Bedroom, Alleppey"
Pune,The standard check-in time is 10:00 AM and the standard check-out time is 09:45 AM. Early check-in or late check-out is strictly subjected to availability and may be chargeable by the hotel. Any early check-in or late check-out request must be directed and reconfirmed with hotel directly Need ID proof at the time of check in Unmarried couples not allowed,Business Center |Parking Facilities Available|24 Hour Front Desk|Internet Access Free|Room Service (24 Hours)|Outdoor Parking - Secured|Parking Facility|Suites,Ashiyana
Nanded,The standard check-in time is 12:00 PM and the standard check-out time is 12:00 PM. Early check-in or late check-out is strictly subjected to availability and may be chargeable by the hotel. Any early check-in or late check-out request must be directed and reconfirmed with hotel directly we do not allow Unmarried / unrelated Couples to check-in .This is at full discretion of the hotel management.No refund would be applicable in case the check-in denied under such circumstances. ID-proof mandatory to submit.,Business Center |Doctor on Call|Laundry Service Available|24 Hour Front Desk|Power Backup|Room Service|CCTV,ASHIRWAD LODGING
Mandarmani,The standard check-in time is 12:00 PM and the standard check-out time is 11:00 AM. Early check-in or late check-out is strictly subjected to availability and may be chargeable by the hotel. Any early check-in or late check-out request must be directed and reconfirmed with hotel directly,Doctor on Call|Laundry Service Available|Parking Facilities Available|Front Desk|Multi Cuisine Restaurant |Power Backup|Gardens|Room Service,Aqua Marina Drive Inn
Yercaud,The standard check-in time is 12:00 PM and the standard check-out time is 12:00 PM. Early check-in or late check-out is strictly subjected to availability and may be chargeable by the hotel. Any early check-in or late check-out request must be directed and reconfirmed with hotel directly Early check in and late check out is subject to availability and extras will be charged on direct payable basis.  No pets allowed.,Business Center |Laundry Service Available|Lobby|Parking Facilities Available|Front Desk|Multi Cuisine Restaurant |24 Hour Front Desk|Power Backup|Gardens|Room Service (24 Hours)|STD / ISD|Parking Facility,Annai Illam Guest House
Manali,The standard check-in time is 12:00 PM and the standard check-out time is 12:00 PM. Early check-in or late check-out is strictly subjected to availability and may be chargeable by the hotel. Any early check-in or late check-out request must be directed and reconfirmed with hotel directly We do not allow unmarried / unrelated couples to checkin. This is at full discretion of the hotel management. No refund would be applicable in case the checkin is denied under such circumstances,Doctor on Call|Laundry Service Available|Parking Facilities Available|Front Desk|Local Tour / Travel Desk|Gardens|Picnic Area|Open Air Restaurant / Dining | Bike on Rent|Vegetarian Food / Jain Food Available|Taxi Services|Campfire / Bon Fire|Internet Access Free|Outdoor Parking - Secured|Restaurant|Room Service,Bella Marina Villa
Gurgaon,The standard check-in time is 12:00 PM and the standard check-out time is 12:00 PM. Early check-in or late check-out is strictly subjected to availability and may be chargeable by the hotel. Any early check-in or late check-out request must be directed and reconfirmed with hotel directly We do not allow unmarried / unrelated couples to checkin. This is at full discretion of the hotel management. No refund would be applicable in case the checkin is denied under such circumstances,Doctor on Call|Parking Facilities Available|Power Backup|Fire Safety|Fire Exit Signs|First-Aid Kit at Front Desk,ATOM Guest House
Srinagar,The standard check-in time is 12:00 PM and the standard check-out time is 11:00 AM. Early check-in or late check-out is strictly subjected to availability and may be chargeable by the hotel. Any early check-in or late check-out request must be directed and reconfirmed with hotel directly The standard check-in time is 12:00 PM and the standard check-out time is 11:00 PM.  Confirmation is subject to 50 % advance payment at the time of booking. Full payment 16 days prior to Check In if not received. House,Currency Exchange|Doctor on Call|Laundry Service Available|Front Desk|Local Tour / Travel Desk|Luggage Storage|Medical Assistance Available|Power Backup|Gardens|Dance Performances (on demand)|Suitable For Children|Separate Sitting Area|Smoking Area |Extra Person / Child - Share the same room|Internet Access Free|Family Room|Air / Rail Booking|Baggage Room|Adjoining Rooms|Outdoor Parking - Secured|Room Service|Paid Transfers|Security at All Hotel Entrances|Suites,Bendmeer Group of House Boat and Resorts
Pune,The standard check-in time is 02:00 PM and the standard check-out time is 12:00 PM. Early check-in or late check-out is strictly subjected to availability and may be chargeable by the hotel. Any early check-in or late check-out request must be directed and reconfirmed with hotel directly We do not allow unmarried / unrelated couples to checkin. This is at full discretion of the hotel management. No refund would be applicable in case the checkin is denied under such circumstances,Doctor on Call|Parking Facilities Available|Front Desk,Balaji Resorts
Chiplun,The standard check-in time is 02:00 PM and the standard check-out time is 12:00 PM. Early check-in or late check-out is strictly subjected to availability and may be chargeable by the hotel. Any early check-in or late check-out request must be directed and reconfirmed with hotel directly We do not allow unmarried / unrelated couples to checkin. This is at full discretion of the hotel management. No refund would be applicable in case the checkin is denied under such circumstances,Doctor on Call|Internet Access - Surcharge|Laundry Service Available|Parking Facilities Available|Front Desk|24 Hour Front Desk|Room Service|Fire Safety,Asha Sukha Nivas Laudge
Pune,The standard check-in time is 12:00 PM and the standard check-out time is 12:00 PM. Early check-in or late check-out is strictly subjected to availability and may be chargeable by the hotel. Any early check-in or late check-out request must be directed and reconfirmed with hotel directly -,Airport Transfer Available / Surcharge|Business Center |Concierge|Doctor on Call|Dry Cleaning|Internet Access - Surcharge|Laundry Service Available|Lift / Elevator|Lobby|Parking Facilities Available|Front Desk|Locker Facility|Local Tour / Travel Desk|24 Hour Front Desk|Medical Assistance Available|Power Backup|Gardens|Smoking Area |Shopping Drop Facility (on fixed timings)|Internet Access Free|Newspapers In Lobby|Airport Transfer Free|Outdoor Parking - Secured|Parking Facility,AR Suites Fontana Bay
Manali,The standard check-in time is 12:00 PM and the standard check-out time is 12:00 PM. Early check-in or late check-out is strictly subjected to availability and may be chargeable by the hotel. Any early check-in or late check-out request must be directed and reconfirmed with hotel directly Ridge View Cottage  spells true Himachal Hospitality and traditional architecture. Offering a total of 14 lavish rooms for a peaceful holidays in Manali. Peaceful location far from the hustles of main city and outstanding customer service is our USP.,Banquet Facilities|Business Center |Doctor on Call|Laundry Service Available|Lobby|Parking Facilities Available|Front Desk|Multi Cuisine Restaurant |Local Tour / Travel Desk|Major Credit Cards Accepted|24 Hour Front Desk|Medical Assistance Available|Welcome Drinks|Power Backup|Gardens|Catering|Suitable For Children|Grocery|Conference Facility |Kitchen available (home cook food on request)|Massage Services |Discotheque | Bike on Rent|Veg / Non Veg Kitchens Separate |In House Events |Vegetarian Food / Jain Food Available|City Shuttle Service|Campfire / Bon Fire|Food Facility|Internet Access Free|Newspapers In Lobby|Room Service (24 Hours)|Spa Services Nearby| Cook Services|Air / Rail Booking|Internet / Fax (Reception area only)|Outdoor Parking - Secured|Parking Facility,Atithi Cottages
Bangalore,The standard check-in time is 12:00 PM and the standard check-out time is 12:00 PM. Early check-in or late check-out is strictly subjected to availability and may be chargeable by the hotel. Any early check-in or late check-out request must be directed and reconfirmed with hotel directly,Airport Transfer Available / Surcharge|Bar / Lounge |Health Club / Gym Facility Available|Internet Access - Surcharge|Laundry Service Available|Lift / Elevator|Parking Facilities Available|Front Desk|Multi Cuisine Restaurant |Locker Facility|Power Backup|Internet Access Free|Room Service (24 Hours)|Outdoor Parking - Secured|Parking Facility,Aurick Hotel
Bagalkot,The standard check-in time is 02:00 PM and the standard check-out time is 12:00 PM. Early check-in or late check-out is strictly subjected to availability and may be chargeable by the hotel. Any early check-in or late check-out request must be directed and reconfirmed with hotel directly We do not allow unmarried / unrelated couples to checkin. This is at full discretion of the hotel management. No refund would be applicable in case the checkin is denied under such circumstances,Doctor on Call|Lobby|Non Smoking Rooms|Front Desk|24 Hour Front Desk|Power Backup,Anugraha Deluxe Hotel
Wayanad,"The standard check-in time is 12:00 PM and the standard check-out time is 12:00 PM. Early check-in or late check-out is strictly subjected to availability and may be chargeable by the hotel. Any early check-in or late check-out request must be directed and reconfirmed with hotel directly For any queries at the unit, the single point contact from Best Western Plus Ekobarn will be the General Manager of the Hotel.  All guests will show the Government issued ID card and submit visiting card at the time of checking in. Mandatory Christmas evening supplement cost - 25.12.2015- Rs.1800/- Per room to be paid directly at the time of Check in. Mandatory New Year evening supplement cost - 31.12.2015-Rs.1800/- Per room to be paid directly at the time of Check in.","Swimming Pool|Airport Transfer Available / Surcharge|Banquet Facilities|Business Center |Currency Exchange|Doctor on Call|Dry Cleaning|Health Club / Gym Facility Available|Internet Access - Surcharge|Lift / Elevator|Lobby|Parking Facilities Available|Front Desk|Multi Cuisine Restaurant |Locker Facility|Spa On Site - Chargeable|Local Tour / Travel Desk|Major Credit Cards Accepted|24 Hour Front Desk|Air-Conditioning - Central|Welcome Drinks|Power Backup|Express Check-In / Check-Out|Gardens|Wake-up Call / Service|Separate Sitting Area|Coffee Shop / Cafe|Electronic / Magnetic Keys|Fire Place Available |Wheelchair Accessibility - Room|Pick Up and Drop (Rly Station, Bus Stand, Temple)|Vegetarian Food / Jain Food Available|Village Visit ( Chargeable )|Car Rental|Taxi Services|Food Facility|Internet Access Free|Newspapers In Lobby|Party hall|Air / Rail Booking|Baggage Room|Guide / Sightseeing Service|Adjoining Rooms|Outdoor Parking - Secured|Parking Facility",Best Western Plus Ekobarn
Chandigarh,"The standard check-in time is 12:00 PM and the standard check-out time is 12:00 PM. Early check-in or late check-out is strictly subjected to availability and may be chargeable by the hotel. Any early check-in or late check-out request must be directed and reconfirmed with hotel directly The primary guest must be at least 18 years of age to check into this hotel As per Government regulation, it is mandatory for all guests adove 18 years of age carry a valid photo identity card and address proof at the time of check-in.",Swimming Pool|Bar / Lounge |Doctor on Call|Dry Cleaning|Laundry Service Available|Multi Cuisine Restaurant |Sauna|Conference Facility,Aura Vaseela
Mcleodganj,The standard check-in time is 12:00 PM and the standard check-out time is 12:00 PM. Early check-in or late check-out is strictly subjected to availability and may be chargeable by the hotel. Any early check-in or late check-out request must be directed and reconfirmed with hotel directly Hotel may charge compulsory gala dinner supplement on Christmas / New Year's eve or other festive periods. Any such supplements need to be paid directly at the hotel.,Doctor on Call|Dry Cleaning|Laundry Service Available|Lobby|Parking Facilities Available|Front Desk|Multi Cuisine Restaurant |Local Tour / Travel Desk|Coffee Shop / Cafe|Children's Park|Room Service (24 Hours),Anupam Resorts
Goa,The standard check-in time is 10:00 AM and the standard check-out time is 09:00 AM. Early check-in or late check-out is strictly subjected to availability and may be chargeable by the hotel. Any early check-in or late check-out request must be directed and reconfirmed with hotel directly No pets allowed No check in and check out on 31st December 2015 Compulsory ID government prof required before check in for all guests,Airport Transfer Available / Surcharge|Internet Access - Surcharge|Laundry Service Available|Parking Facilities Available|Front Desk|Locker Facility|Luggage Storage|Power Backup|Smoking Rooms|Kitchen available (home cook food on request)| Bike on Rent|Car Rental|Taxi Services|Food Facility|Spa Services Nearby| Cook Services|Baggage Room|Outdoor Parking - Non Secured|Parking Facility|Room Service|CCTV,Atharv Coastal End Guest House
Rishikesh,The standard check-in time is 10:00 AM and the standard check-out time is 11:00 AM. Early check-in or late check-out is strictly subjected to availability and may be chargeable by the hotel. Any early check-in or late check-out request must be directed and reconfirmed with hotel directly We do not allow unmarried / unrelated couples to checkin. This is at full discretion of the hotel management. No refund would be applicable in case the checkin is denied under such circumstances,Doctor on Call|Parking Facilities Available|Front Desk|Multi Cuisine Restaurant |Medical Assistance Available|Parking Facility|Room Service,Badrish
Anantapur,The standard check-in time is 12:00 PM and the standard check-out time is 12:00 PM. Early check-in or late check-out is strictly subjected to availability and may be chargeable by the hotel. Any early check-in or late check-out request must be directed and reconfirmed with hotel directly We do not allow unmarried / unrelated couples to checkin. This is at full discretion of the hotel management. No refund would be applicable in case the checkin is denied under such circumstances. Customer Government approved Photo ID card is must to carry at the time of check in.,Doctor on Call|Lobby|Front Desk|Local Tour / Travel Desk|24 Hour Front Desk|Luggage Storage|Power Backup|Room Service (24 Hours)|Parking Facility|Room Service,Balaji Inn
Nainital,The standard check-in time is 12:00 PM and the standard check-out time is 10:00 AM. Early check-in or late check-out is strictly subjected to availability and may be chargeable by the hotel. Any early check-in or late check-out request must be directed and reconfirmed with hotel directly,Swimming Pool|Beauty Salon - on charge|Billiards|Bowling|Doctor on Call|Games Zone|Laundry Service Available|Lobby|Parking Facilities Available|Front Desk|Multi Cuisine Restaurant |Locker Facility|Non Smoking Hotel|Spa On Site - Chargeable|Table Tennis|24 Hour Front Desk|Doorman|Medical Assistance Available|Welcome Drinks|Power Backup|Gardens|Audio - Visual Equipment|Catering|Porter / Bellhop|Suitable For Children|Separate Sitting Area|Coffee Shop / Cafe|Conference Facility |Kitchen available (home cook food on request)|Multi - Line Phone|Pool Table|Discotheque |Clubhouse|Open Air Restaurant / Dining |Fun Floats|Veg / Non Veg Kitchens Separate |Vegetarian Food / Jain Food Available|Car Rental|Taxi Services|Board Room|Food Facility|Newspapers In Lobby|Postal / Parcel Services|Room Service (24 Hours)|Spa Services Nearby| Cook Services|Air / Rail Booking|Courier Service|Outdoor Parking - Secured|Parking Facility|Restaurant|Room Service|Fire Exit Signs|Full Time Operation for All 7 Days|Porter Services Available|Public Restrooms|Speciality Restaurant |Suites,Ashokas Naini Chalet
Palakkad,"The standard check-in time is 02:00 PM and the standard check-out time is 12:00 PM. Early check-in or late check-out is strictly subjected to availability and may be chargeable by the hotel. Any early check-in or late check-out request must be directed and reconfirmed with hotel directly 1.ALL GUESTS ARE REQUIRED TO PRESENT PROPER PHOTO IDENTIFICATION UPON CHECK IN. 2.The identity proof would include a valid Driving license/voter identity card/PAN card, etc. Valid Passport mandatory for all Foreign guests. 3.Booking rates will not be valid for Christmas and New year dates High season and long weekend dates extra supplement will be charged over and above the paid rates as per actual and hotel discretion. No refund would be applicable in case the hotel denies check-in under such circumstances.",Doctor on Call|Dry Cleaning|Parking Facilities Available|Front Desk|Locker Facility|24 Hour Front Desk|Luggage Storage|Internet Access Free|Newspapers In Lobby|Room Service (24 Hours)|Parking Facility|Internet Access|Room Service|Fire Safety|CCTV|Fire Exit Signs|First-Aid Kit at Front Desk|Public Restrooms,Apex Residency
Alleppey,"The standard check-in time is 12:00 PM and the standard check-out time is 09:00 AM. Early check-in or late check-out is strictly subjected to availability and may be chargeable by the hotel. Any early check-in or late check-out request must be directed and reconfirmed with hotel directly Booking rates will not be valid for Christmas and New year dates, High season and long weekend dates, extra supplement will be charged over and above the paid rates as per actual and hotel discretion.",Power Backup|Fire Safety,Bens Houseboats 4 Bed Room A/c DLX (4)
Srinagar,The standard check-in time is 02:00 PM and the standard check-out time is 12:00 PM. Early check-in or late check-out is strictly subjected to availability and may be chargeable by the hotel. Any early check-in or late check-out request must be directed and reconfirmed with hotel directly We do not allow unmarried / unrelated couples to checkin. This is at full discretion of the hotel management. No refund would be applicable in case the checkin is denied under such circumstances,Ballroom|Parking Facilities Available|Front Desk|Parking Facility|Room Service|First-Aid Kit at Front Desk,BE MY GUEST
Chennai,The standard check-in time is 12:00 PM and the standard check-out time is 12:00 PM. Early check-in or late check-out is strictly subjected to availability and may be chargeable by the hotel. Any early check-in or late check-out request must be directed and reconfirmed with hotel directly,Parking Facilities Available|Front Desk|Internet Access Free|Room Service (24 Hours)|Parking Facility,AVNB Towers
Bangalore,The standard check-in time is 11:00 PM and the standard check-out time is 11:00 PM. Early check-in or late check-out is strictly subjected to availability and may be chargeable by the hotel. Any early check-in or late check-out request must be directed and reconfirmed with hotel directly We do not allow unmarried / unrelated couples to checkin. This is at full discretion of the hotel management. No refund would be applicable in case the checkin is denied under such circumstances,Laundry Service Available|Lift / Elevator|Parking Facilities Available|Front Desk|Locker Facility|Power Backup|Transfers Available|Internet Access Free|Room Service (24 Hours)|Outdoor Parking - Secured|Parking Facility|Room Service|Speciality Restaurant,ATITHI RESIDENCY - MARTHAHALLI
Pushkar,The standard check-in time is 12:00 PM and the standard check-out time is 12:00 PM. Early check-in or late check-out is strictly subjected to availability and may be chargeable by the hotel. Any early check-in or late check-out request must be directed and reconfirmed with hotel directly,Doctor on Call|Multi Cuisine Restaurant,AROMA
Dapoli Camp,The standard check-in time is 12:00 PM and the standard check-out time is 10:00 AM. Early check-in or late check-out is strictly subjected to availability and may be chargeable by the hotel. Any early check-in or late check-out request must be directed and reconfirmed with hotel directly We do not allow unmarried / unrelated couples to check-in. This is at full discretion of the hotel management.  No refund would be applicable in case the checkin is denied under such circumstances,Doctor on Call|Parking Facilities Available|Front Desk|Power Backup|Gardens|Parking Facility|Room Service|Speciality Restaurant,Bahar Homestay
Calicut,"The standard check-in time is 12:00 PM and the standard check-out time is 12:00 PM. Early check-in or late check-out is strictly subjected to availability and may be chargeable by the hotel. Any early check-in or late check-out request must be directed and reconfirmed with hotel directly Hotel may charge compulsory gala dinner supplement on Christmas / New Year's eve or other festive periods. Any such supplements need to be paid directly at the hotel. It is mandatory for guests to present valid photo identification at the time of check-in. According to government regulations, a valid Photo ID has to be carried by every person above the age of 18 staying at the hotel. The identification proofs accepted are Driving License, Voter ID Card, and Passport. Without valid ID the guest will not be allowed to check-in.",Doctor on Call|Dry Cleaning|Lift / Elevator|Lobby|24 Hour Front Desk|Room Service,BEACH HOTEL
Goa,The standard check-in time is 10:00 AM and the standard check-out time is 10:00 AM. Early check-in or late check-out is strictly subjected to availability and may be chargeable by the hotel. Any early check-in or late check-out request must be directed and reconfirmed with hotel directly Children not free and will be charged Rs. 500 per head.,Doctor on Call|Internet Access - Surcharge|Parking Facilities Available,Arjun Villa
Guwahati,The standard check-in time is 10:00 AM and the standard check-out time is 10:00 AM. Early check-in or late check-out is strictly subjected to availability and may be chargeable by the hotel. Any early check-in or late check-out request must be directed and reconfirmed with hotel directly unmarried couple are not allowed.,Laundry Service Available|Lift / Elevator|Parking Facilities Available|Front Desk|Locker Facility|Power Backup|Multi Lingual Staff|Kitchen available (home cook food on request)|Vegetarian Food / Jain Food Available|Food Facility|Internet Access Free|Party hall|Outdoor Parking - Secured|Parking Facility|Room Service|Suites,Awesome Palace
Tiruvannamalai,"The standard check-in time is 12:00 PM and the standard check-out time is 12:00 PM. Early check-in or late check-out is strictly subjected to availability and may be chargeable by the hotel. Any early check-in or late check-out request must be directed and reconfirmed with hotel directly In keeping with our security procedures, we request all guests to carry a photo identity proof to present at check in.Foreign nationals are required to submit passport and valid visa. Our hotel is Non smoking Non alcoholic hotel.","Babysitting/ Child Care (surcharge)|Banquet Facilities|Currency Exchange|Doctor on Call|Dry Cleaning|Gift Shop |Laundry Service Available|Lift / Elevator|Lobby|Front Desk|Multi Cuisine Restaurant |Locker Facility|Non Smoking Hotel|Local Tour / Travel Desk|Valet service|Major Credit Cards Accepted|24 Hour Front Desk|Welcome Drinks|Power Backup|Multi Lingual Staff|Wake-up Call / Service|Access Via Exterior Corridors|Multi - Line Phone|Pick Up and Drop (Rly Station, Bus Stand, Temple)|Transfers Available|Extra Person / Child - Share the same room|Village Visit ( Chargeable )|Car Rental|Express Laundry|Meditation Room| Drivers Rest Room|Internet Access Free|Newspapers In Lobby|Room Service (24 Hours)|Party hall|RO Water Purification System|Parking Facility",Arpanaa Hotel
Hyderabad,The standard check-in time is 12:00 PM and the standard check-out time is 12:00 PM. Early check-in or late check-out is strictly subjected to availability and may be chargeable by the hotel. Any early check-in or late check-out request must be directed and reconfirmed with hotel directly,Laundry Service Available|Medical Assistance Available|Suitable For Children|Room Service,Athidhi Guest House
Mumbai,"The standard check-in time is 12:00 PM and the standard check-out time is 12:00 PM. Early check-in or late check-out is strictly subjected to availability and may be chargeable by the hotel. Any early check-in or late check-out request must be directed and reconfirmed with hotel directly Early checkin subject to availibiity,Unmarried couples are not allowed",Doctor on Call|Lobby|Front Desk|Local Tour / Travel Desk|24 Hour Front Desk|Power Backup|Internet Access Free|Newspapers In Lobby|Room Service (24 Hours)|Restaurant,Astoria Hotel
Rishikesh,"The standard check-in time is 12:00 PM and the standard check-out time is 12:00 PM. Early check-in or late check-out is strictly subjected to availability and may be chargeable by the hotel. Any early check-in or late check-out request must be directed and reconfirmed with hotel directly Booking rates will not be valid for Christmas and New year dates, High season and long weekend dates extra supplement will be charged over and above the paid rates as per actual and hotel discretion.",Airport Transfer Available / Surcharge|Currency Exchange|Doctor on Call|Internet Access - Surcharge|Laundry Service Available|Parking Facilities Available|Front Desk|Local Tour / Travel Desk|Major Credit Cards Accepted|24 Hour Front Desk|Luggage Storage|Medical Assistance Available|Power Backup|Express Check-In / Check-Out|Wake-up Call / Service|Suitable For Children|Smoking Rooms|Fax Machine|Kitchen available (home cook food on request)| Bike on Rent|Vegetarian Food / Jain Food Available|Car Rental|Taxi Services|Food Facility| Drivers Rest Room|Internet Access Free|Newspapers In Lobby|Postal / Parcel Services|Family Room|Room Service (24 Hours)|Air / Rail Booking|STD / ISD|Courier Service|Laptop Available on Hire|Internet / Fax (Reception area only)|Parking Facility|Internet Access|Room Service|Trekking|CCTV|First-Aid Kit at Front Desk|Full Time Operation for All 7 Days|Hotel Trading License|Paid Transfers|Stamps and Mailing Facility,Bhagirathi Palace
Gwalior,The standard check-in time is 02:00 PM and the standard check-out time is 12:00 PM. Early check-in or late check-out is strictly subjected to availability and may be chargeable by the hotel. Any early check-in or late check-out request must be directed and reconfirmed with hotel directly We do not allow unmarried / unrelated couples to checkin. This is at full discretion of the hotel management. No refund would be applicable in case the checkin is denied under such circumstances,Doctor on Call|Front Desk|24 Hour Front Desk|Parking Facility,Arihant Guest House.
Lucknow,The standard check-in time is 12:00 PM and the standard check-out time is 12:00 PM. Early check-in or late check-out is strictly subjected to availability and may be chargeable by the hotel. Any early check-in or late check-out request must be directed and reconfirmed with hotel directly 1. All guests requested to carry Valid ID proof for Check Inn. 2. Couple Guests with Local ID's are not allowed to check inn. 3. Cancellation and prepayment policies vary according to room type.,,Avadh INN
Ernakulam,The standard check-in time is 12:00 PM and the standard check-out time is 11:00 AM. Early check-in or late check-out is strictly subjected to availability and may be chargeable by the hotel. Any early check-in or late check-out request must be directed and reconfirmed with hotel directly Valid ID proof is required at the time of check in for all guests.,Laundry Service Available|Parking Facilities Available|Power Backup|Internet Access Free|Parking Facility,Athithi Homes
Alleppey,The standard check-in time is 12:00 PM and the standard check-out time is 09:00 AM. Early check-in or late check-out is strictly subjected to availability and may be chargeable by the hotel. Any early check-in or late check-out request must be directed and reconfirmed with hotel directly Right to Admission Reserved,Power Backup|Fire Safety,Bens Houseboats 4 Bed Room A/c DLX (2)
Goa,"The standard check-in time is 02:00 PM and the standard check-out time is 11:00 AM. Early check-in or late check-out is strictly subjected to availability and may be chargeable by the hotel. Any early check-in or late check-out request must be directed and reconfirmed with hotel directly AS PER GOVERNMENT DIRECTIVES IT IS MANDATORY FOR ALL GUEST TO SHOW THEIR PHOTO ID AT CHECK IN, WHICH CAN BE IN FORM OF PASSPORT AND VISA COPY/ DRIVING LICENSE/ VOTER ID CARD FAILING WHICH THE HOTEL RESERVES THE RIGHT OF REFUSAL.","Swimming Pool|Airport Transfer Available / Surcharge|Bar / Lounge |Currency Exchange|Doctor on Call|Laundry Service Available|Night Club|Non Smoking Rooms|Front Desk|Locker Facility|Major Credit Cards Accepted|Welcome Drinks|Power Backup|Gardens|Wake-up Call / Service|Pick Up and Drop (Rly Station, Bus Stand, Temple)|Smoking Area |Veranda|Open Air Restaurant / Dining | Bike on Rent|Car Rental|Taxi Services|Newspapers In Lobby|Baggage Room|Outdoor Parking - Secured|Parking Facility|Internet Access|Restaurant|Fire Safety",Antares Beach Resort
Jaipur,The standard check-in time is 02:00 PM and the standard check-out time is 12:00 PM. Early check-in or late check-out is strictly subjected to availability and may be chargeable by the hotel. Any early check-in or late check-out request must be directed and reconfirmed with hotel directly Children under the age of 15 years are not allowed in dormitories even if accompanied by parents.  Advance payment is mandatory. No pet policy.,Doctor on Call|Dry Cleaning|Games Zone|Laundry Service Available|Library|Lobby|Non Smoking Rooms|Parking Facilities Available|Front Desk|Locker Facility|Local Tour / Travel Desk|Major Credit Cards Accepted|24 Hour Front Desk|Power Backup|Audio - Visual Equipment|Wake-up Call / Service|Coffee Shop / Cafe|Smoking Rooms|Veranda| Bike on Rent|Car Rental|Express Laundry|Food Facility|Internet Access Free|Newspapers In Lobby|Family Room|RO Water Purification System|Outdoor Parking - Secured|Parking Facility|Internet Access|Recreation Zone,Backpacker Panda Jaipur
Noida,"The standard check-in time is 12:00 PM and the standard check-out time is 12:00 PM. Early check-in or late check-out is strictly subjected to availability and may be chargeable by the hotel. Any early check-in or late check-out request must be directed and reconfirmed with hotel directly Unmarried Couples (Fiancee, Girlfriend) are not allowed. Guest with local id proofs won't be entertained..  24 hours check in available.  Photo ID Proof of each and every person is mandatory at the time of check in.",Laundry Service Available|Parking Facilities Available|Front Desk|Locker Facility|24 Hour Front Desk|Medical Assistance Available|Welcome Drinks|Power Backup|Suitable For Children|Car Rental|Food Facility|Internet Access Free|Newspapers In Lobby|Room Service (24 Hours)|Outdoor Parking - Secured|Parking Facility|Room Service|Full Time Operation for All 7 Days|Security at All Hotel Entrances,Avasa Hotel
Kanha,The standard check-in time is 12:00 PM and the standard check-out time is 12:00 PM. Early check-in or late check-out is strictly subjected to availability and may be chargeable by the hotel. Any early check-in or late check-out request must be directed and reconfirmed with hotel directly Check in time and check out time is 12 Noon .,,Bagh Tola Kanha
Munnar,The standard check-in time is 12:00 PM and the standard check-out time is 12:00 PM. Early check-in or late check-out is strictly subjected to availability and may be chargeable by the hotel. Any early check-in or late check-out request must be directed and reconfirmed with hotel directly We do not allow unmarried / unrelated couples to checkin. This is at full discretion of the hotel management. No refund would be applicable in case the checkin is denied under such circumstances,Doctor on Call|Lobby|Local Tour / Travel Desk|Major Credit Cards Accepted|24 Hour Front Desk|Luggage Storage|Medical Assistance Available|Air-Conditioning - Central|Power Backup|Room Service (24 Hours)|First-Aid Kit at Front Desk,ANNAS HOMESTAY
Alleppey,The standard check-in time is 12:00 PM and the standard check-out time is 09:00 AM. Early check-in or late check-out is strictly subjected to availability and may be chargeable by the hotel. Any early check-in or late check-out request must be directed and reconfirmed with hotel directly,Doctor on Call,Antonys Eco Houseboat
Udaipur,The standard check-in time is 01:00 PM and the standard check-out time is 10:00 AM. Early check-in or late check-out is strictly subjected to availability and may be chargeable by the hotel. Any early check-in or late check-out request must be directed and reconfirmed with hotel directly *There is a mandatory gala dinner charges on 31st Dec15 which is directly payable to the hotel by guest at the time of check in: New year: Rs2500 plus taxes/person :-delay in check out will be on 50% chargeable basis (on the basis of availability).,Swimming Pool|Bar / Lounge |Doctor on Call|Laundry Service Available|Lobby|Front Desk|Multi Cuisine Restaurant |Local Tour / Travel Desk|24 Hour Front Desk|Power Backup|Gardens|Internet Access Free|Room Service (24 Hours)|Outdoor Parking - Secured|Parking Facility,Araliayas Resort
Bangalore,The standard check-in time is 02:00 PM and the standard check-out time is 12:00 PM. Early check-in or late check-out is strictly subjected to availability and may be chargeable by the hotel. Any early check-in or late check-out request must be directed and reconfirmed with hotel directly We do not allow unmarried / unrelated couples to checkin. This is at full discretion of the hotel management. No refund would be applicable in case the checkin is denied under such circumstances,Doctor on Call|Laundry Service Available|Lobby|Front Desk|Parking Facility,Bhagini Residency
Faizabad,The standard check-in time is 12:00 PM and the standard check-out time is 12:00 PM. Early check-in or late check-out is strictly subjected to availability and may be chargeable by the hotel. Any early check-in or late check-out request must be directed and reconfirmed with hotel directly,Business Center |Doctor on Call|Health Club / Gym Facility Available|Laundry Service Available|Lobby|Parking Facilities Available|Front Desk|Power Backup|Karaoke |Internet Access Free|Outdoor Parking - Secured|Parking Facility|Room Service|Suites,AP House
Bangalore,The standard check-in time is 02:00 PM and the standard check-out time is 12:00 PM. Early check-in or late check-out is strictly subjected to availability and may be chargeable by the hotel. Any early check-in or late check-out request must be directed and reconfirmed with hotel directly We do not allow unmarried / unrelated couples to checkin. This is at full discretion of the hotel management. No refund would be applicable in case the checkin is denied under such circumstances,Doctor on Call|Parking Facilities Available|Power Backup|Fire Safety|Fire Exit Signs|First-Aid Kit at Front Desk,Aura Foothills
Munnar,,Swimming Pool|Airport Transfer Available / Surcharge|Banquet Facilities|Bar / Lounge |Business Center |Disabled Friendly Facilities |Doctor on Call|Dry Cleaning|Laundry Service Available|Lobby|Non Smoking Rooms|Parking Facilities Available|Front Desk|Multi Cuisine Restaurant |24 Hour Front Desk|Luggage Storage|Medical Assistance Available|Welcome Drinks|Power Backup|Conference Facility |Free Local Calls|Picnic Area|Nature Walk|Express Laundry|Taxi Services|Newspapers In Lobby|Room Service (24 Hours)| Cook Services|Party hall|Parking Facility,Ayur County
Goa,The standard check-in time is 12:00 PM and the standard check-out time is 10:00 AM. Early check-in or late check-out is strictly subjected to availability and may be chargeable by the hotel. Any early check-in or late check-out request must be directed and reconfirmed with hotel directly Photo identity is mandatory for all the guest who crossed their minority Pan card is not valid as photo identity pets not allowed Swimming costumes is mandatory for entering swimming pool,Swimming Pool|Parking Facilities Available|Power Backup|Internet Access Free|Outdoor Parking - Secured|Parking Facility|Room Service|Suites,Bay Luxe
Rohtak,The standard check-in time is 12:00 PM and the standard check-out time is 12:00 PM. Early check-in or late check-out is strictly subjected to availability and may be chargeable by the hotel. Any early check-in or late check-out request must be directed and reconfirmed with hotel directly We do not allow unmarried / unrelated couples to checkin. This is at full discretion of the hotel management. No refund would be applicable in case the checkin is denied under such circumstances,Doctor on Call|Parking Facilities Available|Power Backup|Parking Facility,Basera Guest House
Mandarmani,The standard check-in time is 12:00 PM and the standard check-out time is 11:00 AM. Early check-in or late check-out is strictly subjected to availability and may be chargeable by the hotel. Any early check-in or late check-out request must be directed and reconfirmed with hotel directly,Doctor on Call,Arya Beach Resort Mandarmani
Raigad,The standard check-in time is 02:00 PM and the standard check-out time is 12:00 PM. Early check-in or late check-out is strictly subjected to availability and may be chargeable by the hotel. Any early check-in or late check-out request must be directed and reconfirmed with hotel directly We do not allow unmarried / unrelated couples to checkin. This is at full discretion of the hotel management. No refund would be applicable in case the checkin is denied under such circumstances,Doctor on Call|Dry Cleaning|Parking Facilities Available|Front Desk|24 Hour Front Desk|Internet Access Free|Newspapers In Lobby|Room Service (24 Hours)|Parking Facility|Internet Access|Room Service|Fire Safety|CCTV|Public Restrooms,Antiguo Alibaug
Munnar,"The standard check-in time is 12:00 PM and the standard check-out time is 11:00 AM. Early check-in or late check-out is strictly subjected to availability and may be chargeable by the hotel. Any early check-in or late check-out request must be directed and reconfirmed with hotel directly **** Supplement Charges to be paid directly at the hotel at the time of Check in **** Mandatory Peak Season  hike of Rs.1000 per room applicable on room rates on and (18th Oct to 5th Nov) and (Dec 20 - Jan 5),paid directly to the hotel Mandatory Christmas and  New year Gala Dinner supplementary  charge of Rs. 1250 per head in Dec 24th and Dec 31st,Paid directly to the hotel  Hotel may charge compulsory gala dinner supplement on Christmas / New Year's eve or other festive periods. Any such supplements need to be paid directly at the hotel. Compulsory Charges to be Paid !! There will be season hike for Oct/Nov/Dec Rs.1000 per Room/Per night will be payable directly at the hotel at the  time of check-in",Banquet Facilities|Business Center |Doctor on Call|Laundry Service Available|Lift / Elevator|Lobby|Parking Facilities Available|Front Desk|Multi Cuisine Restaurant |Local Tour / Travel Desk|Major Credit Cards Accepted|24 Hour Front Desk|Luggage Storage|Power Backup|Multi Lingual Staff|Conference Facility |Express Laundry|Food Facility|Newspapers In Lobby|Baggage Room|Parking Facility,Bellmount Resorts
Chikmagalur,"The standard check-in time is 12:00 PM and the standard check-out time is 12:00 PM. Early check-in or late check-out is strictly subjected to availability and may be chargeable by the hotel. Any early check-in or late check-out request must be directed and reconfirmed with hotel directly Booking rates will not be valid for Christmas and New year dates, High season and long weekend dates extra supplement will be charged over and above the paid rates as per actual and hotel discretion. Rights of Admission reserved.",Doctor on Call|Gardens|Nature Walk|Veranda|Transfers Available|Village Visit ( Chargeable )|Taxi Services|Newspapers In Lobby|Guide / Sightseeing Service|Outdoor Parking - Secured|Parking Facility,Bean Stalk Bagmane Homestay
Kolkata,The standard check-in time is 12:00 PM and the standard check-out time is 12:00 PM. Early check-in or late check-out is strictly subjected to availability and may be chargeable by the hotel. Any early check-in or late check-out request must be directed and reconfirmed with hotel directly Guests must report any loss of or damage to their property immediately,Laundry Service Available|Front Desk|Luggage Storage|Power Backup|Wake-up Call / Service|Parking Facility|Internet Access|Room Service,"Banayan Appartment ,Russell Street"
Manali,The standard check-in time is 12:00 PM and the standard check-out time is 11:00 AM. Early check-in or late check-out is strictly subjected to availability and may be chargeable by the hotel. Any early check-in or late check-out request must be directed and reconfirmed with hotel directly Government id   cards are mandatory during the time of check in.,Doctor on Call|Laundry Service Available|Parking Facilities Available|Front Desk|24 Hour Front Desk|Gardens|Smoking Area |Transfers Available|Internet Access Free|Outdoor Parking - Secured|Parking Facility|Room Service,Baragarh Villa
Manali,The standard check-in time is 12:00 PM and the standard check-out time is 11:00 AM. Early check-in or late check-out is strictly subjected to availability and may be chargeable by the hotel. Any early check-in or late check-out request must be directed and reconfirmed with hotel directly guest house respects the privacy of all its customer and business partners. Arrival and Departure policy as below :-  Check in 1200 and Check out 1100 Hours  Early in Check and Late Check out Subjected to availability.,Parking Facilities Available|Front Desk|Medical Assistance Available|Nature Walk|Food Facility|Parking Facility|Room Service,BAZIRA COTTAGES
Varkala,"The standard check-in time is 11:00 AM and the standard check-out time is 10:00 AM. Early check-in or late check-out is strictly subjected to availability and may be chargeable by the hotel. Any early check-in or late check-out request must be directed and reconfirmed with hotel directly 1.No-show, No Refund. 2.If You cancel your Hotel booking on or within 3 days of Check-In date,Cancellation charges will be 100 Percent Cost. 3.If You cancel your Hotel booking before 4 days of check in or any day before that 50 % retention",Laundry Service Available|Parking Facilities Available|Front Desk|Locker Facility|Welcome Drinks|Gardens|Boating|Nature Walk| Bike on Rent|Shopping Drop Facility (on fixed timings)|Internet Access Free|Newspapers In Lobby|Spa Services Nearby|Outdoor Parking - Secured|Parking Facility,Ayushi Ayurvedi Retreat
Thrissur,The standard check-in time is 12:00 PM and the standard check-out time is 12:00 PM. Early check-in or late check-out is strictly subjected to availability and may be chargeable by the hotel. Any early check-in or late check-out request must be directed and reconfirmed with hotel directly We do not allow unmarried / unrelated couples to checkin. This is at full discretion of the hotel management. No refund would be applicable in case the checkin is denied under such circumstances,Doctor on Call|Parking Facilities Available|Front Desk|Medical Assistance Available|Public Restrooms,AVANTHIKA HOMESTAY
Kodaikanal,"The standard check-in time is 10:00 AM and the standard check-out time is 10:00 AM. Early check-in or late check-out is strictly subjected to availability and may be chargeable by the hotel. Any early check-in or late check-out request must be directed and reconfirmed with hotel directly Booking rates will not be valid for Christmas and New year dates, High season and long weekend dates , extra supplement will be charged over and above the paid rates as per actual and hotel discretion",Doctor on Call|Lobby|Parking Facilities Available|Front Desk|Major Credit Cards Accepted|24 Hour Front Desk|Medical Assistance Available|Power Backup|Vegetarian Food / Jain Food Available|Village Visit ( Chargeable )|Car Rental|Newspapers In Lobby|Guide / Sightseeing Service|Outdoor Parking - Secured|Restaurant|Room Service|CCTV|Porter Services Available|Security at All Hotel Entrances,ASTORIA VEG
Malwan,The standard check-in time is 12:00 PM and the standard check-out time is 10:00 AM. Early check-in or late check-out is strictly subjected to availability and may be chargeable by the hotel. Any early check-in or late check-out request must be directed and reconfirmed with hotel directly We do not allow unmarried / unrelated couples to check-in. This is at full discretion of the hotel management.  No refund would be applicable in case the checkin is denied under such circumstances,Doctor on Call|Lobby|Front Desk|Local Tour / Travel Desk|Major Credit Cards Accepted|24 Hour Front Desk|Luggage Storage|Medical Assistance Available|Power Backup|Parking Facility|Room Service,Arvind Niwas
Chennai,"The standard check-in time is 12:00 PM and the standard check-out time is 12:00 PM. Early check-in or late check-out is strictly subjected to availability and may be chargeable by the hotel. Any early check-in or late check-out request must be directed and reconfirmed with hotel directly  NOTE: Valid govt. issued PHOTO ID DRIVING LICENCE, PASSPORT, VOTER ID IS MANDATORY AT THE TIME OF CHECK IN AT THE HOTEL. Any early check-in or late check-out request must be directed and reconfirmed with hotel directly.",Air-Conditioning - Central|Internet Access Free|Room Service (24 Hours),Balaji Residency
Lucknow,"The standard check-in time is 12:00 PM and the standard check-out time is 12:00 PM. Early check-in or late check-out is strictly subjected to availability and may be chargeable by the hotel. Any early check-in or late check-out request must be directed and reconfirmed with hotel directly * All guests need to produce their valid photo and address ID proof at the time of check-in, without ID proof hotel will not allow check-in. Kindly note that PAN Card is not accepted as a proof of address. *Unmarried couples are not allowed .",Doctor on Call|Parking Facilities Available|Front Desk|Power Backup|Outdoor Parking - Secured|Parking Facility|Room Service,Aryan Hotel
Alleppey,"The standard check-in time is 12:00 PM and the standard check-out time is 09:00 AM. Early check-in or late check-out is strictly subjected to availability and may be chargeable by the hotel. Any early check-in or late check-out request must be directed and reconfirmed with hotel directly Booking rates will not be valid for Christmas and New year dates, High season and long weekend dates, extra supplement will be charged over and above the paid rates as per actual and hotel discretion.",Power Backup|Fire Safety,Bens Houseboats 2 Bed Room A/c DLX (2)
Indore,The standard check-in time is 12:00 PM and the standard check-out time is 10:00 AM. Early check-in or late check-out is strictly subjected to availability and may be chargeable by the hotel. Any early check-in or late check-out request must be directed and reconfirmed with hotel directly According to the Hotel Policy only marriage couples are allowed with valid ID Proof in Best Western Plus O2. Local I.D.'s are not acceptable. Unmarried Couples are not allowed. Pan Card is not considered as Valid I.D. Proof.,Swimming Pool|Bar / Lounge |Business Center |Currency Exchange|Laundry Service Available|Lift / Elevator|Lobby|Parking Facilities Available|Front Desk|Multi Cuisine Restaurant |Locker Facility|Secretarial Services|24 Hour Front Desk|Medical Assistance Available|Welcome Drinks|Power Backup|Conference Facility |Fax Machine|Board Room|Internet Access Free|Newspapers In Lobby|Room Service (24 Hours)|Outdoor Parking - Secured|Parking Facility,Best Western Plus O2
Chennai,The standard check-in time is 12:00 PM and the standard check-out time is 12:00 PM. Early check-in or late check-out is strictly subjected to availability and may be chargeable by the hotel. Any early check-in or late check-out request must be directed and reconfirmed with hotel directly,Doctor on Call|Laundry Service Available|Multi Cuisine Restaurant |Air-Conditioning - Central|Coffee Shop / Cafe|Open Air Restaurant / Dining |Room Service (24 Hours),Aspni Inn
Sawai Madhopur,The standard check-in time is 02:00 PM and the standard check-out time is 12:00 PM. Early check-in or late check-out is strictly subjected to availability and may be chargeable by the hotel. Any early check-in or late check-out request must be directed and reconfirmed with hotel directly No Pets allowed,Swimming Pool|Bar / Lounge |Business Center |Internet Access - Surcharge|Laundry Service Available|Lift / Elevator|Parking Facilities Available|Front Desk|Multi Cuisine Restaurant |Locker Facility|Power Backup|Gardens|Transfers Available|Internet Access Free|Room Service (24 Hours)|Outdoor Parking - Secured|Parking Facility|Room Service|Porter Services Available|Public Restrooms|Speciality Restaurant |Suites,"Anuraga Palace, Treehouse Palace Hotel"
Wayanad,The standard check-in time is 10:00 AM and the standard check-out time is 12:00 PM. Early check-in or late check-out is strictly subjected to availability and may be chargeable by the hotel. Any early check-in or late check-out request must be directed and reconfirmed with hotel directly,Parking Facilities Available|Front Desk|Locker Facility|Power Backup|Room Service (24 Hours),ASHTAMI RESORT
Varanasi,The standard check-in time is 12:00 PM and the standard check-out time is 12:00 PM. Early check-in or late check-out is strictly subjected to availability and may be chargeable by the hotel. Any early check-in or late check-out request must be directed and reconfirmed with hotel directly The standard check-in time is 12:00 PM and the standard check-out time is 12:00 PM. Early check-in or late check-out is strictly subjected to availability and may be chargeable by the hotel.,Doctor on Call|Front Desk,Azure Guest House
Coimbatore,The standard check-in time is 12:00 PM and the standard check-out time is 12:00 PM. Early check-in or late check-out is strictly subjected to availability and may be chargeable by the hotel. Any early check-in or late check-out request must be directed and reconfirmed with hotel directly We do not allow unmarried / unrelated couples to checkin. This is at full discretion of the hotel management. No refund would be applicable in case the checkin is denied under such circumstances),Doctor on Call|Local Tour / Travel Desk|Doorman|Power Backup|Porter / Bellhop|Transfers Available|Extra Person / Child - Share the same room|Family Room|Outdoor Parking - Secured|Room Service|Fire Safety|Fire Exit Signs|First-Aid Kit at Front Desk,Arul Nakshatra Service Apartment
Chennai,"The standard check-in time is 12:01 AM and the standard check-out time is 11:59 PM. Early check-in or late check-out is strictly subjected to availability and may be chargeable by the hotel. Any early check-in or late check-out request must be directed and reconfirmed with hotel directly Booking rates will not be valid for Christmas  New year dates, High season  long weekend dates  extra supplement will be charged over  above the paid rates as per actual  hotel discretion.",Doctor on Call|Power Backup|Wake-up Call / Service|Nature Walk|Veranda|Parking Facility|Room Service,BAVA LODGE
Hyderabad,The standard check-in time is 12:00 PM and the standard check-out time is 12:00 PM. Early check-in or late check-out is strictly subjected to availability and may be chargeable by the hotel. Any early check-in or late check-out request must be directed and reconfirmed with hotel directly Hotel may charge compulsory gala dinner supplement on Christmas / New Year's eve or other festive periods. Any such supplements need to be paid directly at the hotel. Hotel Policy:  Bookings are Non Amendable and Non Refundable,Swimming Pool|Banquet Facilities|Bar / Lounge |Currency Exchange|Doctor on Call|Dry Cleaning|Health Club / Gym Facility Available|Parking Facilities Available|Multi Cuisine Restaurant |Locker Facility|Secretarial Services|Local Tour / Travel Desk|Major Credit Cards Accepted|Conference Facility |Spa Services Nearby,Avasa Hotel
Mumbai,The standard check-in time is 02:00 PM and the standard check-out time is 12:00 PM. Early check-in or late check-out is strictly subjected to availability and may be chargeable by the hotel. Any early check-in or late check-out request must be directed and reconfirmed with hotel directly,Laundry Service Available|Parking Facilities Available|Front Desk,"Arista Service Apartments,Andheri"
Jaipur,The standard check-in time is 12:00 PM and the standard check-out time is 12:00 PM. Early check-in or late check-out is strictly subjected to availability and may be chargeable by the hotel. Any early check-in or late check-out request must be directed and reconfirmed with hotel directly Hotel may charge gala dinner supplement on Christmas/New Years eve or other festive periods. Which needs to be paid directly at the hotel.As per the govt. guidelines valid govt. issued id proofs are required to be presented at the Time of C/in.,Business Center |Internet Access - Surcharge|Laundry Service Available|Lobby|Parking Facilities Available|Front Desk|Multi Cuisine Restaurant |Local Tour / Travel Desk|Car Rental|Guide / Sightseeing Service,Chit Chat Palace
Goa,The standard check-in time is 12:00 PM and the standard check-out time is 10:00 AM. Early check-in or late check-out is strictly subjected to availability and may be chargeable by the hotel. Any early check-in or late check-out request must be directed and reconfirmed with hotel directly We expect guests to be quiet and civilised in all public areas of the resort.  Refrain from playing loud music at night.  Free Breakfast is limited as per Hotel Menu and would be served at the room. WIFI is chargeable,Swimming Pool|Bar / Lounge |Internet Access - Surcharge|Parking Facilities Available|Multi Cuisine Restaurant |Gardens|Outdoor Parking - Secured|Parking Facility|Room Service,Calangute Alcove Luxury Apartment
Kolhapur,The standard check-in time is 12:00 PM and the standard check-out time is 12:00 PM. Early check-in or late check-out is strictly subjected to availability and may be chargeable by the hotel. Any early check-in or late check-out request must be directed and reconfirmed with hotel directly The standard check-in time is 12:00 PM and the standard check-out time is 12:00 PM. Early check-in or late check-out is strictly subject to availability and may be chargeable by the hotel Child Tariff and Policy - 0-6 years without bed complimentary,Laundry Service Available|Parking Facilities Available|Front Desk|Parking Facility|Room Service,Chalukya Deluxe
Goa,The standard check-in time is 11:00 AM and the standard check-out time is 10:00 AM. Early check-in or late check-out is strictly subjected to availability and may be chargeable by the hotel. Any early check-in or late check-out request must be directed and reconfirmed with hotel directly mandatory photo identity for all the guest who crossed their minority Pancard is not valid as photo identity Pets not allowed,Laundry Service Available|Locker Facility|Gardens|Internet Access Free|Parking Facility|Room Service|Public Restrooms,Brisa Do Mar
Gurgaon,The standard check-in time is 12:00 PM and the standard check-out time is 12:00 PM. Early check-in or late check-out is strictly subjected to availability and may be chargeable by the hotel. Any early check-in or late check-out request must be directed and reconfirmed with hotel directly 1. Any supplements need to be paid directly at the hotel. 2. All guests requested to carry Valid ID proof. 3. Couple Guests with Local ID's are not allowed. 4. Children under 5 years stay free of charge when using existing beds.,Airport Transfer Available / Surcharge|Doctor on Call|Dry Cleaning|Internet Access - Surcharge|Laundry Service Available|Parking Facilities Available|Front Desk|Locker Facility|Major Credit Cards Accepted|24 Hour Front Desk|Luggage Storage|Medical Assistance Available|Welcome Drinks|Power Backup|Exhibit Space|Wake-up Call / Service|Smoking Rooms|Car Rental|Express Laundry|Taxi Services|Internet Access Free|Newspapers In Lobby|Family Room|Room Service (24 Hours)|Air / Rail Booking|STD / ISD|Baggage Room|Courier Service|Parking Facility,Blooms 1
Aritar,The standard check-in time is 12:00 PM and the standard check-out time is 12:00 PM. Early check-in or late check-out is strictly subjected to availability and may be chargeable by the hotel. Any early check-in or late check-out request must be directed and reconfirmed with hotel directly,Doctor on Call,Bokhim Village Resort
Dharwad,The standard check-in time is 02:00 PM and the standard check-out time is 12:00 PM. Early check-in or late check-out is strictly subjected to availability and may be chargeable by the hotel. Any early check-in or late check-out request must be directed and reconfirmed with hotel directly,,Brindavan Lodge
Bangalore,The standard check-in time is 12:00 PM and the standard check-out time is 12:00 PM. Early check-in or late check-out is strictly subjected to availability and may be chargeable by the hotel. Any early check-in or late check-out request must be directed and reconfirmed with hotel directly Check-In Check-out 24 Hours Should Submit Single ID proof at the time of check-in,Airport Transfer Available / Surcharge|Beauty Salon - on charge|Business Center |Currency Exchange|Doctor on Call|Dry Cleaning|Laundry Service Available|Lobby|Parking Facilities Available|Front Desk|Multi Cuisine Restaurant |Locker Facility|Secretarial Services|Non Smoking Hotel|Local Tour / Travel Desk|Major Credit Cards Accepted|24 Hour Front Desk|Luggage Storage|Doorman|Power Backup|Express Check-In / Check-Out|Translation Services|Wake-up Call / Service|Separate Sitting Area|Access Via Exterior Corridors|ATM / Banking|Fax Machine|Transfers Available|Extra Person / Child - Share the same room|Car Rental|Express Laundry|Taxi Services|City Shuttle Service| Drivers Rest Room|Internet Access Free|Postal / Parcel Services|Room Service (24 Hours)|Voicemail|Air / Rail Booking|Baggage Room|Courier Service|Guide / Sightseeing Service|Adjoining Rooms|Courtesy Coach|RO Water Purification System|Outdoor Parking - Secured|Parking Facility|Internet Access|Room Service|Porter Services Available|Public Restrooms,Brahma Inn Executive Rooms
Bhiwadi,The standard check-in time is 12:00 PM and the standard check-out time is 11:00 AM. Early check-in or late check-out is strictly subjected to availability and may be chargeable by the hotel. Any early check-in or late check-out request must be directed and reconfirmed with hotel directly Hotel may charge gala dinner supplement on Christmas/New Years eve or other festive periods. Which needs to be paid directly at the hotel.As per the govt. guidelines valid govt. issued id proofs are required to be presented at the Time of C/in.,Barbecue Area|Doctor on Call|Dry Cleaning|Laundry Service Available|Parking Facilities Available|Locker Facility|Luggage Storage|Medical Assistance Available|Power Backup|Gardens|Wake-up Call / Service|Suitable For Children|Separate Sitting Area|Smoking Area |Veranda|In House Events |Extra Person / Child - Share the same room|Car Rental|Water Dispenser Available|Taxi Services| Drivers Rest Room|Internet Access Free|Room Service (24 Hours)|Baggage Room|RO Water Purification System|Outdoor Parking - Secured|Parking Facility,Blue Lemon Apartment Hotel
Baleshwar,The standard check-in time is 12:00 PM and the standard check-out time is 12:00 PM. Early check-in or late check-out is strictly subjected to availability and may be chargeable by the hotel. Any early check-in or late check-out request must be directed and reconfirmed with hotel directly We do not allow unmarried / unrelated couples to checkin.  This is at full discretion of the hotel management. No refund would be applicable in case the checkin is denied under such circumstances,Doctor on Call|Parking Facilities Available|Front Desk|Power Backup|Wake-up Call / Service|Baggage Room|Adjoining Rooms|RO Water Purification System|Outdoor Parking - Secured|Parking Facility|Room Service|Fire Safety|Anti-Slip Ramps|First-Aid Kit at Front Desk,CHANDIPUR HOTEL
Mahabaleshwar,The standard check-in time is 12:00 PM and the standard check-out time is 12:00 PM. Early check-in or late check-out is strictly subjected to availability and may be chargeable by the hotel. Any early check-in or late check-out request must be directed and reconfirmed with hotel directly We do not allow unmarried / unrelated couples to checkin. This is at full discretion of the hotel management. No refund would be applicable in case the checkin is denied under such circumstances,Doctor on Call|Front Desk|Parking Facility|Room Service|Public Restrooms,Breeze Inn Bungalow
Pune,The standard check-in time is 12:00 PM and the standard check-out time is 12:00 PM. Early check-in or late check-out is strictly subjected to availability and may be chargeable by the hotel. Any early check-in or late check-out request must be directed and reconfirmed with hotel directly ID cards are mandatory during the time check in.,Laundry Service Available|Lift / Elevator|Lobby|Power Backup|Smoking Rooms|Kitchen available (home cook food on request)|Food Facility|Internet Access Free|Newspapers In Lobby|Room Service (24 Hours)| Cook Services|Outdoor Parking - Secured,Bluebell Hospitality Services
Ghaziabad,The standard check-in time is 02:00 PM and the standard check-out time is 12:00 PM. Early check-in or late check-out is strictly subjected to availability and may be chargeable by the hotel. Any early check-in or late check-out request must be directed and reconfirmed with hotel directly We do not allow unmarried / unrelated couples to checkin. This is at full discretion of the hotel management. No refund would be applicable in case the checkin is denied under such circumstances.,Doctor on Call|Parking Facilities Available|Front Desk|Room Service|Public Restrooms,Bharat Guest House
Baijnath,The standard check-in time is 02:00 PM and the standard check-out time is 11:00 AM. Early check-in or late check-out is strictly subjected to availability and may be chargeable by the hotel. Any early check-in or late check-out request must be directed and reconfirmed with hotel directly We do not allow unmarried / unrelated couples to checkin. This is at full discretion of the hotel management. No refund would be applicable in case the checkin is denied under such circumstances,Welcome Drinks|Gardens|Transfers Available|Car Rental| Cook Services|Air / Rail Booking|Outdoor Parking - Secured|Parking Facility|Room Service|Fire Exit Signs|Porter Services Available|Public Restrooms|Suites,"Camp Oak View, Bir"
Gurgaon,The standard check-in time is 12:00 PM and the standard check-out time is 12:00 PM. Early check-in or late check-out is strictly subjected to availability and may be chargeable by the hotel. Any early check-in or late check-out request must be directed and reconfirmed with hotel directly Accommodation can be denied to guests posing as a couple if suitable proof of identification is not presented at check-in.  The hotel reserves the right of admission for local residents.,Banquet Facilities|Business Center |Doctor on Call|Dry Cleaning|Laundry Service Available|Lift / Elevator|Lobby|Front Desk|Multi Cuisine Restaurant |Locker Facility|Secretarial Services|Welcome Drinks|Power Backup|Audio - Visual Equipment|Conference Facility |Board Room|Internet Access Free|Newspapers In Lobby|Adjoining Rooms|Internet Access,Callista Inn Golf Course Road
Bangalore,"The standard check-in time is 02:00 PM and the standard check-out time is 12:00 PM. Early check-in or late check-out is strictly subjected to availability and may be chargeable by the hotel. Any early check-in or late check-out request must be directed and reconfirmed with hotel directly Booking rates will not be valid for Christmas and New year dates, High season and long weekend dates , extra supplement will be charged over and above the paid rates as per actual and hotel discretion",Doctor on Call|Lobby|Non Smoking Rooms|Parking Facilities Available|Front Desk|24 Hour Front Desk|Medical Assistance Available|Water Dispenser Available|Food Facility|Family Room|Room Service (24 Hours)|Outdoor Parking - Secured|Parking Facility|Internet Access,Chalet Diamond Penthouse
Chennai,"The standard check-in time is 12:00 PM and the standard check-out time is 11:00 AM. Early check-in or late check-out is strictly subjected to availability and may be chargeable by the hotel. Any early check-in or late check-out request must be directed and reconfirmed with hotel directly NOTE: Valid govt. issued PHOTO ID DRIVING LICENCE, PASSPORT, VOTER ID IS MANDATORY AT THE TIME OF CHECK IN AT THE HOTEL. Any early check-in or late check-out request must be directed and reconfirmed with hotel directly",,Chennai Stays (Guindy)
Jaisalmer,"The standard check-in time is 02:00 PM and the standard check-out time is 12:00 PM. Early check-in or late check-out is strictly subjected to availability and may be chargeable by the hotel. Any early check-in or late check-out request must be directed and reconfirmed with hotel directly Hotel may charge compulsory supplement on Christmas,New Years eve and other festive periods. Any such supplements need to be paid at the hotel.As per the govt. guidelines valid govt. issued id proofs are required to be presented on C/in.",Swimming Pool|Airport Transfer Available / Surcharge|Banquet Facilities|Bar / Lounge |Billiards|Business Center |Concierge|Currency Exchange|Disabled Friendly Facilities |Doctor on Call|Dry Cleaning|Games Zone|Health Club / Gym Facility Available|Internet Access - Surcharge|Laundry Service Available|Library|Lobby|Non Smoking Rooms|Parking Facilities Available|Front Desk|Multi Cuisine Restaurant |Non Smoking Hotel|Spa On Site - Chargeable|Table Tennis|Major Credit Cards Accepted|24 Hour Front Desk|Luggage Storage|Medical Assistance Available|Air-Conditioning - Central|Power Backup|Express Check-In / Check-Out|Gardens|Audio - Visual Equipment|Wedding Services Facility|Wake-up Call / Service|Fitness Equipment|Suitable For Children|Coffee Shop / Cafe|Smoking Rooms|Jacuzzi|Wheelchair Accessibility - Room|Pool Table|Massage Services |Discotheque |Car Rental|Express Laundry|Kids Play Zone|Internet Access Free|Children's Park|Postal / Parcel Services|Family Room|Room Service (24 Hours)|Party hall|Air / Rail Booking|Baggage Room|Guide / Sightseeing Service|Parking Facility|Full Time Operation for All 7 Days|Hotel Trading License|Public Restrooms|Security at All Hotel Entrances|Suites,BRYS Fort
Gurgaon,The standard check-in time is 02:00 PM and the standard check-out time is 12:00 PM. Early check-in or late check-out is strictly subjected to availability and may be chargeable by the hotel. Any early check-in or late check-out request must be directed and reconfirmed with hotel directly Valid ID proof is required at the time of check in for all guests.,Doctor on Call|Parking Facilities Available|Outdoor Parking - Secured|Parking Facility|Public Restrooms,Citi Hotel &amp; Suites Jharsa
Jaisalmer,"The standard check-in time is 02:00 PM and the standard check-out time is 12:00 PM. Early check-in or late check-out is strictly subjected to availability and may be chargeable by the hotel. Any early check-in or late check-out request must be directed and reconfirmed with hotel directly it is mandatory  to carry  booking vouchers at the time of check in , in case guest fails to  produce requisite voucher  he/she  will not to allowed  check in and if  he wants to check in ,it will be done on direct on the BAR Rates. Hotel may charge compulsory gala dinner supplement on Christmas / New Year's eve or other festive periods. Any such supplements need to be paid directly at the hotel.",Banquet Facilities|Business Center |Currency Exchange|Doctor on Call|Health Club / Gym Facility Available|Laundry Service Available|Front Desk|Spa On Site - Chargeable|Local Tour / Travel Desk,Chokhi Dhani - The Palace Hotel
Shahtalai,The standard check-in time is 12:00 PM and the standard check-out time is 12:00 PM. Early check-in or late check-out is strictly subjected to availability and may be chargeable by the hotel. Any early check-in or late check-out request must be directed and reconfirmed with hotel directly We do not allow unmarried / unrelated couples to checkin. This is at full discretion of the hotel management. No refund would be applicable in case the checkin is denied under such circumstances,"Doctor on Call|Laundry Service Available|Parking Facilities Available|Locker Facility|Wake-up Call / Service|ATM / Banking|Pick Up and Drop (Rly Station, Bus Stand, Temple)|Food Facility|Newspapers In Lobby|Room Service (24 Hours)|Courier Service|Fire Safety|First-Aid Kit at Front Desk|Public Restrooms",Chadda Guest House
Jaisalmer,The standard check-in time is 12:00 PM and the standard check-out time is 10:00 AM. Early check-in or late check-out is strictly subjected to availability and may be chargeable by the hotel. Any early check-in or late check-out request must be directed and reconfirmed with hotel directly Check IN 12:00  Check out 10:00 Complimentary Pick and Drop from Railway Station and Bus Depot.,Business Center |Doctor on Call|Laundry Service Available|Lobby|Parking Facilities Available|Front Desk|Multi Cuisine Restaurant |Locker Facility|Local Tour / Travel Desk|24 Hour Front Desk|Medical Assistance Available|Welcome Drinks|Power Backup|Massage Services |Safari|Camel Ride|Transfers Available| Bike on Rent|Vegetarian Food / Jain Food Available|Car Rental|City Shuttle Service|Internet Access Free|Newspapers In Lobby|Postal / Parcel Services|Room Service (24 Hours)| Cook Services|Air / Rail Booking|Courier Service|Guide / Sightseeing Service|RO Water Purification System|Parking Facility|Restaurant,Castle  View Jaisalmer
Chennai,The standard check-in time is 12:00 PM and the standard check-out time is 12:00 PM. Early check-in or late check-out is strictly subjected to availability and may be chargeable by the hotel. Any early check-in or late check-out request must be directed and reconfirmed with hotel directly It is mandatory for guests to present valid photo identification at the time of check-in. Early check-in or late check-out is subject to availability and may be chargeable by the hotel. The standard check-in time is 2 PM and the standard check-out time is 12 PM.,,Central Gate
Guwahati,The standard check-in time is 12:00 PM and the standard check-out time is 12:00 PM. Early check-in or late check-out is strictly subjected to availability and may be chargeable by the hotel. Any early check-in or late check-out request must be directed and reconfirmed with hotel directly At the time of check in we want proper photo id proof. Unmarried couples are not allowed,Doctor on Call|Laundry Service Available|Power Backup|Conference Facility |Internet Access Free|Newspapers In Lobby|Parking Facility|Room Service|Speciality Restaurant |Suites,Blue Moon Guest House
Almora,The standard check-in time is 12:00 PM and the standard check-out time is 12:00 PM. Early check-in or late check-out is strictly subjected to availability and may be chargeable by the hotel. Any early check-in or late check-out request must be directed and reconfirmed with hotel directly 1. All guests requested to carry Valid ID proof for Check Inn. 2. Couple Guests with Local ID's are not allowed to check inn. 3. Cancellation and prepayment policies vary according to room type.,Doctor on Call|Library|Lobby|Local Tour / Travel Desk|24 Hour Front Desk|Medical Assistance Available|Power Backup|Smoking Rooms|Kitchen available (home cook food on request)|Nature Walk|Express Laundry|Taxi Services|Food Facility|Newspapers In Lobby|Room Service (24 Hours)|RO Water Purification System|Outdoor Parking - Secured|Parking Facility,Camp Chrysalid Sitlakhet (16km From Almora)
Jodhpur,"The standard check-in time is 12:00 PM and the standard check-out time is 12:00 PM. Early check-in or late check-out is strictly subjected to availability and may be chargeable by the hotel. Any early check-in or late check-out request must be directed and reconfirmed with hotel directly Hotel may charge compulsory supplement on Christmas,New Years eve and other festive periods. Any such supplements need to be paid at the hotel.As per the govt. guidelines valid govt. issued id proofs are required to be presented on C/in.",Airport Transfer Available / Surcharge|Barbecue Area|Internet Access - Surcharge|Laundry Service Available|Parking Facilities Available|Front Desk|Luggage Storage|Medical Assistance Available|Gardens,Chandelao Garh (Heritage Hotel)
Goa,"The standard check-in time is 12:00 PM and the standard check-out time is 11:00 AM. Early check-in or late check-out is strictly subjected to availability and may be chargeable by the hotel. Any early check-in or late check-out request must be directed and reconfirmed with hotel directly Photo ids are compulsory at the time of Ch-in, Hotel may reject confirm booking if fail to produce same Hotel may charge compulsory gala dinner supplement on Christmas / New Year's eve or other festive periods. Any such supplements need to be paid directly at the hotel.",Doctor on Call|Laundry Service Available|Jacuzzi,Cabo Cabana Wooden Cottages
Agra,The standard check-in time is 12:00 PM and the standard check-out time is 12:00 PM. Early check-in or late check-out is strictly subjected to availability and may be chargeable by the hotel. Any early check-in or late check-out request must be directed and reconfirmed with hotel directly Gala dinner mandatory charges on 31st Dec 2015 @ 3599/- per couple Children below 05 years are comp 6-11 years  INR 1100/- No Pets allowed. Not more than three adults allowed in one room.,Banquet Facilities|Business Center |Currency Exchange|Doctor on Call|Health Club / Gym Facility Available|Laundry Service Available|Locker Facility|24 Hour Front Desk|Cell Phone Rental|Smoking Area,Bhawna Clarks Inn
Jalandhar,The standard check-in time is 12:00 PM and the standard check-out time is 12:00 PM. Early check-in or late check-out is strictly subjected to availability and may be chargeable by the hotel. Any early check-in or late check-out request must be directed and reconfirmed with hotel directly We do not allow unmarried / unrelated couples to checkin. This is at full discretion of the hotel management. No refund would be applicable in case the checkin is denied under such circumstances.,Airport Transfer Available / Surcharge|Babysitting/ Child Care (surcharge)|Ballroom|Business Center |Concierge|Currency Exchange|Disabled Friendly Facilities |Doctor on Call|Dry Cleaning|Health Club / Gym Facility Available|Internet Access - Surcharge|Laundry Service Available|Library|Lift / Elevator|Front Desk|Parking Facility|Room Service|Public Restrooms,Chhabra Guest House
Varkala,The standard check-in time is 12:00 PM and the standard check-out time is 12:00 PM. Early check-in or late check-out is strictly subjected to availability and may be chargeable by the hotel. Any early check-in or late check-out request must be directed and reconfirmed with hotel directly Hotel may charge compulsory gala dinner supplement on Christmas / New Year's eve or other festive periods. Any such supplements need to be paid directly at the hotel.,Airport Transfer Available / Surcharge|Currency Exchange|Doctor on Call|Games Zone|Gift Shop |Internet Access - Surcharge|Laundry Service Available|Lobby|Non Smoking Rooms|Front Desk|Multi Cuisine Restaurant |Locker Facility|Local Tour / Travel Desk|Suitable For Children,Black Beach Resort
Hubli,The standard check-in time is 10:00 AM and the standard check-out time is 09:00 AM. Early check-in or late check-out is strictly subjected to availability and may be chargeable by the hotel. Any early check-in or late check-out request must be directed and reconfirmed with hotel directly,Laundry Service Available|Lift / Elevator|Parking Facilities Available|Power Backup|Parking Facility|Restaurant|Room Service|Public Restrooms,Bharati Lodge
Nainital,The standard check-in time is 12:00 PM and the standard check-out time is 12:00 PM. Early check-in or late check-out is strictly subjected to availability and may be chargeable by the hotel. Any early check-in or late check-out request must be directed and reconfirmed with hotel directly,Doctor on Call|Yoga Hall / Classes|Trekking,Camp Sparrow
Coorg,The standard check-in time is 10:00 AM and the standard check-out time is 11:00 AM. Early check-in or late check-out is strictly subjected to availability and may be chargeable by the hotel. Any early check-in or late check-out request must be directed and reconfirmed with hotel directly We do not allow unmarried / unrelated couples to checkin. This is at full discretion of the hotel management. No refund would be applicable in case the checkin is denied under such circumstances),Doctor on Call|Non Smoking Rooms|Parking Facilities Available|Front Desk|Luggage Storage|Doorman|Wake-up Call / Service|Smoking Rooms|Extra Person / Child - Share the same room|Family Room|Outdoor Parking - Secured|Room Service,CHIKKOS NEST HOMESTAY
Chail,The standard check-in time is 02:00 PM and the standard check-out time is 12:00 PM. Early check-in or late check-out is strictly subjected to availability and may be chargeable by the hotel. Any early check-in or late check-out request must be directed and reconfirmed with hotel directly,,Camp Jayshee
Goa,The standard check-in time is 12:00 PM and the standard check-out time is 11:00 AM. Early check-in or late check-out is strictly subjected to availability and may be chargeable by the hotel. Any early check-in or late check-out request must be directed and reconfirmed with hotel directly ID cards are mandatory during the time check in.,Internet Access - Surcharge|Lobby|Non Smoking Rooms|Parking Facilities Available|Front Desk|24 Hour Front Desk|Doorman|Gardens|Nature Walk|Smoking Area |Veranda|Water Dispenser Available|Internet Access Free|Parking Facility|Room Service|First-Aid Kit at Front Desk,Braganza Guest House
Bangalore,The standard check-in time is 12:00 PM and the standard check-out time is 12:00 PM. Early check-in or late check-out is strictly subjected to availability and may be chargeable by the hotel. Any early check-in or late check-out request must be directed and reconfirmed with hotel directly The standard check-in time is 12:00 PM and the standard check-out time is 12:00 PM. Early check-in or late check-out is strictly subjected to availability and may be chargeable by the hotel.  We wont allow unmarried couple to stay.,Laundry Service Available|Lift / Elevator|Parking Facilities Available|Multi Cuisine Restaurant |24 Hour Front Desk|Power Backup|Catering|Fitness Equipment|Suitable For Children|Grocery|Kitchen available (home cook food on request)|Floor Butler|Vegetarian Food / Jain Food Available|City Shuttle Service|Food Facility|Internet Access Free|Newspapers In Lobby| Cook Services|Courier Service|Outdoor Parking - Secured|Parking Facility|Internet Access|Restaurant|Room Service,Bulande Hope farm Bangalore
Chikhaldara,"The standard check-in time is 02:00 PM and the standard check-out time is 12:00 PM. Early check-in or late check-out is strictly subjected to availability and may be chargeable by the hotel. Any early check-in or late check-out request must be directed and reconfirmed with hotel directly 1.ALL GUESTS ARE REQUIRED TO PRESENT PROPER PHOTO IDENTIFICATION UPON CHECK IN. 2.The identity proof would include a valid Driving license/voter identity card/PAN card, etc. Valid Passport mandatory for all Foreign guests. 3.Booking rates will not be valid for Christmas and New year dates High season and long weekend dates extra supplement will be charged over and above the paid rates as per actual and hotel discretion. No refund would be applicable in case the hotel denies check-in under such circumstances.",Doctor on Call|Laundry Service Available|Lobby|Parking Facilities Available|Front Desk|Power Backup|Suitable For Children|Veranda|Taxi Services|Room Service|Fire Safety|Anti-Slip Ramps|Fire Exit Signs|First-Aid Kit at Front Desk,Bhima's Paradise
Nainital,The standard check-in time is 02:00 PM and the standard check-out time is 12:00 PM. Early check-in or late check-out is strictly subjected to availability and may be chargeable by the hotel. Any early check-in or late check-out request must be directed and reconfirmed with hotel directly The standard check-in time is 12:00 PM and the standard check-out time is 12:00 PM. Early check-in or late check-out is strictly subjected to availability and may be chargeable by the hotel.,Doctor on Call|Lobby|Front Desk|Local Tour / Travel Desk|Major Credit Cards Accepted|24 Hour Front Desk|Power Backup|Express Check-In / Check-Out|Room Service (24 Hours)|First-Aid Kit at Front Desk,Camp Mehi Tents
Panchgani,"The standard check-in time is 12:00 PM and the standard check-out time is 12:00 PM. Early check-in or late check-out is strictly subjected to availability and may be chargeable by the hotel. Any early check-in or late check-out request must be directed and reconfirmed with hotel directly Booking rates will not be valid for Christmas and New year dates, High season and long weekend dates  extra supplement will be charged over and above the paid rates as per actual and hotel discretion.",Concierge|Doctor on Call|Parking Facilities Available|Front Desk,Bhatia Villa 5
Dibrugarh,The standard check-in time is 12:00 PM and the standard check-out time is 12:00 PM. Early check-in or late check-out is strictly subjected to availability and may be chargeable by the hotel. Any early check-in or late check-out request must be directed and reconfirmed with hotel directly  We do not allow unmarried / unrelated couples to checkin. This is at full discretion of the hotel management. No refund would be applicable in case the checkin is denied under such circumstances,Doctor on Call|Lobby|Front Desk|Power Backup|Veranda|Taxi Services|Food Facility|Newspapers In Lobby|Parking Facility|Room Service|Fire Safety|Anti-Slip Ramps|Fire Exit Signs|First-Aid Kit at Front Desk,Chowkidinghee Heritage Chang Bungalow
Gurgaon,The standard check-in time is 12:00 PM and the standard check-out time is 12:00 PM. Early check-in or late check-out is strictly subjected to availability and may be chargeable by the hotel. Any early check-in or late check-out request must be directed and reconfirmed with hotel directly We do not allow unmarried / unrelated couples to checkin. This is at full discretion of the hotel management. No refund would be applicable in case the checkin is denied under such circumstances,Doctor on Call|Parking Facilities Available|Power Backup|Fire Safety|Fire Exit Signs|First-Aid Kit at Front Desk,BKS Guest House
Mysore,"The standard check-in time is 12:00 PM and the standard check-out time is 12:00 PM. Early check-in or late check-out is strictly subjected to availability and may be chargeable by the hotel. Any early check-in or late check-out request must be directed and reconfirmed with hotel directly Special Note: There maybe supplementary charges for Xmas and New Year as per hotel policy, kindly pay the supplementary charges directly at the hotel..",Babysitting/ Child Care (surcharge)|Concierge|Doctor on Call|Parking Facilities Available|Multi Cuisine Restaurant |Local Tour / Travel Desk|Medical Assistance Available|Power Backup|Gardens|Wake-up Call / Service|Nature Walk|Taxi Services|Food Facility|Parking Facility,Cauvery Sannidhi
Munnar,"The standard check-in time is 12:00 PM and the standard check-out time is 11:00 AM. Early check-in or late check-out is strictly subjected to availability and may be chargeable by the hotel. Any early check-in or late check-out request must be directed and reconfirmed with hotel directly Booking rates will not be valid for Christmas and New year dates, High season and long weekend dates  extra supplement will be charged over and above the paid rates as per actual and hotel discretion.",Doctor on Call|Parking Facilities Available|Front Desk|Medical Assistance Available|Public Restrooms,Casa Del Fauno
Gangtok,The standard check-in time is 12:00 PM and the standard check-out time is 11:00 AM. Early check-in or late check-out is strictly subjected to availability and may be chargeable by the hotel. Any early check-in or late check-out request must be directed and reconfirmed with hotel directly Hotel may charge compulsory gala dinner supplement on Christmas / New Year's eve or other festive periods. Any such supplements need to be paid directly at the hotel.,"Airport Transfer Available / Surcharge|Babysitting/ Child Care (surcharge)|Concierge|Currency Exchange|Doctor on Call|Dry Cleaning|Internet Access - Surcharge|Laundry Service Available|Library|Lobby|Parking Facilities Available|Front Desk|Multi Cuisine Restaurant |Local Tour / Travel Desk|Major Credit Cards Accepted|Doorman|Medical Assistance Available|Welcome Drinks|Power Backup|Audio - Visual Equipment|Wake-up Call / Service|Porter / Bellhop|Suitable For Children|Conference Facility |Fax Machine|Limousine Service Available|Pick Up and Drop (Rly Station, Bus Stand, Temple)|Extra Person / Child - Share the same room|Car Rental|Board Room|City Shuttle Service|Internet Access Free|Newspapers In Lobby|Room Service (24 Hours)|Air / Rail Booking|Guide / Sightseeing Service|RO Water Purification System|Outdoor Parking - Secured|Outdoor Parking - Non Secured|Parking Facility|Internet Access|Room Service|Fire Safety|Recreation Zone|Porter Services Available|Public Restrooms",Central Ninamma  Boutique Resort
Jaipur,"The standard check-in time is 03:00 PM and the standard check-out time is 12:00 PM. Early check-in or late check-out is strictly subjected to availability and may be chargeable by the hotel. Any early check-in or late check-out request must be directed and reconfirmed with hotel directly 1. Cancellation :- No cancelation/ No Refund/ No amendments once booking generated. 2. Age Policy :- Extra above 4 yrs to 9yrs to be charged 2000 Rs. plus Taxes , Above 9yrs will be 3500 plus Taxes  Per Kid Per Night basis.  Accommodation Price only (4 Adult  in one room not allowed)  3. Terms and Conditions  (i) Our checkin time is 1500 hrs and checkout time is 1200 hrs. Any early checkin or late checkout will be subject to availability and will be charged accordingly.  (ii) As per recent Govt. law, it is Mandatory for all the guests to show their Photo ID proof at the time of CheckIn which can be in form of  Passport and Visa Copy, Driving License, Voter ID Card, failing which the hotel reserves the right of refusal. IN CASE OF foreigner guest passport with Visa is mandatory. Pan Card will not be accepted. Hotel has the authority to decide any suspected person and can deny to give the check-in (iii) Its Mandatory to carry hard copy of booking voucher at the time of check in.",Swimming Pool|Babysitting/ Child Care (surcharge)|Banquet Facilities|Bar / Lounge |Beauty Salon - on charge|Business Center |Currency Exchange|Doctor on Call|Health Club / Gym Facility Available|Laundry Service Available|Parking Facilities Available|Front Desk|Multi Cuisine Restaurant |Locker Facility|Spa On Site - Chargeable|Tennis Court|Local Tour / Travel Desk|24 Hour Front Desk|Power Backup|Gardens|Pool Table|Internet Access Free|Children's Park|Postal / Parcel Services|Room Service (24 Hours)|Outdoor Parking - Secured|Parking Facility|Porter Services Available|Speciality Restaurant,Chokhi Dhani - An Ethnic Village Resort
Dhanaulti,The standard check-in time is 02:00 PM and the standard check-out time is 12:00 PM. Early check-in or late check-out is strictly subjected to availability and may be chargeable by the hotel. Any early check-in or late check-out request must be directed and reconfirmed with hotel directly,,Camp O Royale
Yercaud,The standard check-in time is 12:00 PM and the standard check-out time is 12:00 PM. Early check-in or late check-out is strictly subjected to availability and may be chargeable by the hotel. Any early check-in or late check-out request must be directed and reconfirmed with hotel directly Camp fire with music Rs.1500/-,Power Backup|Kitchen available (home cook food on request)|Mini Theatre|Campfire / Bon Fire|Children's Park|Parking Facility,Brindhavan Dream House
Havelock Island,The standard check-in time is 09:00 AM and the standard check-out time is 08:00 AM. Early check-in or late check-out is strictly subjected to availability and may be chargeable by the hotel. Any early check-in or late check-out request must be directed and reconfirmed with hotel directly Hotel may charge compulsory gala dinner supplement on Christmas / New Year's eve or other festive periods. Any such supplements need to be paid directly at the hotel. From 15 Dec'15 to Jan'16 festive season charge of Rs.1200 per room per night is applicable which is to be paid at the hotel directly No Refund applicable in case of any cancellation of ferry due to weather condition or natural calamity,Internet Access - Surcharge|Laundry Service Available|Parking Facilities Available|Front Desk|Multi Cuisine Restaurant |Power Backup|Gardens|Room Service (24 Hours)|Parking Facility|Room Service,Blue Bird Resort
Kolkata,The standard check-in time is 12:00 PM and the standard check-out time is 12:00 PM. Early check-in or late check-out is strictly subjected to availability and may be chargeable by the hotel. Any early check-in or late check-out request must be directed and reconfirmed with hotel directly Late check-out and early C/in are subject to the availability.  Guest must carry a valid government ID proof (Passport / Driving License / Aadhar Card / Voter ID) - any one ofthese at the time of check in.,Airport Transfer Available / Surcharge|Banquet Facilities|Bar / Lounge |Business Center |Currency Exchange|Disabled Friendly Facilities |Doctor on Call|Dry Cleaning|Internet Access - Surcharge|Laundry Service Available|Lift / Elevator|Lobby|Parking Facilities Available|Front Desk|Multi Cuisine Restaurant |Local Tour / Travel Desk|Valet service|Major Credit Cards Accepted|24 Hour Front Desk|Doorman|Medical Assistance Available|Air-Conditioning - Central|Welcome Drinks|Power Backup|Express Check-In / Check-Out|Wedding Services Facility|Wake-up Call / Service|Coffee Shop / Cafe|Conference Facility |Electronic / Magnetic Keys|Wheelchair Accessibility - Room|Open Air Restaurant / Dining |Vegetarian Food / Jain Food Available|Car Rental|Express Laundry|Newspapers In Lobby|Room Service (24 Hours)|Air / Rail Booking|Courier Service,Celesta
Tirupati,The standard check-in time is 12:00 PM and the standard check-out time is 12:00 PM. Early check-in or late check-out is strictly subjected to availability and may be chargeable by the hotel. Any early check-in or late check-out request must be directed and reconfirmed with hotel directly Terms and Conditions: It is mandatory for guests to present valid photo identification at the time of check-in.,Doctor on Call|Dry Cleaning|Laundry Service Available|Lift / Elevator|Parking Facilities Available|Front Desk|Local Tour / Travel Desk|Power Backup|Wake-up Call / Service|Taxi Services|Internet Access Free,Chethans inn  serviced apartments
Goa,The standard check-in time is 12:00 PM and the standard check-out time is 10:00 AM. Early check-in or late check-out is strictly subjected to availability and may be chargeable by the hotel. Any early check-in or late check-out request must be directed and reconfirmed with hotel directly Hotel may charge compulsory gala dinner supplement on Christmas / New Year's eve or other festive periods. Any such supplements need to be paid directly at the hotel.,Multi Cuisine Restaurant |Local Tour / Travel Desk| Bike on Rent|Car Rental|Room Service,Calangute Annexe
Nainital,The standard check-in time is 02:00 PM and the standard check-out time is 12:00 PM. Early check-in or late check-out is strictly subjected to availability and may be chargeable by the hotel. Any early check-in or late check-out request must be directed and reconfirmed with hotel directly The standard check-in time is 12:00 PM and the standard check-out time is 12:00 PM. Early check-in or late check-out is strictly subjected to availability and may be chargeable by the hotel.,Doctor on Call|Lobby|Front Desk|Local Tour / Travel Desk|Major Credit Cards Accepted|24 Hour Front Desk|Luggage Storage|Medical Assistance Available|Power Backup,Camp Mehi Cottages
Bangalore,The standard check-in time is 12:00 PM and the standard check-out time is 12:00 PM. Early check-in or late check-out is strictly subjected to availability and may be chargeable by the hotel. Any early check-in or late check-out request must be directed and reconfirmed with hotel directly Dear Sir/Madam  Request you to go through our terms and conditions. Carmel Home stay is run by my wife and I directly.  Therefore we are a bit cautious about our guests we host.  Carmel home stay is not for youngsters who are looking to party.,Doctor on Call|Non Smoking Rooms|Doorman|Extra Person / Child - Share the same room|Family Room|Room Service (24 Hours)|Outdoor Parking - Secured|Room Service,CARAMEL HOMESTAY
Hyderabad,The standard check-in time is 12:00 PM and the standard check-out time is 12:00 PM. Early check-in or late check-out is strictly subjected to availability and may be chargeable by the hotel. Any early check-in or late check-out request must be directed and reconfirmed with hotel directly We do not allow unmarried / unrelated couples to checkin. This is at full discretion of the hotel management. No refund would be applicable in case the checkin is denied under such circumstances,Airport Transfer Available / Surcharge|Babysitting/ Child Care (surcharge)|Business Center |Concierge|Currency Exchange|Disabled Friendly Facilities |Doctor on Call|Dry Cleaning|Internet Access - Surcharge|Laundry Service Available|Lift / Elevator|Lobby|Non Smoking Rooms|Parking Facilities Available|Front Desk|Major Credit Cards Accepted|24 Hour Front Desk|Luggage Storage|Doorman|Internet Access Free,Blue Dawn Suites Service Appartment
Goa,"The standard check-in time is 02:00 PM and the standard check-out time is 12:00 PM. Early check-in or late check-out is strictly subjected to availability and may be chargeable by the hotel. Any early check-in or late check-out request must be directed and reconfirmed with hotel directly Hotel is charging a Compulsory New year'Eve Gala Dinner @ Rs. 3000 per head, which is payable directly at the hotel on check in","Swimming Pool|Airport Transfer Available / Surcharge|Bar / Lounge |Doctor on Call|Internet Access - Surcharge|Laundry Service Available|Lobby|Parking Facilities Available|Front Desk|Multi Cuisine Restaurant |Locker Facility|Spa On Site - Chargeable|Table Tennis|Local Tour / Travel Desk|Major Credit Cards Accepted|24 Hour Front Desk|Luggage Storage|Medical Assistance Available|Power Backup|Gardens|Coffee Shop / Cafe|Conference Facility |Pool Table|Pick Up and Drop (Rly Station, Bus Stand, Temple)|Open Air Restaurant / Dining | Bike on Rent|Extra Person / Child - Share the same room|Village Visit ( Chargeable )|Car Rental|Taxi Services|Food Facility|Internet Access Free|Newspapers In Lobby|Family Room|Spa Services Nearby| Cook Services|Guide / Sightseeing Service|Outdoor Parking - Non Secured|Parking Facility|Internet Access|Restaurant|Room Service|First-Aid Kit at Front Desk|Paid Transfers|Public Restrooms|Speciality Restaurant",Casa Anjuna-Boutique Resort
Delhi,The standard check-in time is 12:00 PM and the standard check-out time is 11:00 AM. Early check-in or late check-out is strictly subjected to availability and may be chargeable by the hotel. Any early check-in or late check-out request must be directed and reconfirmed with hotel directly 1. All guests requested to carry Valid ID proof for Check Inn. 2. Cancellation and prepayment policies vary according to room type.,Airport Transfer Available / Surcharge|Ballroom|Banquet Facilities|Business Center |Concierge|Currency Exchange|Doctor on Call|Dry Cleaning|Internet Access - Surcharge|Laundry Service Available|Lobby|Non Smoking Rooms|Parking Facilities Available|Pets Allowed|Front Desk|Multi Cuisine Restaurant |Locker Facility|Non Smoking Hotel|Valet service|Major Credit Cards Accepted|24 Hour Front Desk|Doorman|Medical Assistance Available|Air-Conditioning - Central|Welcome Drinks|Power Backup|Express Check-In / Check-Out|Gardens|Audio - Visual Equipment|Wedding Services Facility|Catering|Multi Lingual Staff|Wake-up Call / Service|Porter / Bellhop|Suitable For Children|Coffee Shop / Cafe|Conference Facility |Smoking Rooms|Kitchen available (home cook food on request)|Electronic / Magnetic Keys|Fire Place Available |Free Local Calls|Picnic Area|Cell Phone Rental|Wheelchair Accessibility - Room|Massage Services |Smoking Area |Veg / Non Veg Kitchens Separate |Vegetarian Food / Jain Food Available|Extra Person / Child - Share the same room|Car Rental|Express Laundry|Self Check - In|Taxi Services|City Shuttle Service|Food Facility|Internet Access Free|Newspapers In Lobby|Electronic Check-Out|Postal / Parcel Services|Room Service (24 Hours)|Parking (Surcharge)|Party hall|Air / Rail Booking|STD / ISD|Baggage Room|Courier Service|Guide / Sightseeing Service|Courtesy Coach|RO Water Purification System|Outdoor Parking - Secured|Parking Facility|Room Service|Fire Safety|Anti-Slip Ramps|CCTV|First-Aid Kit at Front Desk|Full Time Operation for All 7 Days|Hotel Trading License|Metal Detectors|Paid Transfers|Pest Control Facility|Public Restrooms|Security at All Hotel Entrances|Smoke Detector|Suites,Calista Resort
Kanyakumari,The standard check-in time is 12:00 PM and the standard check-out time is 12:00 PM. Early check-in or late check-out is strictly subjected to availability and may be chargeable by the hotel. Any early check-in or late check-out request must be directed and reconfirmed with hotel directly,Lift / Elevator|24 Hour Front Desk|Room Service (24 Hours)|Room Service,Boopathy Lodge
Buxar,The standard check-in time is 02:00 PM and the standard check-out time is 12:00 PM. Early check-in or late check-out is strictly subjected to availability and may be chargeable by the hotel. Any early check-in or late check-out request must be directed and reconfirmed with hotel directly We do not allow unmarried / unrelated couples to checkin. This is at full discretion of the hotel management. No refund would be applicable in case the checkin is denied under such circumstances,Doctor on Call|Laundry Service Available|Front Desk|Power Backup|Parking Facility,Buxar Hotel
Aizawl,The standard check-in time is 12:00 PM and the standard check-out time is 12:00 PM. Early check-in or late check-out is strictly subjected to availability and may be chargeable by the hotel. Any early check-in or late check-out request must be directed and reconfirmed with hotel directly,Doctor on Call|Internet Access - Surcharge|Front Desk|Local Tour / Travel Desk|Medical Assistance Available|Power Backup,Chief Guest House
Nainital,The standard check-in time is 12:00 PM and the standard check-out time is 10:00 AM. Early check-in or late check-out is strictly subjected to availability and may be chargeable by the hotel. Any early check-in or late check-out request must be directed and reconfirmed with hotel directly The standard check-in time is 12:00 PM and the standard check-out time is 12:00 PM. Early check-in or late check-out is strictly subjected to availability and may be chargeable by the hotel.,Doctor on Call|Parking Facilities Available|Front Desk|Air-Conditioning - Central|Power Backup|Wake-up Call / Service|Smoking Rooms|Internet Access|Restaurant|First-Aid Kit at Front Desk|Public Restrooms,Bhimtal Holiday Villa
Coorg,The standard check-in time is 12:00 PM and the standard check-out time is 12:00 PM. Early check-in or late check-out is strictly subjected to availability and may be chargeable by the hotel. Any early check-in or late check-out request must be directed and reconfirmed with hotel directly Hotel may charge compulsory gala dinner supplement on Christmas / New Year's eve or other festive periods. Any such supplements need to be paid directly at the hotel.,Doctor on Call|Dry Cleaning|Games Zone|Parking Facilities Available|Front Desk|Multi Cuisine Restaurant |24 Hour Front Desk|Welcome Drinks|Power Backup|Gardens|Open Air Restaurant / Dining |Kids Play Zone|Campfire / Bon Fire|Newspapers In Lobby|Children's Park|Room Service (24 Hours),Chilipili Estate Stay
Delhi,The standard check-in time is 12:00 PM and the standard check-out time is 12:00 PM. Early check-in or late check-out is strictly subjected to availability and may be chargeable by the hotel. Any early check-in or late check-out request must be directed and reconfirmed with hotel directly Check in 1200 Hours Early arrival is subject to availability.  Check out 1200 Hours Late check-outs are available on request and subject to availability,,Capitol Hills Hotel
Dharmsala,The standard check-in time is 12:00 PM and the standard check-out time is 12:00 PM. Early check-in or late check-out is strictly subjected to availability and may be chargeable by the hotel. Any early check-in or late check-out request must be directed and reconfirmed with hotel directly Hotel may charge compulsory gala dinner supplement on Christmas / New Year's eve or other festive periods. Any such supplements need to be paid directly at the hotel.,Doctor on Call|Laundry Service Available|Lift / Elevator|Parking Facilities Available|Local Tour / Travel Desk|Major Credit Cards Accepted|24 Hour Front Desk|Room Service (24 Hours),Camp Chrysalid Dharamshala
Mumbai,The standard check-in time is 12:00 PM and the standard check-out time is 12:00 PM. Early check-in or late check-out is strictly subjected to availability and may be chargeable by the hotel. Any early check-in or late check-out request must be directed and reconfirmed with hotel directly Unmarried couple not allowed.,Doctor on Call|Laundry Service Available|Lift / Elevator|Lobby|Room Service,Castle Service Apartment - Goregaon
Marayoor,The standard check-in time is 12:00 PM and the standard check-out time is 12:00 PM. Early check-in or late check-out is strictly subjected to availability and may be chargeable by the hotel. Any early check-in or late check-out request must be directed and reconfirmed with hotel directly,Doctor on Call|Internet Access - Surcharge|Laundry Service Available|Lobby|Non Smoking Rooms|Parking Facilities Available|Front Desk|24 Hour Front Desk|Doorman|Power Backup|Express Check-In / Check-Out|Gardens|Car Rental|Kids Play Zone|Food Facility|Newspapers In Lobby|Family Room|Room Service (24 Hours),Chandana Annexe
Bangalore,The standard check-in time is 12:00 PM and the standard check-out time is 12:00 PM. Early check-in or late check-out is strictly subjected to availability and may be chargeable by the hotel. Any early check-in or late check-out request must be directed and reconfirmed with hotel directly,"Laundry Service Available|Non Smoking Rooms|Parking Facilities Available|Front Desk|Locker Facility|24 Hour Front Desk|Power Backup|Express Check-In / Check-Out|Catering|Multi Lingual Staff|Wake-up Call / Service|Porter / Bellhop|Suitable For Children|Pick Up and Drop (Rly Station, Bus Stand, Temple)|Extra Person / Child - Share the same room|Taxi Services|Food Facility|Internet Access Free|Newspapers In Lobby|Room Service (24 Hours)|Outdoor Parking - Secured|Parking Facility",carlin  service apartments
Chikmagalur,The standard check-in time is 12:00 PM and the standard check-out time is 12:00 PM. Early check-in or late check-out is strictly subjected to availability and may be chargeable by the hotel. Any early check-in or late check-out request must be directed and reconfirmed with hotel directly,Parking Facilities Available|Front Desk,BHIDE HOMESTAY
Golaghat,The standard check-in time is 02:00 PM and the standard check-out time is 12:00 PM. Early check-in or late check-out is strictly subjected to availability and may be chargeable by the hotel. Any early check-in or late check-out request must be directed and reconfirmed with hotel directly  We do not allow unmarried / unrelated couples to checkin. This is at full discretion of the hotel management. No refund would be applicable in case the checkin is denied under such circumstances,Doctor on Call|Front Desk|24 Hour Front Desk|Doorman|Room Service (24 Hours)|Outdoor Parking - Secured|Room Service|Fire Safety|CCTV,BORAH'S HOME STAY
Alleppey,The standard check-in time is 02:00 PM and the standard check-out time is 12:00 PM. Early check-in or late check-out is strictly subjected to availability and may be chargeable by the hotel. Any early check-in or late check-out request must be directed and reconfirmed with hotel directly Hotel may charge compulsory gala dinner supplement on Christmas / New Year's eve or other festive periods. Any such supplements need to be paid directly at the hotel.,Laundry Service Available|Parking Facilities Available|Front Desk|Locker Facility|Power Backup|Internet Access Free|Room Service (24 Hours)|Outdoor Parking - Secured|Room Service|Porter Services Available,Choice Rooms
Pune,The standard check-in time is 12:00 PM and the standard check-out time is 12:00 PM. Early check-in or late check-out is strictly subjected to availability and may be chargeable by the hotel. Any early check-in or late check-out request must be directed and reconfirmed with hotel directly Hotel may charge compulsory gala dinner supplement on Christmas / New Year's eve or other festive periods. Any such supplements need to be paid directly at the hotel.,Bar / Lounge |Doctor on Call|Health Club / Gym Facility Available|Laundry Service Available|Lift / Elevator|Parking Facilities Available|Front Desk|Multi Cuisine Restaurant |Power Backup|Gardens|Internet Access Free|Room Service (24 Hours)|Outdoor Parking - Secured|Parking Facility|Room Service,Bizz Tamanna Hotel
Gangtok,The standard check-in time is 12:00 PM and the standard check-out time is 12:00 PM. Early check-in or late check-out is strictly subjected to availability and may be chargeable by the hotel. Any early check-in or late check-out request must be directed and reconfirmed with hotel directly We do not allow unmarried / unrelated couples to checkin. This is at full discretion of the hotel management. No refund would be applicable in case the checkin is denied under such circumstances.,Doctor on Call|Parking Facilities Available|Front Desk|Room Service|Fire Safety|Public Restrooms,Blue Star Hotel
Hosur,"The standard check-in time is 12:00 PM and the standard check-out time is 12:00 PM. Early check-in or late check-out is strictly subjected to availability and may be chargeable by the hotel. Any early check-in or late check-out request must be directed and reconfirmed with hotel directly Booking rates will not be valid for Christmas and New year dates, High season and long weekend dates extra supplement will be charged over and above the paid rates as per actual and hotel discretion.",Doctor on Call|Dry Cleaning|Front Desk|Food Facility|Room Service (24 Hours)|First-Aid Kit at Front Desk,CCC PepperMint
Bundi,The standard check-in time is 12:00 PM and the standard check-out time is 12:00 PM. Early check-in or late check-out is strictly subjected to availability and may be chargeable by the hotel. Any early check-in or late check-out request must be directed and reconfirmed with hotel directly Check In time	12 noon Check out Time	11:00 AM,Parking Facilities Available|Front Desk,Chandana Residency
Alibag,The standard check-in time is 01:00 PM and the standard check-out time is 11:00 AM. Early check-in or late check-out is strictly subjected to availability and may be chargeable by the hotel. Any early check-in or late check-out request must be directed and reconfirmed with hotel directly We do not allow unmarried / unrelated couples to checkin. This is at full discretion of the hotel management. No refund would be applicable in case the checkin is denied under such circumstances,Swimming Pool|Doctor on Call|Non Smoking Rooms|Parking Facilities Available|Front Desk|Doorman|Power Backup|Internet Access Free|Baggage Room|Adjoining Rooms|Outdoor Parking - Secured|Parking Facility|First-Aid Kit at Front Desk|Suites,Bougainvillea
Varanasi,The standard check-in time is 12:00 PM and the standard check-out time is 12:00 PM. Early check-in or late check-out is strictly subjected to availability and may be chargeable by the hotel. Any early check-in or late check-out request must be directed and reconfirmed with hotel directly Complimentary Wifi up to 2 devices ID Cards are mandatory at the time of check in.,Airport Transfer Available / Surcharge|Currency Exchange|Doctor on Call|Dry Cleaning|Laundry Service Available|Lift / Elevator|Lobby|Non Smoking Rooms|Front Desk|Non Smoking Hotel|Local Tour / Travel Desk|Major Credit Cards Accepted|24 Hour Front Desk|Luggage Storage|Air-Conditioning - Central|Welcome Drinks|Express Check-In / Check-Out|Audio - Visual Equipment|Multi Lingual Staff|Wake-up Call / Service|Separate Sitting Area|Boating|Veranda|Vegetarian Food / Jain Food Available|Car Rental|Newspapers In Lobby|Room Service (24 Hours)|Adjoining Rooms|Internet Access|Restaurant|CCTV,BrijRama Palace. A Heritage Hotel
Bangalore,The standard check-in time is 02:00 PM and the standard check-out time is 12:00 PM. Early check-in or late check-out is strictly subjected to availability and may be chargeable by the hotel. Any early check-in or late check-out request must be directed and reconfirmed with hotel directly We do not allow unmarried / unrelated couples to checkin. This is at full discretion of the hotel management. No refund would be applicable in case the checkin is denied under such circumstances,Non Smoking Rooms|Parking Facilities Available|Smoking Rooms|Extra Person / Child - Share the same room|Outdoor Parking - Non Secured|Parking Facility|Room Service,Chandana Deluxe Hotel
Srinagar,The standard check-in time is 12:00 PM and the standard check-out time is 12:00 PM. Early check-in or late check-out is strictly subjected to availability and may be chargeable by the hotel. Any early check-in or late check-out request must be directed and reconfirmed with hotel directly,Doctor on Call|Lobby|Local Tour / Travel Desk|Power Backup|Room Service (24 Hours)|RO Water Purification System|Room Service,Blue Sky Group of houseboats
Courtalam,The standard check-in time is 12:00 PM and the standard check-out time is 10:00 AM. Early check-in or late check-out is strictly subjected to availability and may be chargeable by the hotel. Any early check-in or late check-out request must be directed and reconfirmed with hotel directly Govt Id proof with address required The standard check-in time is 12:00 PM and the standard check-out time is 12:00 PM. Early check-in or late check-out is strictly subjected to availability and may be chargeable by the hotel. Any early check-in or late check-out request must be directed and reconfirmed with hotel directly,,BWDA Resort
Gandhinagar,"The standard check-in time is 02:00 PM and the standard check-out time is 12:00 PM. Early check-in or late check-out is strictly subjected to availability and may be chargeable by the hotel. Any early check-in or late check-out request must be directed and reconfirmed with hotel directly Guests staying on Dec 24 and  Dec 31 ,a mandatory Christmas eve extravaganza and  dinner charge of Rs. 1200 per adult / Rs. 800 per child will be charged and payable at hotel.  IN KEEPING WITH OUR HEIGHTENED SECURITY PROCEDURES WE/HOTEL REQUEST YOU TO CARRY A POSITIVE PHOTO - IDENTITY OF ALL THE OCCUPANTS/TRAVELLERS OF ROOMS. IT COULD BE YOUR PASSPORT, DRIVING LICENSE, VOTER ID CARD , AADHAR CARD OR PAN CARD. ONLY 02 CHILDREN BELOW 05 YEARS CAN BE ACCOMMODATED IN THE PARENTS ROOM WITH NO EXTRA CHARGE. CHILD ABOVE 5 YRS, PARENTS SHOULD CARRY A PROPER AGE PROOF OF RESPECTIVE CHILD FOLLOWED BY RESPECTIVE CHARGES.",,"Cambay Sapphire , Gandhinagar"
Yamunanagar,The standard check-in time is 12:00 PM and the standard check-out time is 12:00 PM. Early check-in or late check-out is strictly subjected to availability and may be chargeable by the hotel. Any early check-in or late check-out request must be directed and reconfirmed with hotel directly 1.   not allowed unmarried couple 2.   not allowed local person 3.   not allowed room for drinking and gambling porpose. 4.   allow married couple if they show both i.d proof.,Doctor on Call|Parking Facilities Available|Front Desk|Power Backup|Wake-up Call / Service|Nature Walk|Outdoor Parking - Secured|Parking Facility|Room Service,Central Royale
Puri,The standard check-in time is 12:00 PM and the standard check-out time is 12:00 PM. Early check-in or late check-out is strictly subjected to availability and may be chargeable by the hotel. Any early check-in or late check-out request must be directed and reconfirmed with hotel directly  We do not allow unmarried / unrelated couples to checkin. This is at full discretion of the hotel management. No refund would be applicable in case the checkin is denied under such circumstances,Doctor on Call|Parking Facilities Available|Front Desk|24 Hour Front Desk|Doorman|Baggage Room|Adjoining Rooms|RO Water Purification System|Outdoor Parking - Secured|Parking Facility|Room Service|Anti-Slip Ramps|First-Aid Kit at Front Desk|Public Restrooms,Chandrama Hotel
Daman,"The standard check-in time is 12:00 PM and the standard check-out time is 11:00 AM. Early check-in or late check-out is strictly subjected to availability and may be chargeable by the hotel. Any early check-in or late check-out request must be directed and reconfirmed with hotel directly Guest should show valid photo and address id proof such as passport , driving license , aadhar card or voters id  Out side food and drink are not allowed in the hotel. Check in time 12.00 Pm and Check out time 11.00 Am. Pets are not allowed.",Banquet Facilities|Doctor on Call|Laundry Service Available|Lift / Elevator|Parking Facilities Available|Front Desk|Village Visit ( Chargeable )|Car Rental|Taxi Services|Food Facility|Newspapers In Lobby|Party hall|Internet / Fax (Reception area only)|Outdoor Parking - Non Secured|Room Service|CCTV|First-Aid Kit at Front Desk|Paid Transfers,Casa De Damao.
Munnar,The standard check-in time is 12:00 PM and the standard check-out time is 11:00 AM. Early check-in or late check-out is strictly subjected to availability and may be chargeable by the hotel. Any early check-in or late check-out request must be directed and reconfirmed with hotel directly we request our guest to use public area for smoking and drinking. campfire and BBQ facility available at extra cost. free trekking in our cardamom plantation. Hotel may charge compulsory gala dinner supplement on Christmas / New Year's eve or other festive periods. Any such supplements need to be paid directly at the hotel. There will be a season hike for Oct/Nov/Dec on Room Tariff which needs to be paid directly to the hotel.,Laundry Service Available|Parking Facilities Available|Front Desk|Power Backup|Gardens|Internet Access Free|Outdoor Parking - Secured|Parking Facility|Public Restrooms,Chai Guesthouse Munnar
Mathura,The standard check-in time is 12:00 PM and the standard check-out time is 12:00 PM. Early check-in or late check-out is strictly subjected to availability and may be chargeable by the hotel. Any early check-in or late check-out request must be directed and reconfirmed with hotel directly Hotel may charge compulsory gala dinner supplement on Christmas / New Years eve or other festive periods. Any such supplements need to be paid directly at the hotel. As per government valid id proofs are required at the Time of Check in,Doctor on Call|Parking Facilities Available|Front Desk|Taxi Services|Air / Rail Booking,Brij Dham Guest House
Mysore,The standard check-in time is 12:00 PM and the standard check-out time is 12:00 PM. Early check-in or late check-out is strictly subjected to availability and may be chargeable by the hotel. Any early check-in or late check-out request must be directed and reconfirmed with hotel directly valid ID proof is required at the time of C/In,Doctor on Call|Lobby|Front Desk|Local Tour / Travel Desk|24 Hour Front Desk|Power Backup,Casa Clarks INN
Mumbai,The standard check-in time is 12:00 PM and the standard check-out time is 12:00 PM. Early check-in or late check-out is strictly subjected to availability and may be chargeable by the hotel. Any early check-in or late check-out request must be directed and reconfirmed with hotel directly Hotel doesn't allow unmarried couple. guest will allow with valid photo proof identification,Laundry Service Available|Lift / Elevator,Castle Service Apartment - Malad (W)
Munnar,The standard check-in time is 12:00 PM and the standard check-out time is 12:00 PM. Early check-in or late check-out is strictly subjected to availability and may be chargeable by the hotel. Any early check-in or late check-out request must be directed and reconfirmed with hotel directly,Doctor on Call|Dry Cleaning|Front Desk|Power Backup|Parking Facility,Birds Valley Resorts
Kaziranga,The standard check-in time is 12:00 PM and the standard check-out time is 12:00 PM. Early check-in or late check-out is strictly subjected to availability and may be chargeable by the hotel. Any early check-in or late check-out request must be directed and reconfirmed with hotel directly,Restaurant|Room Service,Bon Habi Resort
Visakhapatnam,"The standard check-in time is 12:00 PM and the standard check-out time is 12:00 PM. Early check-in or late check-out is strictly subjected to availability and may be chargeable by the hotel. Any early check-in or late check-out request must be directed and reconfirmed with hotel directly 48 Hrs prior to check-in The standard check-in time is 14:00 PM and the standard check-out time is 12:00 PM. Early check-in or late check-out is strictly subjected to availability and may be chargeable by the hotel. Any early check-in or late check-out request must be directed and reconfirmed with hotel directly. According to government regulations, a valid Photo ID has to be carried by every person who stays at the hotel. The identification proofs accepted are Drivers License, Voters Card, Passport, Ration Card. Without valid ID the guest will not be allowed to check in. Note- PAN Cards will not be accepted as a valid ID card.   *   It is mandatory for guests to present valid photo identification at the time of check-in.   *   The primary guest checking in to the hotel must be at least 21 years of age.   *   The hotel reserves the right of admission. Accommodation can be denied to guests posing as a couple if suitable proof of identification is not presented at check-in.   *   The hotel reserves the right of admission for local residents. Accommodation can be denied to guests residing in the same city.   *   Local ID proof will not be valid.",Banquet Facilities|Doctor on Call|Laundry Service Available|Major Credit Cards Accepted|24 Hour Front Desk|Power Backup|Internet Access,Chakri Guest House
Mandya,"The standard check-in time is 12:00 PM and the standard check-out time is 11:00 AM. Early check-in or late check-out is strictly subjected to availability and may be chargeable by the hotel. Any early check-in or late check-out request must be directed and reconfirmed with hotel directly The Rates are strictly  applicable only for  INDIAN CITIZENS, The Foreign tourist should pay extras directly at the hotel during the time of check in",Doctor on Call|Laundry Service Available|Lobby|Non Smoking Rooms|Parking Facilities Available|Local Tour / Travel Desk|Major Credit Cards Accepted|24 Hour Front Desk|Medical Assistance Available|Power Backup|Separate Sitting Area|Conference Facility |Kitchen available (home cook food on request)|Nature Walk|Extra Person / Child - Share the same room|Taxi Services|Food Facility|Newspapers In Lobby|RO Water Purification System|Parking Facility,Bheemeshwari nature &amp; adventure camp by Jungle Lodges
Agra,The standard check-in time is 12:00 PM and the standard check-out time is 02:00 PM. Early check-in or late check-out is strictly subjected to availability and may be chargeable by the hotel. Any early check-in or late check-out request must be directed and reconfirmed with hotel directly We do not allow unmarried / unrelated couples to checkin. This is at full discretion of the hotel management. No refund would be applicable in case the checkin is denied under such circumstances,Doctor on Call|Laundry Service Available|Lobby|Non Smoking Rooms|Parking Facilities Available|Spa On Site - Chargeable|Major Credit Cards Accepted|Power Backup|Express Check-In / Check-Out|Translation Services|Wake-up Call / Service|Smoking Area |Extra Person / Child - Share the same room|Express Laundry|Taxi Services|Internet Access Free|Newspapers In Lobby|Family Room|Air / Rail Booking|Baggage Room|Courier Service|Parking Facility|Room Service|Fire Safety|CCTV|First-Aid Kit at Front Desk|Public Restrooms|Security at All Hotel Entrances,Bliss Home Stay
Goa,The standard check-in time is 12:00 PM and the standard check-out time is 10:00 AM. Early check-in or late check-out is strictly subjected to availability and may be chargeable by the hotel. Any early check-in or late check-out request must be directed and reconfirmed with hotel directly Hotel may charge compulsory gala dinner supplement on Christmas / New Year's eve or other festive periods. Any such supplements need to be paid directly at the hotel.,"Swimming Pool|Airport Transfer Available / Surcharge|Doctor on Call|Dry Cleaning|Internet Access - Surcharge|Laundry Service Available|Lobby|Parking Facilities Available|Front Desk|Multi Cuisine Restaurant |Local Tour / Travel Desk|Major Credit Cards Accepted|24 Hour Front Desk|Luggage Storage|Power Backup|Gardens|Pick Up and Drop (Rly Station, Bus Stand, Temple)|Newspapers In Lobby|Room Service (24 Hours)|Guide / Sightseeing Service|RO Water Purification System",Calangute Residency
Udaipur,The standard check-in time is 10:00 AM and the standard check-out time is 11:00 AM. Early check-in or late check-out is strictly subjected to availability and may be chargeable by the hotel. Any early check-in or late check-out request must be directed and reconfirmed with hotel directly Hotel may charge supplement charges on Christmas / New Year's eve or other festive periods. Photo ID must be carrying and having address proof.Unmarried couple are not allowed.We do not entertain local address id.,Doctor on Call|Lobby|Parking Facilities Available|Newspapers In Lobby|Family Room,"Chinar Villa, Nr.Fatehsagar Lake"
Thekkady,The standard check-in time is 12:00 PM and the standard check-out time is 11:00 AM. Early check-in or late check-out is strictly subjected to availability and may be chargeable by the hotel. Any early check-in or late check-out request must be directed and reconfirmed with hotel directly Terms and Conditions: It is mandatory for guests to present valid photo identification at the time of check-in.,Airport Transfer Available / Surcharge|Doctor on Call|Laundry Service Available|Parking Facilities Available|Front Desk|Multi Cuisine Restaurant |Locker Facility|Local Tour / Travel Desk|Major Credit Cards Accepted|24 Hour Front Desk|Medical Assistance Available|Welcome Drinks|Power Backup|Gardens|Coffee Shop / Cafe|Nature Walk|Campfire / Bon Fire|Food Facility|Internet Access Free|Room Service (24 Hours)|Internet / Fax (Reception area only),Bijans Nature Resort
Coorg,The standard check-in time is 12:00 PM and the standard check-out time is 12:00 PM. Early check-in or late check-out is strictly subjected to availability and may be chargeable by the hotel. Any early check-in or late check-out request must be directed and reconfirmed with hotel directly We do not allow unmarried / unrelated couples to checkin. This is at full discretion of the hotel management. No refund would be applicable in case the checkin is denied under such circumstances,Doctor on Call|Parking Facilities Available|Front Desk|Room Service|First-Aid Kit at Front Desk,Blender Berry
Jharsuguda,The standard check-in time is 12:00 PM and the standard check-out time is 12:00 PM. Early check-in or late check-out is strictly subjected to availability and may be chargeable by the hotel. Any early check-in or late check-out request must be directed and reconfirmed with hotel directly We do not allow unmarried / unrelated couples to checkin. This is at full discretion of the hotel management. No refund would be applicable in case the checkin is denied under such circumstances,Doctor on Call|Parking Facilities Available|Front Desk|Baggage Room|Adjoining Rooms|RO Water Purification System|Room Service|Fire Safety|Recreation Zone|Anti-Slip Ramps|CCTV|First-Aid Kit at Front Desk,Bishnu Palace
Chittoor,The standard check-in time is 12:00 PM and the standard check-out time is 12:00 PM. Early check-in or late check-out is strictly subjected to availability and may be chargeable by the hotel. Any early check-in or late check-out request must be directed and reconfirmed with hotel directly We do not allow unmarried / unrelated couples to checkin. This is at full discretion of the hotel management. No refund would be applicable in case the checkin is denied under such circumstances. Customer Government approved Photo ID card is must to carry at the time of check in.,Doctor on Call|Lobby|Front Desk|Luggage Storage|Parking Facility|Room Service|First-Aid Kit at Front Desk,chandra residency
Kewzing,The standard check-in time is 12:00 PM and the standard check-out time is 12:00 PM. Early check-in or late check-out is strictly subjected to availability and may be chargeable by the hotel. Any early check-in or late check-out request must be directed and reconfirmed with hotel directly We do not allow unmarried / unrelated couples to checkin. This is at full discretion of the hotel management. No refund would be applicable in case the checkin is denied under such circumstances,Doctor on Call|Lobby|Front Desk|Local Tour / Travel Desk|24 Hour Front Desk,Bon Farmhouse
Coonoor,"The standard check-in time is 12:00 PM and the standard check-out time is 12:00 PM. Early check-in or late check-out is strictly subjected to availability and may be chargeable by the hotel. Any early check-in or late check-out request must be directed and reconfirmed with hotel directly Booking rates will not be valid for Christmas and New year dates, High season and long weekend dates extra supplement will be charged over and above the paid rates as per actual and hotel discretion. It is mandatory for guests to present valid photo identification at the time of check-in.",,Blossoms Garden
Bangalore,The standard check-in time is 12:00 PM and the standard check-out time is 12:00 PM. Early check-in or late check-out is strictly subjected to availability and may be chargeable by the hotel. Any early check-in or late check-out request must be directed and reconfirmed with hotel directly,"Airport Transfer Available / Surcharge|Business Center |Currency Exchange|Disabled Friendly Facilities |Doctor on Call|Dry Cleaning|Health Club / Gym Facility Available|Internet Access - Surcharge|Laundry Service Available|Lift / Elevator|Lobby|Parking Facilities Available|Front Desk|Multi Cuisine Restaurant |Local Tour / Travel Desk|Valet service|Major Credit Cards Accepted|24 Hour Front Desk|Medical Assistance Available|Power Backup|Express Check-In / Check-Out|Gardens|Wedding Services Facility|Wake-up Call / Service|Suitable For Children|Coffee Shop / Cafe|ATM / Banking|Fax Machine|Fire Place Available |Pick Up and Drop (Rly Station, Bus Stand, Temple)|Open Air Restaurant / Dining |Veg / Non Veg Kitchens Separate |Vegetarian Food / Jain Food Available|Extra Person / Child - Share the same room|Village Visit ( Chargeable )|Car Rental|Express Laundry|Self Check - In|Taxi Services|Rooftop Garden|Food Facility| Drivers Rest Room|Internet Access Free|Newspapers In Lobby|Family Room|Room Service (24 Hours)|Parking (Surcharge)|Courier Service|Guide / Sightseeing Service|Laptop Available on Hire|Internet / Fax (Reception area only)|RO Water Purification System|Outdoor Parking - Secured|Parking Facility|Internet Access|Restaurant|Room Service|Fire Safety|Public Restrooms|Suites",Cinnamon Residency
Chennai,"The standard check-in time is 09:00 AM and the standard check-out time is 09:00 AM. Early check-in or late check-out is strictly subjected to availability and may be chargeable by the hotel. Any early check-in or late check-out request must be directed and reconfirmed with hotel directly all room double bed, extra person bed only, checkinn check out 24 hours,   goverment address froof compalseri. chennai id froof not allowed",Business Center |Internet Access - Surcharge|Laundry Service Available|Lift / Elevator|Front Desk|Locker Facility|Power Backup|Internet Access Free|Newspapers In Lobby|Room Service (24 Hours)|Internet Access|Room Service,CENTRAL RESIDENCY
Tirupati,The standard check-in time is 12:00 PM and the standard check-out time is 12:00 PM. Early check-in or late check-out is strictly subjected to availability and may be chargeable by the hotel. Any early check-in or late check-out request must be directed and reconfirmed with hotel directly The standard check-in time is 12:00 PM and the standard check-out time is 12:00 PM. Early check-in or late check-out is strictly subjected to availability and may be chargeable by the hotel. Any early check-in or late check-out request must be direct,Doctor on Call|Laundry Service Available|Lift / Elevator|Dance Performances (on demand)|Parking Facility|Room Service,CCR Residency
Sathyamangalam,"The standard check-in time is 02:00 PM and the standard check-out time is 12:00 PM. Early check-in or late check-out is strictly subjected to availability and may be chargeable by the hotel. Any early check-in or late check-out request must be directed and reconfirmed with hotel directly Booking rates will not be valid for Christmas and New year dates, High season and long weekend dates , extra supplement will be charged over and above the paid rates as per actual and hotel discretion",Doctor on Call|Parking Facilities Available|Children's Park|Outdoor Parking - Secured|Parking Facility,Bull and Bush Resort Satyamangalam
Shantiniketan,The standard check-in time is 12:00 PM and the standard check-out time is 12:00 PM. Early check-in or late check-out is strictly subjected to availability and may be chargeable by the hotel. Any early check-in or late check-out request must be directed and reconfirmed with hotel directly We do not allow unmarried / unrelated couples to checkin. This is at full discretion of the hotel management. No refund would be applicable in case the checkin is denied under such circumstances,Doctor on Call|Parking Facilities Available|Front Desk|Room Service|First-Aid Kit at Front Desk,Bubahut Boutique Resort
Ooty,The standard check-in time is 12:00 PM and the standard check-out time is 12:00 PM. Early check-in or late check-out is strictly subjected to availability and may be chargeable by the hotel. Any early check-in or late check-out request must be directed and reconfirmed with hotel directly,,Chandra Nivas
Naukuchiatal,The standard check-in time is 12:00 PM and the standard check-out time is 12:00 PM. Early check-in or late check-out is strictly subjected to availability and may be chargeable by the hotel. Any early check-in or late check-out request must be directed and reconfirmed with hotel directly,"Swimming Pool|Doctor on Call|Games Zone|Internet Access - Surcharge|Pick Up and Drop (Rly Station, Bus Stand, Temple)|Campfire / Bon Fire|Food Facility|Guide / Sightseeing Service",Camp lagoon
Alibag,The standard check-in time is 12:00 PM and the standard check-out time is 12:00 PM. Early check-in or late check-out is strictly subjected to availability and may be chargeable by the hotel. Any early check-in or late check-out request must be directed and reconfirmed with hotel directly The standard cancellation policy will not be applicable during festive period ie. 01st Nov'13 to 17Nov'13 and 15th Dec'14 to 15th Jan'15 -  100% retention applicable. Hotel may charge compulsory gala dinner supplement on Christmas / New Year's eve or other festive periods. Any such supplements need to be paid directly at the hotel. Galla Dinner Complusory Charges 1000/-Rs per person should be paid directly to the hotel on 31 Dec 2014,Swimming Pool|Bar / Lounge |Business Center |Concierge|Doctor on Call|Dry Cleaning|Health Club / Gym Facility Available|Internet Access - Surcharge|Laundry Service Available|Lobby|Private / Plunge Pool|Front Desk|Multi Cuisine Restaurant |Welcome Drinks|Gardens|Sauna|Coffee Shop / Cafe|Conference Facility |Fax Machine|Campfire / Bon Fire|Internet Access Free|Newspapers In Lobby|Children's Park|Room Service (24 Hours)|Parking (Surcharge)|Outdoor Parking - Secured|Parking Facility,BigSplash
Goa,The standard check-in time is 01:00 PM and the standard check-out time is 12:00 PM. Early check-in or late check-out is strictly subjected to availability and may be chargeable by the hotel. Any early check-in or late check-out request must be directed and reconfirmed with hotel directly Children up to the age of 18 stay free with parents,Swimming Pool|Airport Transfer Available / Surcharge|Bar / Lounge |Doctor on Call|Laundry Service Available|Parking Facilities Available|Multi Cuisine Restaurant |Locker Facility|Major Credit Cards Accepted|Power Backup|Gardens|Suitable For Children|Grocery| Bike on Rent|Car Rental| Drivers Rest Room|RO Water Purification System|Outdoor Parking - Secured,Casa Legend
Dooars,The standard check-in time is 12:00 PM and the standard check-out time is 12:00 PM. Early check-in or late check-out is strictly subjected to availability and may be chargeable by the hotel. Any early check-in or late check-out request must be directed and reconfirmed with hotel directly It is mandatory for guests to present valid photo identification at the time of check-in. The primary guest checking in to the hotel must be at least 18 years of age.,Doctor on Call|Dry Cleaning|Lobby|Local Tour / Travel Desk|Newspapers In Lobby,Camp of Dooars
Gangtok,The standard check-in time is 12:00 PM and the standard check-out time is 12:00 PM. Early check-in or late check-out is strictly subjected to availability and may be chargeable by the hotel. Any early check-in or late check-out request must be directed and reconfirmed with hotel directly We do not allow unmarried / unrelated couples to checkin. This is at full discretion of the hotel management. No refund would be applicable in case the checkin is denied under such circumstances,Doctor on Call|Lobby|Front Desk|Local Tour / Travel Desk|Major Credit Cards Accepted|24 Hour Front Desk|Luggage Storage|Medical Assistance Available|Air-Conditioning - Central|Power Backup,Canaan Lodge
Manali,The standard check-in time is 12:00 PM and the standard check-out time is 12:00 PM. Early check-in or late check-out is strictly subjected to availability and may be chargeable by the hotel. Any early check-in or late check-out request must be directed and reconfirmed with hotel directly,Doctor on Call|Dry Cleaning|Internet Access - Surcharge|Laundry Service Available|Non Smoking Rooms|Parking Facilities Available|Front Desk|Multi Cuisine Restaurant |Non Smoking Hotel|Local Tour / Travel Desk,Casa Bella Vista
Bangalore,The standard check-in time is 12:00 PM and the standard check-out time is 12:00 PM. Early check-in or late check-out is strictly subjected to availability and may be chargeable by the hotel. Any early check-in or late check-out request must be directed and reconfirmed with hotel directly Summer Offer Special inclusion (March - June)- Book for 3 nights and Get Airport Transfer Complimentary with Free Local Calls/ Book For 5 Nights and One Night stay complimentary with Free Local Calls.  The above inclusions subject to availability.  Hotel may charge compulsory gala dinner supplement on Christmas / New Year's eve or other festive periods. Any such supplements need to be paid directly at the hotel.,Business Center |Doctor on Call|Internet Access - Surcharge|Laundry Service Available|Lift / Elevator|Lobby|Non Smoking Rooms|Front Desk|Multi Cuisine Restaurant |Locker Facility|Local Tour / Travel Desk|Major Credit Cards Accepted|24 Hour Front Desk|Luggage Storage|Doorman|Medical Assistance Available|Air-Conditioning - Central|Power Backup|Multi Lingual Staff|Wake-up Call / Service|Separate Sitting Area|Conference Facility |Smoking Area |Veg / Non Veg Kitchens Separate |Taxi Services|Food Facility|Internet Access Free|Newspapers In Lobby|Family Room|Party hall|Baggage Room|Internet / Fax (Reception area only)|Internet Access|Restaurant|Room Service|CCTV|Full Time Operation for All 7 Days|Security at All Hotel Entrances,Brigade Royale Premier Business Class Hotel
Bangalore,"The standard check-in time is 02:00 PM and the standard check-out time is 12:00 PM. Early check-in or late check-out is strictly subjected to availability and may be chargeable by the hotel. Any early check-in or late check-out request must be directed and reconfirmed with hotel directly Unmarried couples are not allowed and guest are mandatory to produce govt. photo ID proof during check-in i.e passport, driving licence, voters id or aadhar card",Doctor on Call|Parking Facilities Available|Fire Place Available |Water Dispenser Available|RO Water Purification System|Fire Safety|Fire Exit Signs|First-Aid Kit at Front Desk,Bulande Hospitality Near Graphite India Signal
Goa,"The standard check-in time is 03:00 PM and the standard check-out time is 12:00 PM. Early check-in or late check-out is strictly subjected to availability and may be chargeable by the hotel. Any early check-in or late check-out request must be directed and reconfirmed with hotel directly Mandatory Gala dinner is included in room rate for 15/8/15 (Independence Day) , 11/11/15 (Diwali), 25/12/15 (Christmas) and 31/12/15 (New Year's Eve) for reservations taken after 24/02/2015 only.",Swimming Pool|Bar / Lounge |Barbecue Area|Beauty Salon - on charge|Business Center |Health Club / Gym Facility Available|Laundry Service Available|Lift / Elevator|Parking Facilities Available|Front Desk|Multi Cuisine Restaurant |Locker Facility|Spa On Site - Chargeable|Table Tennis|Tennis Court|Welcome Drinks|Gardens|Fitness Equipment|Sauna|Coffee Shop / Cafe|Conference Facility |Jacuzzi|Pool Table|Poolside Bar|Open Air Restaurant / Dining |Transfers Available|Veg / Non Veg Kitchens Separate |Vegetarian Food / Jain Food Available|Badminttion Court|Board Room|Internet Access Free|Newspapers In Lobby|Children's Park|Room Service (24 Hours)|Airport Transfer Free|Outdoor Parking - Secured|Parking Facility|Restaurant|Recreation Zone,Cidade De Goa
Guhagar,The standard check-in time is 12:00 PM and the standard check-out time is 12:00 PM. Early check-in or late check-out is strictly subjected to availability and may be chargeable by the hotel. Any early check-in or late check-out request must be directed and reconfirmed with hotel directly We do not allow unmarried / unrelated couples to checkin. This is at full discretion of the hotel management. No refund would be applicable in case the checkin is denied under such circumstances,Airport Transfer Available / Surcharge|Business Center |Concierge|Currency Exchange|Disabled Friendly Facilities |Doctor on Call|Dry Cleaning|Internet Access - Surcharge|Laundry Service Available|Library|Lift / Elevator|Lobby|Non Smoking Rooms|Parking Facilities Available|Front Desk|Locker Facility|Medical Assistance Available|Power Backup|Room Service|Fire Safety|Fire Exit Signs|First-Aid Kit at Front Desk,Chaitanya Niwas
Rajkot,"The standard check-in time is 12:00 PM and the standard check-out time is 10:00 AM. Early check-in or late check-out is strictly subjected to availability and may be chargeable by the hotel. Any early check-in or late check-out request must be directed and reconfirmed with hotel directly *Valid Identification Documents/ Proof are Mandatory. *In case of any unusual/ improper/ suspicious act, Hotel can cancel Room. *Unmarried and unrelated couples will not be allowed to check in due to security reason. *Customer has to carry a copy of booking voucher at the time of check in. *Check Inn @ 12:00 Noon and Check Out is 10:00 AM. After that half day charges will be applicable. *Early check-in or late check-out is strictly subjected to availability and may be chargeable by the hotel.  *Pets are not allowed.",Swimming Pool|Doctor on Call|Games Zone|Internet Access - Surcharge|Laundry Service Available|Lift / Elevator|Lobby|Parking Facilities Available|Front Desk|Locker Facility|24 Hour Front Desk|Luggage Storage|Medical Assistance Available|Express Check-In / Check-Out|Wake-up Call / Service|Car Rental|Restaurant|CCTV,Chouki Dhani
Goa,The standard check-in time is 12:00 PM and the standard check-out time is 10:00 AM. Early check-in or late check-out is strictly subjected to availability and may be chargeable by the hotel. Any early check-in or late check-out request must be directed and reconfirmed with hotel directly It is mandatory to provide atleast ONE photo identity i.e pan card/drivers license/voter's id/aadhaar card during check-in. The identity card will be returned at check-out. Failure to provide the said card will be denied entry to the rooms.,Doctor on Call|Lobby|Parking Facilities Available|Local Tour / Travel Desk|Power Backup|RO Water Purification System|CCTV,C.M.Sieiro Guest House
Delhi,The standard check-in time is 12:00 PM and the standard check-out time is 12:00 PM. Early check-in or late check-out is strictly subjected to availability and may be chargeable by the hotel. Any early check-in or late check-out request must be directed and reconfirmed with hotel directly,Banquet Facilities|Bar / Lounge |Doctor on Call|Dry Cleaning|Health Club / Gym Facility Available|Laundry Service Available|Lift / Elevator|Lobby|Front Desk|Multi Cuisine Restaurant |Locker Facility|Local Tour / Travel Desk|24 Hour Front Desk|Welcome Drinks|Power Backup|Conference Facility |Parking Facility,Centaur Hotel
Kalimpong,The standard check-in time is 12:00 PM and the standard check-out time is 12:00 PM. Early check-in or late check-out is strictly subjected to availability and may be chargeable by the hotel. Any early check-in or late check-out request must be directed and reconfirmed with hotel directly ID cards are mandatory during the time of check in.,Doctor on Call|Lobby|Parking Facilities Available|Front Desk|24 Hour Front Desk|Luggage Storage|Doorman|Medical Assistance Available|Multi Lingual Staff|STD / ISD|Parking Facility|First-Aid Kit at Front Desk,chavi Village Resort
Gurgaon,The standard check-in time is 02:00 PM and the standard check-out time is 12:00 PM. Early check-in or late check-out is strictly subjected to availability and may be chargeable by the hotel. Any early check-in or late check-out request must be directed and reconfirmed with hotel directly Valid ID proof is required at the time of check in for all guests.,Doctor on Call|Parking Facilities Available|Outdoor Parking - Secured|Parking Facility|Public Restrooms,Citi Suites  southcity 1
Guruvayoor,The standard check-in time is 03:00 PM and the standard check-out time is 02:00 PM. Early check-in or late check-out is strictly subjected to availability and may be chargeable by the hotel. Any early check-in or late check-out request must be directed and reconfirmed with hotel directly 1. Any Amendment/Cancellation 72 hours prior to the check in date :- No Charge 2. Any Amendment/ Cancellation between 72 hours to the check in date :- 50% of total booked period.,Airport Transfer Available / Surcharge|Banquet Facilities|Business Center |Concierge|Currency Exchange|Doctor on Call|Dry Cleaning|Internet Access - Surcharge|Laundry Service Available|Lift / Elevator|Lobby|Non Smoking Rooms|Parking Facilities Available|Front Desk|Locker Facility|Non Smoking Hotel|Local Tour / Travel Desk|Major Credit Cards Accepted|24 Hour Front Desk|Luggage Storage|Doorman|Air-Conditioning - Central|Welcome Drinks|Power Backup|Wedding Services Facility|Wake-up Call / Service|Porter / Bellhop|Suitable For Children|Conference Facility |Smoking Area |In House Events |Extra Person / Child - Share the same room|Water Dispenser Available|Taxi Services|Board Room|Internet Access Free|Newspapers In Lobby|Postal / Parcel Services|Family Room|Room Service (24 Hours)|Party hall|STD / ISD|Baggage Room|Courier Service|Internet / Fax (Reception area only)|Adjoining Rooms|RO Water Purification System|Outdoor Parking - Secured|Parking Facility|Internet Access|Room Service|Fire Safety|CCTV|First-Aid Kit at Front Desk|Full Time Operation for All 7 Days|Pest Control Facility|Public Restrooms|Security at All Hotel Entrances|Smoke Detector|Stamps and Mailing Facility|Suites,Chandana Inn
Ghaziabad,The standard check-in time is 10:00 AM and the standard check-out time is 10:00 AM. Early check-in or late check-out is strictly subjected to availability and may be chargeable by the hotel. Any early check-in or late check-out request must be directed and reconfirmed with hotel directly,Parking Facilities Available,BLACK STONE HOTEL
Rishikesh,The standard check-in time is 12:00 PM and the standard check-out time is 12:00 PM. Early check-in or late check-out is strictly subjected to availability and may be chargeable by the hotel. Any early check-in or late check-out request must be directed and reconfirmed with hotel directly The standard check-in time is 12:00 PM and the standard check-out time is 12:00 PM. Early check-in or late check-out is strictly subjected to availability and may be chargeable by the hotel.,Doctor on Call|Parking Facilities Available|Multi Cuisine Restaurant |Locker Facility|Room Service (24 Hours),Camp Himaliyan Adventure
Tuljapur,The standard check-in time is 12:00 PM and the standard check-out time is 12:00 PM. Early check-in or late check-out is strictly subjected to availability and may be chargeable by the hotel. Any early check-in or late check-out request must be directed and reconfirmed with hotel directly We do not allow unmarried / unrelated couples to checkin. This is at full discretion of the hotel management. No refund would be applicable in case the checkin is denied under such circumstances,Doctor on Call|Dry Cleaning|Laundry Service Available|Non Smoking Rooms|Parking Facilities Available|Front Desk|24 Hour Front Desk|Luggage Storage|Medical Assistance Available|Smoking Rooms|Baggage Room|Parking Facility|Room Service,Bhakti Sankul Lodge
Ganpatipule,The standard check-in time is 02:00 PM and the standard check-out time is 11:00 AM. Early check-in or late check-out is strictly subjected to availability and may be chargeable by the hotel. Any early check-in or late check-out request must be directed and reconfirmed with hotel directly 10 percent off on Laundry  AND 10 percent Off on Food and Beverage include both alcoholic and non-alcoholic,Swimming Pool|Airport Transfer Available / Surcharge|Bar / Lounge |Concierge|Currency Exchange|Doctor on Call|Dry Cleaning|Games Zone|Health Club / Gym Facility Available|Internet Access - Surcharge|Laundry Service Available|Parking Facilities Available|Front Desk|Multi Cuisine Restaurant |Locker Facility|Spa On Site - Chargeable|Local Tour / Travel Desk|Valet service|24 Hour Front Desk|Doorman|Air-Conditioning - Central|Welcome Drinks|Power Backup|Audio - Visual Equipment|Catering|Coffee Shop / Cafe|Conference Facility |Jacuzzi|Wheelchair Accessibility - Room|Pool Table|Massage Services |Poolside Bar|Veranda|Open Air Restaurant / Dining |Transfers Available|Vegetarian Food / Jain Food Available|Car Rental|Board Room|Food Facility|Internet Access Free|Whirlpool Bath / Shower Cubicle|Room Service (24 Hours)|Courier Service|Internet / Fax (Reception area only)|Outdoor Parking - Secured|Parking Facility|Internet Access|Restaurant|Room Service|Anti-Slip Ramps|CCTV|First-Aid Kit at Front Desk|Full Time Operation for All 7 Days|Porter Services Available|Security at All Hotel Entrances|Suites,Blue Ocean Resort &amp; Spa By Apodis
Vapi,The standard check-in time is 12:00 PM and the standard check-out time is 12:00 PM. Early check-in or late check-out is strictly subjected to availability and may be chargeable by the hotel. Any early check-in or late check-out request must be directed and reconfirmed with hotel directly Illegal Couple strictly not allowed Alocohol not allowed,Banquet Facilities|Business Center |Doctor on Call|Dry Cleaning|Laundry Service Available|Lift / Elevator|Lobby|Parking Facilities Available|Front Desk|Multi Cuisine Restaurant |Major Credit Cards Accepted|24 Hour Front Desk|Luggage Storage|Power Backup|Wake-up Call / Service|ATM / Banking|Electronic / Magnetic Keys|Free Local Calls|Car Rental|Express Laundry|Taxi Services|Internet Access Free|Electronic Check-Out|Room Service (24 Hours)|Air / Rail Booking|Outdoor Parking - Secured|Parking Facility|Room Service,Budget Inn Palm Regency
Jodhpur,The standard check-in time is 02:00 PM and the standard check-out time is 10:00 AM. Early check-in or late check-out is strictly subjected to availability and may be chargeable by the hotel. Any early check-in or late check-out request must be directed and reconfirmed with hotel directly All Rights Reserved with Hotel. Mandatory New year Gala Dinner Charges 3000 INR Per Person directly payable at Hotel.,Airport Transfer Available / Surcharge|Banquet Facilities|Business Center |Currency Exchange|Doctor on Call|Laundry Service Available|Parking Facilities Available|Pets Allowed|Front Desk|Multi Cuisine Restaurant |Non Smoking Hotel|Local Tour / Travel Desk|Medical Assistance Available|Welcome Drinks|Power Backup|Express Check-In / Check-Out|Wedding Services Facility|Suitable For Children|Conference Facility |ATM / Banking|Fire Place Available |Open Air Restaurant / Dining |Veg / Non Veg Kitchens Separate |Vegetarian Food / Jain Food Available|Village Visit ( Chargeable )|Taxi Services|Board Room|Campfire / Bon Fire|Food Facility| Drivers Rest Room|RO Water Purification System|Outdoor Parking - Secured|Parking Facility|Restaurant|Room Service|CCTV|Flower Shop|Public Restrooms|Speciality Restaurant,CAMP THAR
Delhi,"The standard check-in time is 12:30 PM and the standard check-out time is 12:00 PM. Early check-in or late check-out is strictly subjected to availability and may be chargeable by the hotel. Any early check-in or late check-out request must be directed and reconfirmed with hotel directly We are a group of properties, In case of some unavoidable situation, we can shift you to our sister concern properties which are adjacently located to each other. As per The government of Delhi at the time of check-in guest has to present all valid Id proofs (i.e Aadhar Card, Voter ID, Passport),Pan card will not be entertained as valid ID proof, in case of failure , hotel will not allow guest check-in.. Unrelated couples are not allowed and Guest with local id's are not allowed for check-In..","Airport Transfer Available / Surcharge|Babysitting/ Child Care (surcharge)|Concierge|Currency Exchange|Doctor on Call|Dry Cleaning|Laundry Service Available|Lift / Elevator|Lobby|Non Smoking Rooms|Parking Facilities Available|Front Desk|Multi Cuisine Restaurant |Locker Facility|Non Smoking Hotel|Local Tour / Travel Desk|Major Credit Cards Accepted|24 Hour Front Desk|Luggage Storage|Medical Assistance Available|Air-Conditioning - Central|Power Backup|Express Check-In / Check-Out|Multi Lingual Staff|Exhibit Space|Wake-up Call / Service|Suitable For Children|Smoking Rooms|Kitchen available (home cook food on request)|Electronic / Magnetic Keys|Multi - Line Phone|Free Local Calls|Pick Up and Drop (Rly Station, Bus Stand, Temple)|Smoking Area |Open Air Restaurant / Dining |Extra Person / Child - Share the same room|Express Laundry|Water Dispenser Available|Taxi Services|Food Facility|Internet Access Free|Newspapers In Lobby|Electronic Check-Out|Postal / Parcel Services|Family Room|Room Service (24 Hours)| Cook Services|Air / Rail Booking|Courier Service|Guide / Sightseeing Service|RO Water Purification System|Outdoor Parking - Secured|Parking Facility|Restaurant|Room Service|CCTV|First-Aid Kit at Front Desk|Stamps and Mailing Facility",Check In Room Chuna Mandi
Mcleodganj,The standard check-in time is 02:00 PM and the standard check-out time is 12:00 PM. Early check-in or late check-out is strictly subjected to availability and may be chargeable by the hotel. Any early check-in or late check-out request must be directed and reconfirmed with hotel directly Pets are not allowed. Valid Photo ID required for check-in,,Chonor House
Coorg,The standard check-in time is 12:00 PM and the standard check-out time is 11:00 AM. Early check-in or late check-out is strictly subjected to availability and may be chargeable by the hotel. Any early check-in or late check-out request must be directed and reconfirmed with hotel directly,Doctor on Call|Parking Facilities Available|Medical Assistance Available|Gardens|Transfers Available,Chingaara Estate Stay
Vadodara,The standard check-in time is 11:00 AM and the standard check-out time is 10:00 AM. Early check-in or late check-out is strictly subjected to availability and may be chargeable by the hotel. Any early check-in or late check-out request must be directed and reconfirmed with hotel directly Unmarried couples not allowed Carry Valid Photo Id proof at the time of check in Hotel may charge compulsory gala dinner supplement on Christmas / New Year's eve or other festive periods. Any such supplements need to be paid directly at the hotel,,Casa Paradise Resort
Delhi,The standard check-in time is 02:00 PM and the standard check-out time is 11:00 AM. Early check-in or late check-out is strictly subjected to availability and may be chargeable by the hotel. Any early check-in or late check-out request must be directed and reconfirmed with hotel directly,,BnB in GK II
Kalimpong,The standard check-in time is 12:00 PM and the standard check-out time is 12:00 PM. Early check-in or late check-out is strictly subjected to availability and may be chargeable by the hotel. Any early check-in or late check-out request must be directed and reconfirmed with hotel directly check-in time is 1200 hours and checkout time is 1200 hours. Early check-in and late checkout is subject to availability. An additional charge of 50% of the room rate paid  1600 hours and 100% charge will be applicable post 1800 hours.,Bar / Lounge |Business Center |Dry Cleaning|Internet Access - Surcharge|Laundry Service Available|Lobby|Parking Facilities Available|Front Desk|Multi Cuisine Restaurant |24 Hour Front Desk|Medical Assistance Available|Welcome Drinks|Power Backup|Catering|Wake-up Call / Service|Coffee Shop / Cafe|Conference Facility |Fax Machine|Veg / Non Veg Kitchens Separate |Vegetarian Food / Jain Food Available|Car Rental|Express Laundry|Board Room| Drivers Rest Room|Internet Access Free|Newspapers In Lobby|Family Room|Room Service (24 Hours)|Baggage Room|Internet / Fax (Reception area only)|RO Water Purification System|Outdoor Parking - Secured|Parking Facility,breathing Stone
Shimla,The standard check-in time is 12:00 PM and the standard check-out time is 12:00 PM. Early check-in or late check-out is strictly subjected to availability and may be chargeable by the hotel. Any early check-in or late check-out request must be directed and reconfirmed with hotel directly Up to 48 hours prior to arrival date - No cancellation fee From 24 hours up to arrival date - 1 Night Retention No Show - 1 Night Retention Hotel may charge compulsory gala dinner supplement on Christmas / New Year's eve or other festive periods. Any such supplements need to be paid directly at the hotel.,Doctor on Call|Library|Parking Facilities Available|Multi Cuisine Restaurant |Conference Facility |Kitchen available (home cook food on request)|Car Rental|Amphitheatre|Room Service (24 Hours),Camp Chrysalid Junga
Jodhpur,"The standard check-in time is 12:00 PM and the standard check-out time is 11:00 AM. Early check-in or late check-out is strictly subjected to availability and may be chargeable by the hotel. Any early check-in or late check-out request must be directed and reconfirmed with hotel directly Hotel may charge compulsory supplement on Christmas,New Years eve and other festive periods. Any such supplements need to be paid at the hotel.As per the govt. guidelines valid govt. issued id proofs are required to be presented on C/in.",Currency Exchange|Doctor on Call|Local Tour / Travel Desk|Major Credit Cards Accepted|Safari|Car Rental|Guide / Sightseeing Service,Bishnoi Village Camp and Resort
Tiruchirappalli,The standard check-in time is 12:00 PM and the standard check-out time is 12:00 PM. Early check-in or late check-out is strictly subjected to availability and may be chargeable by the hotel. Any early check-in or late check-out request must be directed and reconfirmed with hotel directly,Business Center |Doctor on Call|Lobby|Parking Facilities Available|Front Desk|Multi Cuisine Restaurant |Locker Facility|Secretarial Services|Local Tour / Travel Desk|24 Hour Front Desk|Room Service (24 Hours),Breeze Residency
Jaisalmer,The standard check-in time is 12:45 PM and the standard check-out time is 10:45 AM. Early check-in or late check-out is strictly subjected to availability and may be chargeable by the hotel. Any early check-in or late check-out request must be directed and reconfirmed with hotel directly no cancellation,Business Center |Pets Allowed|Power Backup|Express Check-In / Check-Out|Dance Performances (on demand)|Karaoke | Drivers Rest Room|Airport Transfer Free,Camp Royal Paradise
Bangalore,The standard check-in time is 12:00 PM and the standard check-out time is 12:00 PM. Early check-in or late check-out is strictly subjected to availability and may be chargeable by the hotel. Any early check-in or late check-out request must be directed and reconfirmed with hotel directly,Airport Transfer Available / Surcharge|Doctor on Call|Dry Cleaning|Internet Access - Surcharge|Laundry Service Available|Lobby|Parking Facilities Available|Front Desk|Major Credit Cards Accepted|Express Check-In / Check-Out|Wake-up Call / Service|Kitchen available (home cook food on request)|Car Rental|Newspapers In Lobby|Parking Facility,Catalyst- L&amp;T South City
Cochin,The standard check-in time is 12:00 PM and the standard check-out time is 11:00 AM. Early check-in or late check-out is strictly subjected to availability and may be chargeable by the hotel. Any early check-in or late check-out request must be directed and reconfirmed with hotel directly Valid ID proof is mandatory on arrival,Airport Transfer Available / Surcharge|Doctor on Call|Laundry Service Available|24 Hour Front Desk|Internet Access Free,Christville Homestay
Puri,"The standard check-in time is 10:00 AM and the standard check-out time is 08:00 AM. Early check-in or late check-out is strictly subjected to availability and may be chargeable by the hotel. Any early check-in or late check-out request must be directed and reconfirmed with hotel directly C/in and C/out policy:- The Hotels standard check-in time is 09:00 AM local time. Early check-in is subject to availability.  The Hotels standard check out time is 08:00 AM local time. 50% charges will be applicable until 14:00 hours, and one day charges will be applicable after 14:00 hours. Late check outs will be provided on request subject to availability Compulsory Gala dinner supplement charges on 31st Dec eve @ Rs. 1599/- per person (above 12 yrs) and Rs. 799/- (above 6 yrs) per child need to be paid directly in the hotel at the time of check in.",Swimming Pool|Airport Transfer Available / Surcharge|Banquet Facilities|Business Center |Currency Exchange|Doctor on Call|Dry Cleaning|Internet Access - Surcharge|Laundry Service Available|Lobby|Parking Facilities Available|Front Desk|Multi Cuisine Restaurant,Bluelily Beach Resort
Coimbatore,The standard check-in time is 12:00 PM and the standard check-out time is 12:00 PM. Early check-in or late check-out is strictly subjected to availability and may be chargeable by the hotel. Any early check-in or late check-out request must be directed and reconfirmed with hotel directly It is mandatory for guests to present valid photo identification at the time of check-in. Early check-in or late check-out is subject to availability and may be chargeable by the hotel. The standard check-in time is 12 PM and the standard check-out time is 12 PM.,Airport Transfer Available / Surcharge|Doctor on Call|Laundry Service Available|Power Backup|Kitchen available (home cook food on request)|Internet Access Free|Room Service (24 Hours),Blue Stones Service Apartments
Delhi,The standard check-in time is 12:00 PM and the standard check-out time is 12:00 PM. Early check-in or late check-out is strictly subjected to availability and may be chargeable by the hotel. Any early check-in or late check-out request must be directed and reconfirmed with hotel directly WE DONT ALLOW CHILDREN UNDER 15 YEARS OF AGE,Doctor on Call|Dry Cleaning|Laundry Service Available|Front Desk|Locker Facility|24 Hour Front Desk|Doorman|Internet Access Free|Newspapers In Lobby|Outdoor Parking - Non Secured|Internet Access|Room Service|Fire Safety|CCTV|Fire Exit Signs,BORIBISTA BACKPACKING HOSTEL
Srinagar,The standard check-in time is 02:00 PM and the standard check-out time is 12:00 PM. Early check-in or late check-out is strictly subjected to availability and may be chargeable by the hotel. Any early check-in or late check-out request must be directed and reconfirmed with hotel directly From 01 Jul - 30 Nov 2016 One night retention 07 days prior to check inn From 01 Apr-30 Jun 2016 One night retention 30 days prior to check inn,Beauty Salon - on charge|Dry Cleaning|Local Tour / Travel Desk|Luggage Storage|Car Rental|Postal / Parcel Services|Room Service (24 Hours)|Air / Rail Booking|Courier Service|Guide / Sightseeing Service,Billoo Palace Houseboat
Rewari,The standard check-in time is 03:00 PM and the standard check-out time is 12:00 PM. Early check-in or late check-out is strictly subjected to availability and may be chargeable by the hotel. Any early check-in or late check-out request must be directed and reconfirmed with hotel directly Guests(Female occupant with Male) with the Rewari Id will not be entertained. Foreigners must carry passport with valid Visa. Non Resident Indians (NRI's) must carry passport with valid visa or any authentic valid Indian identification ID.,"Doctor on Call|Dry Cleaning|Internet Access - Surcharge|Laundry Service Available|Lift / Elevator|Lobby|Parking Facilities Available|Front Desk|Multi Cuisine Restaurant |Major Credit Cards Accepted|24 Hour Front Desk|Doorman|Air-Conditioning - Central|Power Backup|Wake-up Call / Service|Pick Up and Drop (Rly Station, Bus Stand, Temple)|Shopping Drop Facility (on fixed timings)|In House Events |Vegetarian Food / Jain Food Available|Extra Person / Child - Share the same room|Self Check - In|Taxi Services|Food Facility| Drivers Rest Room|Internet Access Free|Newspapers In Lobby|Family Room|Party hall|Air / Rail Booking|RO Water Purification System|Outdoor Parking - Secured|Room Service",Bilberry Hotel
Goa,The standard check-in time is 11:00 AM and the standard check-out time is 10:00 AM. Early check-in or late check-out is strictly subjected to availability and may be chargeable by the hotel. Any early check-in or late check-out request must be directed and reconfirmed with hotel directly * No chewing of Paan or Gutka in Hotel Premises * Pets not allowed * No Playing very loud music in the room * Minimum 2 night stay,Swimming Pool|Airport Transfer Available / Surcharge|Doctor on Call|Laundry Service Available|Library|Lobby|Parking Facilities Available|Front Desk|Multi Cuisine Restaurant |Local Tour / Travel Desk|24 Hour Front Desk|Luggage Storage|Power Backup|Gardens|Wedding Services Facility|Suitable For Children|Pool Table|Veranda|Village Visit ( Chargeable )|Car Rental|Taxi Services|Air / Rail Booking|Guide / Sightseeing Service,Blue Marine Beach Resort
Udaipur,The standard check-in time is 02:00 PM and the standard check-out time is 12:00 PM. Early check-in or late check-out is strictly subjected to availability and may be chargeable by the hotel. Any early check-in or late check-out request must be directed and reconfirmed with hotel directly Hotel may charge compulsory gala dinner supplement on Christmas / New Year's eve or other festive periods. Any such supplements need to be paid directly at the hotel.,,Chunda Palace
Gurgaon,The standard check-in time is 12:00 PM and the standard check-out time is 12:00 PM. Early check-in or late check-out is strictly subjected to availability and may be chargeable by the hotel. Any early check-in or late check-out request must be directed and reconfirmed with hotel directly Accommodation can be denied to guests posing as a couple if suitable proof of identification is not presented at check-in.  The hotel reserves the right of admission for local residents.,Doctor on Call|Dry Cleaning|Laundry Service Available|Parking Facilities Available|Front Desk|RO Water Purification System,Callista-1
Alleppey,The standard check-in time is 12:00 PM and the standard check-out time is 11:00 AM. Early check-in or late check-out is strictly subjected to availability and may be chargeable by the hotel. Any early check-in or late check-out request must be directed and reconfirmed with hotel directly Check in : 12 noon Check out : 11 am Guests are requested to provide Valid Address ID proof at the time of check in and Foreign Nationals Pass Port,Doctor on Call|Lobby|Parking Facilities Available|Front Desk|Power Backup|Internet Access Free|RO Water Purification System|Parking Facility|Room Service|Public Restrooms,Chaandhni Lake View
Ajmer,The standard check-in time is 12:00 PM and the standard check-out time is 12:00 PM. Early check-in or late check-out is strictly subjected to availability and may be chargeable by the hotel. Any early check-in or late check-out request must be directed and reconfirmed with hotel directly We do not allow unmarried / unrelated couples to checkin. This is at full discretion of the hotel management. No refund would be applicable in case the checkin is denied under such circumstances),"Airport Transfer Available / Surcharge|Banquet Facilities|Barbecue Area|Doctor on Call|Dry Cleaning|Laundry Service Available|Lift / Elevator|Non Smoking Rooms|Parking Facilities Available|Front Desk|Multi Cuisine Restaurant |Local Tour / Travel Desk|24 Hour Front Desk|Luggage Storage|Doorman|Air-Conditioning - Central|Welcome Drinks|Power Backup|Express Check-In / Check-Out|Gardens|Audio - Visual Equipment|Wedding Services Facility|Wake-up Call / Service|Separate Sitting Area|Conference Facility |Fire Place Available |Pick Up and Drop (Rly Station, Bus Stand, Temple)|Smoking Area |Kids Play Zone|Mini Theatre|Campfire / Bon Fire|Internet Access Free|Newspapers In Lobby|Room Service (24 Hours)|STD / ISD|Parking Facility|Internet Access|Restaurant|CCTV|Stamps and Mailing Facility|Suites",Bijainagar Fort by 1589 Hotels
Kullu,The standard check-in time is 12:00 PM and the standard check-out time is 12:00 PM. Early check-in or late check-out is strictly subjected to availability and may be chargeable by the hotel. Any early check-in or late check-out request must be directed and reconfirmed with hotel directly We respects the privacy of all its customer and business partners. Arrival and Departure policy as below :-  Check in and Check out - 1200 Hours  Early in Check and Late Check out Subjected to availability,Laundry Service Available|Parking Facilities Available|Medical Assistance Available|Suitable For Children|Nature Walk|Food Facility|Room Service|Full Time Operation for All 7 Days,BISHT NIWAS
Manali,The standard check-in time is 12:00 PM and the standard check-out time is 12:00 PM. Early check-in or late check-out is strictly subjected to availability and may be chargeable by the hotel. Any early check-in or late check-out request must be directed and reconfirmed with hotel directly,Room Service (24 Hours)|Parking Facility,Budget Cottages Manali
Alleppey,The standard check-in time is 12:00 PM and the standard check-out time is 12:00 PM. Early check-in or late check-out is strictly subjected to availability and may be chargeable by the hotel. Any early check-in or late check-out request must be directed and reconfirmed with hotel directly We do not allow unmarried / unrelated couples to checkin. This is at full discretion of the hotel management. No refund would be applicable in case the checkin is denied under such circumstances.,Lobby|24 Hour Front Desk|Luggage Storage|Doorman|Adjoining Rooms,canal view residency
Ernakulam,"The standard check-in time is 12:00 PM and the standard check-out time is 12:00 PM. Early check-in or late check-out is strictly subjected to availability and may be chargeable by the hotel. Any early check-in or late check-out request must be directed and reconfirmed with hotel directly Booking rates will not be valid for Christmas  New year dates, High season  long weekend dates  extra supplement will be charged over  above the paid rates as per actual  hotel discretion.",Doctor on Call|Parking Facilities Available|Outdoor Parking - Secured|Parking Facility|Public Restrooms,Cherai Beach Palace
Ooty,"The standard check-in time is 02:00 PM and the standard check-out time is 12:00 PM. Early check-in or late check-out is strictly subjected to availability and may be chargeable by the hotel. Any early check-in or late check-out request must be directed and reconfirmed with hotel directly Booking rates will not be valid for Christmas and New year dates, High season and long weekend dates extra supplement will be charged over and above the paid rates as per actual and hotel discretion.",Doctor on Call|Parking Facilities Available|Front Desk|Local Tour / Travel Desk|Room Service|First-Aid Kit at Front Desk,Breeze Cottage
Goa,The standard check-in time is 11:00 AM and the standard check-out time is 10:00 AM. Early check-in or late check-out is strictly subjected to availability and may be chargeable by the hotel. Any early check-in or late check-out request must be directed and reconfirmed with hotel directly Mandatory Photo Identity for all the guest who crossed their minority Pancard is not valid as Photo Identity Pets not allowed All pay @ hotel bookings will be confirmed on advance payment basis only,Laundry Service Available|Parking Facilities Available|Gardens|Parking Facility|Room Service,Casa Amigos Holiday Homes
Pune,The standard check-in time is 12:00 PM and the standard check-out time is 12:00 PM. Early check-in or late check-out is strictly subjected to availability and may be chargeable by the hotel. Any early check-in or late check-out request must be directed and reconfirmed with hotel directly we need ID proof at the time of check in. unmarried couples not allowed,Laundry Service Available|Lift / Elevator|Lobby|Front Desk|Locker Facility|Power Backup|Internet Access Free|Newspapers In Lobby|Room Service (24 Hours)| Cook Services,Cherry Tree
Mumbai,The standard check-in time is 10:00 AM and the standard check-out time is 10:00 AM. Early check-in or late check-out is strictly subjected to availability and may be chargeable by the hotel. Any early check-in or late check-out request must be directed and reconfirmed with hotel directly,Doctor on Call|Dry Cleaning|Laundry Service Available|24 Hour Front Desk|Room Service,Central Guest House
Thiruvananthapuram,The standard check-in time is 03:00 PM and the standard check-out time is 03:00 PM. Early check-in or late check-out is strictly subjected to availability and may be chargeable by the hotel. Any early check-in or late check-out request must be directed and reconfirmed with hotel directly 24 Hrs check in check out .,"Airport Transfer Available / Surcharge|Banquet Facilities|Business Center |Concierge|Currency Exchange|Doctor on Call|Dry Cleaning|Laundry Service Available|Lift / Elevator|Lobby|Non Smoking Rooms|Parking Facilities Available|Front Desk|Multi Cuisine Restaurant |Locker Facility|Non Smoking Hotel|Local Tour / Travel Desk|Valet service|Major Credit Cards Accepted|24 Hour Front Desk|Luggage Storage|Doorman|Medical Assistance Available|Welcome Drinks|Power Backup|Audio - Visual Equipment|Catering|Wake-up Call / Service|Porter / Bellhop|Coffee Shop / Cafe|Conference Facility |Fax Machine|Kitchen available (home cook food on request)|Multi - Line Phone|Wheelchair Accessibility - Room|Massage Services |Pick Up and Drop (Rly Station, Bus Stand, Temple)|Smoking Area |Open Air Restaurant / Dining |Veg / Non Veg Kitchens Separate |Vegetarian Food / Jain Food Available|Extra Person / Child - Share the same room|Village Visit ( Chargeable )|Taxi Services|Board Room|Food Facility|Internet Access Free|Newspapers In Lobby|Room Service (24 Hours)|Party hall|Air / Rail Booking|STD / ISD|Baggage Room|Laptop Available on Hire|Internet / Fax (Reception area only)|Adjoining Rooms|Outdoor Parking - Secured|Parking Facility",Chirag Inn
Ernakulam,The standard check-in time is 02:00 PM and the standard check-out time is 11:00 AM. Early check-in or late check-out is strictly subjected to availability and may be chargeable by the hotel. Any early check-in or late check-out request must be directed and reconfirmed with hotel directly Hotel may charge compulsory gala dinner supplement on Christmas / New Year's eve or other festive periods. Any such supplements need to be paid directly at the hotel.,Banquet Facilities|Business Center |Doctor on Call|Health Club / Gym Facility Available|Laundry Service Available|Multi Cuisine Restaurant |Locker Facility,Brunton Boatyard
Dera Bassi,The standard check-in time is 12:00 PM and the standard check-out time is 12:00 PM. Early check-in or late check-out is strictly subjected to availability and may be chargeable by the hotel. Any early check-in or late check-out request must be directed and reconfirmed with hotel directly We do not allow unmarried / unrelated couples to checkin.  This is at full discretion of the hotel management. No refund would be applicable in case the checkin is denied under such circumstances,Doctor on Call|Parking Facilities Available|Front Desk|Baggage Room|Adjoining Rooms|RO Water Purification System|Outdoor Parking - Secured|Parking Facility|Room Service|First-Aid Kit at Front Desk,Cassowary Hotel
Ranchi,The standard check-in time is 12:00 PM and the standard check-out time is 12:00 PM. Early check-in or late check-out is strictly subjected to availability and may be chargeable by the hotel. Any early check-in or late check-out request must be directed and reconfirmed with hotel directly pets are not allowed... Single lady visitor are not allowed to gents guest room and vice versa.,Swimming Pool|Airport Transfer Available / Surcharge|Banquet Facilities|Bar / Lounge |Business Center |Currency Exchange|Doctor on Call|Dry Cleaning|Health Club / Gym Facility Available|Laundry Service Available|Lift / Elevator|Lobby|Parking Facilities Available|Front Desk|Multi Cuisine Restaurant |Locker Facility|Local Tour / Travel Desk|Major Credit Cards Accepted|24 Hour Front Desk|Doorman|Medical Assistance Available|Air-Conditioning - Central|Welcome Drinks|Power Backup|Gardens|Audio - Visual Equipment|Wedding Services Facility|Wake-up Call / Service|Porter / Bellhop|Suitable For Children|Coffee Shop / Cafe|Conference Facility |Smoking Rooms|Fax Machine|Wheelchair Accessibility - Room|Massage Services |Car Rental|Express Laundry|Board Room|Food Facility|Internet Access Free|Newspapers In Lobby|Room Service (24 Hours)|Party hall|Baggage Room|Outdoor Parking - Secured|Parking Facility,Chanakya BNR Ranchi
Delhi,"The standard check-in time is 02:00 PM and the standard check-out time is 11:00 AM. Early check-in or late check-out is strictly subjected to availability and may be chargeable by the hotel. Any early check-in or late check-out request must be directed and reconfirmed with hotel directly Restrictions(Not Allowed): Loud Music, Pets",,Caravan Home Stay
Shimla,The standard check-in time is 12:00 PM and the standard check-out time is 12:00 PM. Early check-in or late check-out is strictly subjected to availability and may be chargeable by the hotel. Any early check-in or late check-out request must be directed and reconfirmed with hotel directly Hotel may charge compulsory gala dinner supplement on Christmas / New Year's eve or other festive periods. Any such supplements need to be paid directly at the hotel. Charges as given below -  Compulsory Christmas 25th Dec Gala Dinner charges would be Rs. 5000 extra for a couple and Extra person (Above 6 Years) @ Rs. 2500. Compulsory New Year 31st Dec Gala Dinner charges would be Rs. 6000 extra for a couple and Extra person (Above 6 Years) @ Rs. 3000. Stags entry not allowed.,"Airport Transfer Available / Surcharge|Bar / Lounge |Concierge|Doctor on Call|Internet Access - Surcharge|Laundry Service Available|Lift / Elevator|Lobby|Non Smoking Rooms|Front Desk|Multi Cuisine Restaurant |Local Tour / Travel Desk|Major Credit Cards Accepted|24 Hour Front Desk|Luggage Storage|Power Backup|Computer Rental|Wake-up Call / Service|Separate Sitting Area|Conference Facility |Smoking Rooms|ATM / Banking|Fax Machine|Pick Up and Drop (Rly Station, Bus Stand, Temple)|Nature Walk|Smoking Area |Horse Ride ( Chargeable ) |Village Visit ( Chargeable )|Car Rental|Express Laundry|Taxi Services|Board Room| Drivers Rest Room|Internet Access Free|Newspapers In Lobby|Electronic Check-Out|Family Room|Room Service (24 Hours)|Parking (Surcharge)|Party hall|Baggage Room|Internet / Fax (Reception area only)|Adjoining Rooms|Internet Access|Room Service|Fire Safety",Bridge View Regency
Manali,The standard check-in time is 12:30 PM and the standard check-out time is 12:00 PM. Early check-in or late check-out is strictly subjected to availability and may be chargeable by the hotel. Any early check-in or late check-out request must be directed and reconfirmed with hotel directly BOOKING POLICY: Bookings are confirmed on at least 50% advance of the total reservation amount. The balance of the reservation amount to be made before or at the time of check-in.,Parking Facilities Available|Multi Cuisine Restaurant | Bike on Rent|Campfire / Bon Fire|Outdoor Parking - Non Secured,BHAWANI COTTAGE
Paonta Sahib,The standard check-in time is 02:00 PM and the standard check-out time is 12:00 PM. Early check-in or late check-out is strictly subjected to availability and may be chargeable by the hotel. Any early check-in or late check-out request must be directed and reconfirmed with hotel directly We do not allow unmarried / unrelated couples to checkin. This is at full discretion of the hotel management. No refund would be applicable in case the checkin is denied under such circumstances,Doctor on Call|Front Desk|Non Smoking Hotel|Parking Facility|Room Service,Carbery Farms
Jodhpur,"The standard check-in time is 12:00 PM and the standard check-out time is 12:00 PM. Early check-in or late check-out is strictly subjected to availability and may be chargeable by the hotel. Any early check-in or late check-out request must be directed and reconfirmed with hotel directly Hotel may charge compulsory supplement on Christmas,New Years eve and other festive periods. Any such supplements need to be paid at the hotel.As per the govt. guidelines valid govt. issued id proofs are required to be presented on C/in.",Laundry Service Available|Front Desk|Multi Cuisine Restaurant |Internet Access Free|Room Service (24 Hours)|Room Service,Bob Hostel
Goa,"The standard check-in time is 12:00 PM and the standard check-out time is 11:00 AM. Early check-in or late check-out is strictly subjected to availability and may be chargeable by the hotel. Any early check-in or late check-out request must be directed and reconfirmed with hotel directly AS PER GOVERNMENT DIRECTIVES IT IS MANDATORY FOR ALL GUEST TO SHOW THEIR PHOTO ID AT CHECK IN, WHICH CAN BE IN FORM OF PASSPORT AND VISA COPY/ DRIVING LICENSE/ VOTER ID CARD FAILING WHICH THE HOTEL RESERVES THE RIGHT OF REFUSAL.",Airport Transfer Available / Surcharge|Internet Access - Surcharge|Library|Parking Facilities Available|Power Backup|Internet Access Free|Parking Facility,Casa Fredwin Homestay
Srinagar,"The standard check-in time is 12:00 PM and the standard check-out time is 12:00 PM. Early check-in or late check-out is strictly subjected to availability and may be chargeable by the hotel. Any early check-in or late check-out request must be directed and reconfirmed with hotel directly Booking rates will not be valid for Christmas and New year dates, High season and long weekend dates  extra supplement will be charged over and above the paid rates as per actual and hotel discretion.",Doctor on Call|Parking Facilities Available|Front Desk|Medical Assistance Available|Public Restrooms,Bul Bul Houseboats
Coimbatore,The standard check-in time is 10:00 AM and the standard check-out time is 10:00 AM. Early check-in or late check-out is strictly subjected to availability and may be chargeable by the hotel. Any early check-in or late check-out request must be directed and reconfirmed with hotel directly It is mandatory for guests to present valid photo identification at the time of check-in. Early check-in or late check-out is subject to availability and may be chargeable by the hotel. The standard check-in time is 12 PM and the standard check-out time is 12 PM.,"Concierge|Doctor on Call|Dry Cleaning|Laundry Service Available|Lift / Elevator|Lobby|Parking Facilities Available|Front Desk|Multi Cuisine Restaurant |Local Tour / Travel Desk|Valet service|Major Credit Cards Accepted|24 Hour Front Desk|Doorman|Air-Conditioning - Central|Welcome Drinks|Power Backup|Gardens|Audio - Visual Equipment|Catering|Wake-up Call / Service|Conference Facility |Access Via Exterior Corridors|Fax Machine|Kitchen available (home cook food on request)|Electronic / Magnetic Keys|Wheelchair Accessibility - Room|Pick Up and Drop (Rly Station, Bus Stand, Temple)|Veranda|Open Air Restaurant / Dining |Transfers Available|In House Events |Vegetarian Food / Jain Food Available|Extra Person / Child - Share the same room|Village Visit ( Chargeable )|Car Rental|Express Laundry|Board Room|Rooftop Garden|Food Facility|Internet Access Free|Newspapers In Lobby|Family Room|Party hall|Courier Service|Adjoining Rooms|RO Water Purification System|Airport Transfer Free|Parking Facility|Internet Access",Challenger Residency
Dandeli,The standard check-in time is 02:00 PM and the standard check-out time is 12:00 PM. Early check-in or late check-out is strictly subjected to availability and may be chargeable by the hotel. Any early check-in or late check-out request must be directed and reconfirmed with hotel directly,Doctor on Call|Front Desk|Multi Cuisine Restaurant |Local Tour / Travel Desk|Medical Assistance Available|Power Backup|Parking Facility|Restaurant|Room Service,Century resorts
Coorg,"The standard check-in time is 12:00 PM and the standard check-out time is 12:00 PM. Early check-in or late check-out is strictly subjected to availability and may be chargeable by the hotel. Any early check-in or late check-out request must be directed and reconfirmed with hotel directly No Show, Cancellation charges will be 100 % Cost.  within 6 days of checkin, Cancellation charges will be 1 Night Cost.  on and before 7 days of checkin, Cancellation charges will be Rs. 0 Fixed Cost",Business Center |Doctor on Call|Parking Facilities Available|Front Desk|Local Tour / Travel Desk|Major Credit Cards Accepted|24 Hour Front Desk|Power Backup|Gardens|Multi Lingual Staff|Wake-up Call / Service|Extra Person / Child - Share the same room|Car Rental|Internet Access Free|Newspapers In Lobby|Guide / Sightseeing Service|Internet / Fax (Reception area only)|Outdoor Parking - Secured|Parking Facility|Internet Access|Restaurant|Room Service|CCTV|Public Restrooms|Suites,Caveri Residency
Puri,"The standard check-in time is 09:00 AM and the standard check-out time is 08:00 AM. Early check-in or late check-out is strictly subjected to availability and may be chargeable by the hotel. Any early check-in or late check-out request must be directed and reconfirmed with hotel directly Hotel may charge compulsory supplement on Christmas, New Years eve and other festive periods. Any such supplements need to be paid at the hotel. As per the govt. guidelines valid govt. issued id proofs are required to be presented at the Time of C/in.","Doctor on Call|Internet Access - Surcharge|Front Desk|Local Tour / Travel Desk|24 Hour Front Desk|Power Backup|Pick Up and Drop (Rly Station, Bus Stand, Temple)|Food Facility|Room Service (24 Hours)|Parking Facility",Chandan Lodge
Goa,The standard check-in time is 02:00 PM and the standard check-out time is 12:00 PM. Early check-in or late check-out is strictly subjected to availability and may be chargeable by the hotel. Any early check-in or late check-out request must be directed and reconfirmed with hotel directly We do not allow unmarried / unrelated couples to checkin. This is at full discretion of the hotel management. No refund would be applicable in case the checkin is denied under such circumstances,Doctor on Call|Dry Cleaning|Laundry Service Available|Parking Facilities Available|Front Desk|Locker Facility|24 Hour Front Desk|Luggage Storage|Wake-up Call / Service|Internet Access Free|Newspapers In Lobby|Room Service (24 Hours)|Parking Facility|Internet Access|Room Service|Fire Safety|CCTV|First-Aid Kit at Front Desk,Casa Melhor Candolim 1 BHK Appartment
Raipur,The standard check-in time is 02:00 PM and the standard check-out time is 12:00 PM. Early check-in or late check-out is strictly subjected to availability and may be chargeable by the hotel. Any early check-in or late check-out request must be directed and reconfirmed with hotel directly We do not allow unmarried / unrelated couples to checkin. This is at full discretion of the hotel management. No refund would be applicable in case the checkin is denied under such circumstances 1.   not allowed unmarried couple 2.   not allowed local person 3.   not allowed room for drinking and gambling porpose. 4.   allow married couple if they show both i.d proof.,Concierge|Disabled Friendly Facilities |Doctor on Call|Dry Cleaning|Internet Access - Surcharge|Laundry Service Available|Lobby|Front Desk|Local Tour / Travel Desk|24 Hour Front Desk,Bhalla Dormitory Hotel
Chennai,"The standard check-in time is 12:00 PM and the standard check-out time is 12:00 PM. Early check-in or late check-out is strictly subjected to availability and may be chargeable by the hotel. Any early check-in or late check-out request must be directed and reconfirmed with hotel directly Booking rates will not be valid for Christmas and New year dates, High season and long weekend dates , extra supplement will be charged over and above the paid rates as per actual and hotel discretion",Gift Shop |Health Club / Gym Facility Available|Laundry Service Available|Lift / Elevator|Parking Facilities Available|Front Desk|Spa On Site - Chargeable|24 Hour Front Desk|Power Backup|Express Check-In / Check-Out|Multi Lingual Staff|Wake-up Call / Service|Porter / Bellhop|Suitable For Children|Kitchen available (home cook food on request)|Veranda|Veg / Non Veg Kitchens Separate |Vegetarian Food / Jain Food Available|Express Laundry|Food Facility| Drivers Rest Room|Internet Access Free|Room Service (24 Hours)| Cook Services|Internet / Fax (Reception area only)|Outdoor Parking - Secured|Parking Facility|Restaurant|Room Service|CCTV|Fire Exit Signs|Full Time Operation for All 7 Days|Porter Services Available|Public Restrooms|Security at All Hotel Entrances,Chandran Hyline
Sonipat,The standard check-in time is 12:00 PM and the standard check-out time is 12:00 PM. Early check-in or late check-out is strictly subjected to availability and may be chargeable by the hotel. Any early check-in or late check-out request must be directed and reconfirmed with hotel directly Booking rates will not be valid for Christmas and New year dates High season and long weekend dates extra supplement will be charged over and above the paid rates as per actual and hotel discretion.,Doctor on Call|Parking Facilities Available|Front Desk|Medical Assistance Available|Wake-up Call / Service|Nature Walk|Veranda|Outdoor Parking - Secured|Parking Facility|Room Service|Full Time Operation for All 7 Days,Bright Guest House
Kinnaur,"The standard check-in time is 12:00 PM and the standard check-out time is 12:00 PM. Early check-in or late check-out is strictly subjected to availability and may be chargeable by the hotel. Any early check-in or late check-out request must be directed and reconfirmed with hotel directly Booking rates will not be valid for Christmas and New year dates, High season and long weekend dates  extra supplement will be charged over and above the paid rates as per actual and hotel discretion.",Doctor on Call|Parking Facilities Available|Front Desk|Locker Facility|24 Hour Front Desk|Luggage Storage|Doorman|Food Facility|Adjoining Rooms|Outdoor Parking - Secured|Outdoor Parking - Non Secured|Parking Facility|Room Service|First-Aid Kit at Front Desk,Birma Cottage
Goa,The standard check-in time is 12:00 PM and the standard check-out time is 11:00 AM. Early check-in or late check-out is strictly subjected to availability and may be chargeable by the hotel. Any early check-in or late check-out request must be directed and reconfirmed with hotel directly,Swimming Pool|Airport Transfer Available / Surcharge|Doctor on Call|Dry Cleaning|Laundry Service Available|Lobby|Non Smoking Rooms|Parking Facilities Available|Front Desk|Locker Facility|Non Smoking Hotel|Local Tour / Travel Desk|24 Hour Front Desk|Power Backup|Catering|Wake-up Call / Service|Boating|Veranda| Bike on Rent|Car Rental|Internet Access Free|Room Service (24 Hours)|Outdoor Parking - Secured|Parking Facility,Casa Almeida Guest House
Kota,The standard check-in time is 02:00 PM and the standard check-out time is 12:00 PM. Early check-in or late check-out is strictly subjected to availability and may be chargeable by the hotel. Any early check-in or late check-out request must be directed and reconfirmed with hotel directly Hotel Policies - Check in -1200PM Check out - 12:00 PM Alcohol Policy- Alcoholic beverage service is restricted to those 21 years or older (with valid identification).,Doctor on Call|Lobby|Front Desk|Local Tour / Travel Desk,Bhainsrorgarh Fort Hotel- 50 kms from Kota
Goa,The standard check-in time is 07:00 AM and the standard check-out time is 07:00 AM. Early check-in or late check-out is strictly subjected to availability and may be chargeable by the hotel. Any early check-in or late check-out request must be directed and reconfirmed with hotel directly Government ID cards are mandatory during the time of check in.,Multi Cuisine Restaurant |Gardens|Internet Access Free|Outdoor Parking - Secured|Parking Facility,CAMRON GUEST HOUSE
Faridabad,The standard check-in time is 12:00 PM and the standard check-out time is 12:00 PM. Early check-in or late check-out is strictly subjected to availability and may be chargeable by the hotel. Any early check-in or late check-out request must be directed and reconfirmed with hotel directly,,blackresidency
Thrissur,"The standard check-in time is 12:00 PM and the standard check-out time is 12:00 PM. Early check-in or late check-out is strictly subjected to availability and may be chargeable by the hotel. Any early check-in or late check-out request must be directed and reconfirmed with hotel directly Booking rates will not be valid for Christmas and New year dates, High season and long weekend dates  extra supplement will be charged over and above the paid rates as per actual and hotel discretion.",Doctor on Call|Parking Facilities Available|Front Desk|Medical Assistance Available|Room Service|Public Restrooms,BINI TOURIST HOME
Goa,"The standard check-in time is 01:00 PM and the standard check-out time is 10:00 AM. Early check-in or late check-out is strictly subjected to availability and may be chargeable by the hotel. Any early check-in or late check-out request must be directed and reconfirmed with hotel directly Booking rates will not be valid for Christmas  New year dates, High season  long weekend dates  extra supplement will be charged over  above the paid rates as per actual  hotel discretion",Swimming Pool|Doctor on Call|Lift / Elevator|Parking Facilities Available|Room Service,Casa Melhor  2BHK in SIolim
Kalimpong,The standard check-in time is 12:00 PM and the standard check-out time is 12:00 PM. Early check-in or late check-out is strictly subjected to availability and may be chargeable by the hotel. Any early check-in or late check-out request must be directed and reconfirmed with hotel directly,,Chukey's Homestay
Goa,"The standard check-in time is 01:00 PM and the standard check-out time is 10:00 AM. Early check-in or late check-out is strictly subjected to availability and may be chargeable by the hotel. Any early check-in or late check-out request must be directed and reconfirmed with hotel directly Booking rates will not be valid for Christmas  New year dates, High season  long weekend dates  extra supplement will be charged over  above the paid rates as per actual  hotel discretion.",Doctor on Call|Parking Facilities Available|Front Desk|Medical Assistance Available|Public Restrooms,Casa Melhor  2BHK in Arpora
Alibag,"The standard check-in time is 11:00 AM and the standard check-out time is 10:00 AM. Early check-in or late check-out is strictly subjected to availability and may be chargeable by the hotel. Any early check-in or late check-out request must be directed and reconfirmed with hotel directly If you damage, break anything, you pay for the loss.","Barbecue Area|Doctor on Call|Laundry Service Available|Lobby|Non Smoking Rooms|Parking Facilities Available|Pets Allowed|Local Tour / Travel Desk|Luggage Storage|Medical Assistance Available|Welcome Drinks|Power Backup|Gardens|Wedding Services Facility|Translation Services|Multi Lingual Staff|Porter / Bellhop|Suitable For Children|Grocery|Picnic Area|Boating|Pick Up and Drop (Rly Station, Bus Stand, Temple)|Nature Walk|Smoking Area |Camel Ride|Veranda|Transfers Available| Bike on Rent|Horse Ride ( Chargeable ) |Shopping Drop Facility (on fixed timings)|Extra Person / Child - Share the same room|Village Visit ( Chargeable )|Car Rental|Kids Play Zone|Self Check - In|Campfire / Bon Fire|Internet Access Free|Newspapers In Lobby|Children's Park| Cook Services|Baggage Room|Guide / Sightseeing Service|RO Water Purification System|Outdoor Parking - Secured|Parking Facility|Fishing|Trekking|Paid Transfers|Porter Services Available",Birje Home Stay
Nainital,"The standard check-in time is 12:00 PM and the standard check-out time is 12:00 PM. Early check-in or late check-out is strictly subjected to availability and may be chargeable by the hotel. Any early check-in or late check-out request must be directed and reconfirmed with hotel directly Booking rates will not be valid for Christmas and New year dates, High season and long weekend dates  extra supplement will be charged over and above the paid rates as per actual and hotel discretion",Doctor on Call|Front Desk|24 Hour Front Desk|Luggage Storage|Wake-up Call / Service|Parking Facility|Room Service|First-Aid Kit at Front Desk,Cedar LodgeCedar Lodge
Goa,The standard check-in time is 11:00 AM and the standard check-out time is 10:30 AM. Early check-in or late check-out is strictly subjected to availability and may be chargeable by the hotel. Any early check-in or late check-out request must be directed and reconfirmed with hotel directly Photo identity is mandatory for all the guest who crossed their minority Pancard is not valid as photo identity Pets not allowed We would like our guest to have the best time at our guest house with regard to your neighbour. Please throw garbage only in bins. No loaud music after 10pm.,Laundry Service Available|Parking Facilities Available|Room Service,Chill Inn
Bangalore,"The standard check-in time is 12:00 PM and the standard check-out time is 12:00 PM. Early check-in or late check-out is strictly subjected to availability and may be chargeable by the hotel. Any early check-in or late check-out request must be directed and reconfirmed with hotel directly Booking rates will not be valid for Christmas and New year dates, High season and long weekend dates , extra supplement will be charged over and above the paid rates as per actual and hotel discretion",Swimming Pool|Health Club / Gym Facility Available|Lift / Elevator|Parking Facilities Available|Locker Facility|Power Backup|Gardens|Internet Access Free|Room Service (24 Hours)|Parking (Surcharge)|Internet / Fax (Reception area only)|Outdoor Parking - Secured|Parking Facility|Room Service|Porter Services Available|Suites,Chalet Riviera
Alleppey,The standard check-in time is 12:00 PM and the standard check-out time is 12:00 PM. Early check-in or late check-out is strictly subjected to availability and may be chargeable by the hotel. Any early check-in or late check-out request must be directed and reconfirmed with hotel directly We do not allow unmarried / unrelated couples to checkin. This is at full discretion of the hotel management. No refund would be applicable in case the checkin is denied under such circumstances. Customer Government approved Photo ID card is must to carry at the time of check in.,Doctor on Call|Front Desk|Luggage Storage|Parking Facility|Room Service,Chembil Residency
Mysore,The standard check-in time is 12:00 PM and the standard check-out time is 12:00 PM. Early check-in or late check-out is strictly subjected to availability and may be chargeable by the hotel. Any early check-in or late check-out request must be directed and reconfirmed with hotel directly We do not allow unmarried / unrelated couples to checkin. This is at full discretion of the hotel management. No refund would be applicable in case the checkin is denied under such circumstances,Doctor on Call|Dry Cleaning|Front Desk|Medical Assistance Available|Room Service|First-Aid Kit at Front Desk,Blue Diamond Lodge
Bankura,The standard check-in time is 12:00 PM and the standard check-out time is 10:30 AM. Early check-in or late check-out is strictly subjected to availability and may be chargeable by the hotel. Any early check-in or late check-out request must be directed and reconfirmed with hotel directly  We do not allow unmarried / unrelated couples to checkin. This is at full discretion of the hotel management. No refund would be applicable in case the checkin is denied under such circumstances,Doctor on Call|Parking Facilities Available|Multi Cuisine Restaurant |Luggage Storage|Doorman|Power Backup|Parking Facility|Room Service|Porter Services Available,CHARULATA ECO RESORT
Rishikesh,The standard check-in time is 01:00 PM and the standard check-out time is 11:00 AM. Early check-in or late check-out is strictly subjected to availability and may be chargeable by the hotel. Any early check-in or late check-out request must be directed and reconfirmed with hotel directly We do not allow unmarried / unrelated couples to checkin. This is at full discretion of the hotel management. No refund would be applicable in case the checkin is denied under such circumstances,Library|Welcome Drinks|Power Backup|Gardens|Open Air Restaurant / Dining |Vegetarian Food / Jain Food Available|Extra Person / Child - Share the same room|Campfire / Bon Fire|Trekking|CCTV|First-Aid Kit at Front Desk,Camp AquaForest
Goa,"The standard check-in time is 01:00 PM and the standard check-out time is 10:00 AM. Early check-in or late check-out is strictly subjected to availability and may be chargeable by the hotel. Any early check-in or late check-out request must be directed and reconfirmed with hotel directly Photo ids are compulsory at the time of Ch-in, Hotel may reject confirm booking if fail to produce same","Swimming Pool|Airport Transfer Available / Surcharge|Health Club / Gym Facility Available|Laundry Service Available|Lift / Elevator|Night Club|Non Smoking Rooms|Parking Facilities Available|Local Tour / Travel Desk|Doorman|Air-Conditioning - Central|Suitable For Children|Wheelchair Accessibility - Room|Pick Up and Drop (Rly Station, Bus Stand, Temple)|Car Rental|Parking Facility",Casa Melhor Calangute
Goa,The standard check-in time is 01:00 PM and the standard check-out time is 12:00 PM. Early check-in or late check-out is strictly subjected to availability and may be chargeable by the hotel. Any early check-in or late check-out request must be directed and reconfirmed with hotel directly Hotel may charge compulsory gala dinner supplement on Christmas / New Year's eve or other festive periods. Any such supplements need to be paid directly at the hotel.,Airport Transfer Available / Surcharge|Laundry Service Available|Parking Facilities Available|Front Desk|Local Tour / Travel Desk|Major Credit Cards Accepted|24 Hour Front Desk|Luggage Storage|Power Backup| Bike on Rent|Taxi Services|Internet Access Free|Newspapers In Lobby|Room Service (24 Hours)|Parking (Surcharge)|Guide / Sightseeing Service|Outdoor Parking - Non Secured|Internet Access|Full Time Operation for All 7 Days|Paid Transfers,Casa Paradiso
Goa,The standard check-in time is 12:00 PM and the standard check-out time is 10:00 AM. Early check-in or late check-out is strictly subjected to availability and may be chargeable by the hotel. Any early check-in or late check-out request must be directed and reconfirmed with hotel directly A photocopy of your photo ID is required at the time of check in as per law Check in 12 Noon/ Check Out 10 AM Children below 6 years of age free with parents,Business Center |Laundry Service Available|Lift / Elevator|Lobby|Parking Facilities Available|Front Desk|Major Credit Cards Accepted|24 Hour Front Desk|Power Backup|Kitchen available (home cook food on request)| Bike on Rent|Extra Person / Child - Share the same room|Car Rental|Internet Access Free|Newspapers In Lobby|Room Service (24 Hours)|Guide / Sightseeing Service|Adjoining Rooms|Outdoor Parking - Secured|Parking Facility|Internet Access|Room Service|CCTV|Paid Transfers|Public Restrooms,Casa Amarilla
Jaisalmer,The standard check-in time is 12:30 PM and the standard check-out time is 10:00 AM. Early check-in or late check-out is strictly subjected to availability and may be chargeable by the hotel. Any early check-in or late check-out request must be directed and reconfirmed with hotel directly Hotel will charge Mandatory New Year Gala Dinner's supplement.,"Airport Transfer Available / Surcharge|Babysitting/ Child Care (surcharge)|Banquet Facilities|Bar / Lounge |Business Center |Currency Exchange|Doctor on Call|Dry Cleaning|Internet Access - Surcharge|Parking Facilities Available|Pets Allowed|Front Desk|Locker Facility|Local Tour / Travel Desk|Hookah Lounge|24 Hour Front Desk|Luggage Storage|Medical Assistance Available|Welcome Drinks|Power Backup|Express Check-In / Check-Out|Audio - Visual Equipment|Dance Performances (on demand)|Wake-up Call / Service|Porter / Bellhop|Suitable For Children|Conference Facility |Smoking Rooms|ATM / Banking|Kitchen available (home cook food on request)|Picnic Area|Safari|Pick Up and Drop (Rly Station, Bus Stand, Temple)|Nature Walk|Smoking Area |Camel Ride|Veranda| Bike on Rent|Horse Ride ( Chargeable ) |In House Events |Vegetarian Food / Jain Food Available|Extra Person / Child - Share the same room|Village Visit ( Chargeable )|Car Rental|Taxi Services|City Shuttle Service|Karaoke |Campfire / Bon Fire|Food Facility| Drivers Rest Room|Newspapers In Lobby|Room Service (24 Hours)| Cook Services|Party hall|Air / Rail Booking|Baggage Room|Guide / Sightseeing Service|RO Water Purification System|Parking Facility",Camp Paradise
Ranchi,The standard check-in time is 12:00 PM and the standard check-out time is 12:00 PM. Early check-in or late check-out is strictly subjected to availability and may be chargeable by the hotel. Any early check-in or late check-out request must be directed and reconfirmed with hotel directly Check-in/Check-out time is 12:00 Noon Early Arrival and Late Departure is Subject to Availability.,"Airport Transfer Available / Surcharge|Babysitting/ Child Care (surcharge)|Banquet Facilities|Bar / Lounge |Beauty Salon - on charge|Business Center |Concierge|Currency Exchange|Disabled Friendly Facilities |Doctor on Call|Dry Cleaning|Gift Shop |Health Club / Gym Facility Available|Laundry Service Available|Lift / Elevator|Lobby|Non Smoking Rooms|Parking Facilities Available|Front Desk|Multi Cuisine Restaurant |Locker Facility|Local Tour / Travel Desk|Valet service|Major Credit Cards Accepted|24 Hour Front Desk|Luggage Storage|Doorman|Air-Conditioning - Central|Welcome Drinks|Power Backup|Wake-up Call / Service|Fitness Equipment|Suitable For Children|Conference Facility |Smoking Rooms|Fax Machine|Pick Up and Drop (Rly Station, Bus Stand, Temple)|Transfers Available|Extra Person / Child - Share the same room|Car Rental|Express Laundry|Food Facility|Internet Access Free|Newspapers In Lobby|Room Service (24 Hours)|STD / ISD|Baggage Room|RO Water Purification System|Outdoor Parking - Secured|Parking Facility|Suites",Capitol Hill
Gurgaon,The standard check-in time is 12:00 PM and the standard check-out time is 12:00 PM. Early check-in or late check-out is strictly subjected to availability and may be chargeable by the hotel. Any early check-in or late check-out request must be directed and reconfirmed with hotel directly  We do not allow unmarried / unrelated couples to checkin. This is at full discretion of the hotel management. No refund would be applicable in case the checkin is denied under such circumstances,Health Club / Gym Facility Available|Laundry Service Available|Parking Facilities Available|Front Desk|Locker Facility|Power Backup|Transfers Available|Internet Access Free|Room Service (24 Hours)|Outdoor Parking - Secured|Parking Facility|Room Service|Public Restrooms|Suites,Citi Suites
Tuljapur,The standard check-in time is 12:00 PM and the standard check-out time is 12:00 PM. Early check-in or late check-out is strictly subjected to availability and may be chargeable by the hotel. Any early check-in or late check-out request must be directed and reconfirmed with hotel directly,Doctor on Call|Front Desk,Bhaktavatsal  Lodge
Varkala,The standard check-in time is 02:00 PM and the standard check-out time is 12:00 PM. Early check-in or late check-out is strictly subjected to availability and may be chargeable by the hotel. Any early check-in or late check-out request must be directed and reconfirmed with hotel directly No Extra bed provided,Doctor on Call|Laundry Service Available|ATM / Banking|Baggage Room,Bohemian Masala Beach Resort
Goa,The standard check-in time is 12:00 PM and the standard check-out time is 12:00 PM. Early check-in or late check-out is strictly subjected to availability and may be chargeable by the hotel. Any early check-in or late check-out request must be directed and reconfirmed with hotel directly Hotel may charge compulsory gala dinner supplement on Christmas / New Year's eve or other festive periods. Any such supplements need to be paid directly at the hotel.,Swimming Pool|Airport Transfer Available / Surcharge|Bar / Lounge |Currency Exchange|Doctor on Call|Internet Access - Surcharge|Laundry Service Available|Parking Facilities Available|Multi Cuisine Restaurant |Local Tour / Travel Desk,Casa De Cris
Hubli,The standard check-in time is 12:00 PM and the standard check-out time is 12:00 PM. Early check-in or late check-out is strictly subjected to availability and may be chargeable by the hotel. Any early check-in or late check-out request must be directed and reconfirmed with hotel directly We do not allow unmarried / unrelated couples to checkin. This is at full discretion of the hotel management. No refund would be applicable in case the checkin is denied under such circumstances,Doctor on Call|Front Desk|Room Service,Chalukya Residency
Port Blair,The standard check-in time is 12:00 PM and the standard check-out time is 12:00 PM. Early check-in or late check-out is strictly subjected to availability and may be chargeable by the hotel. Any early check-in or late check-out request must be directed and reconfirmed with hotel directly We do not allow unmarried / unrelated couples to checkin. This is at full discretion of the hotel management. No refund would be applicable in case the checkin is denied under such circumstances.,Doctor on Call|Front Desk|Parking Facility|Room Service|Public Restrooms,Citi Heart Hotel
Mumbai,The standard check-in time is 12:00 PM and the standard check-out time is 12:00 PM. Early check-in or late check-out is strictly subjected to availability and may be chargeable by the hotel. Any early check-in or late check-out request must be directed and reconfirmed with hotel directly,Airport Transfer Available / Surcharge|Dry Cleaning|Health Club / Gym Facility Available|Laundry Service Available|Lift / Elevator|Lobby|Front Desk|Multi Cuisine Restaurant |Internet Access Free,Bharat Avenue
Delhi,The standard check-in time is 12:00 PM and the standard check-out time is 12:00 PM. Early check-in or late check-out is strictly subjected to availability and may be chargeable by the hotel. Any early check-in or late check-out request must be directed and reconfirmed with hotel directly Minimum check-in age is 18 Check-in time starts at 12:00 noon Check-out time is 12:00 noon Note: Only Government issued ID and Address proof has to produce at the time of check-in (PAN Card is not valid),"Airport Transfer Available / Surcharge|Dry Cleaning|Games Zone|Laundry Service Available|Front Desk|Locker Facility|Local Tour / Travel Desk|24 Hour Front Desk|Luggage Storage|Medical Assistance Available|Power Backup|Express Check-In / Check-Out|Kitchen available (home cook food on request)|Free Local Calls|Massage Services |Pick Up and Drop (Rly Station, Bus Stand, Temple)|Smoking Area |Extra Person / Child - Share the same room|Car Rental|Taxi Services|Food Facility|Internet Access Free|Postal / Parcel Services|Family Room|Room Service (24 Hours)| Cook Services|Air / Rail Booking|STD / ISD|Baggage Room|Courier Service|RO Water Purification System",Bombay Palace
Pondicherry,The standard check-in time is 12:00 PM and the standard check-out time is 12:00 PM. Early check-in or late check-out is strictly subjected to availability and may be chargeable by the hotel. Any early check-in or late check-out request must be directed and reconfirmed with hotel directly THIS IS OFFER VALID FROM 1st FEB 2015 Till April 30th ONLY FREE PICK UP FROM BUS STATION AND FROM RAILWAY STATION ONLY BY CAR.,Bar / Lounge |Business Center |Internet Access - Surcharge|Laundry Service Available|Lift / Elevator|Parking Facilities Available|Front Desk|Multi Cuisine Restaurant |Locker Facility|Local Tour / Travel Desk|Power Backup|Conference Facility |Transfers Available|Internet Access Free|Room Service (24 Hours)|Parking Facility|Public Restrooms|Speciality Restaurant,Citi Business Hotel
Bhiwani,The standard check-in time is 02:00 PM and the standard check-out time is 12:00 PM. Early check-in or late check-out is strictly subjected to availability and may be chargeable by the hotel. Any early check-in or late check-out request must be directed and reconfirmed with hotel directly We do not allow unmarried / unrelated couples to checkin. This is at full discretion of the hotel management. No refund would be applicable in case the checkin is denied under such circumstances,Doctor on Call|Non Smoking Rooms|Parking Facilities Available|Front Desk|Gardens|Smoking Rooms|Extra Person / Child - Share the same room|Family Room|Room Service (24 Hours)|Adjoining Rooms|RO Water Purification System|Room Service|Public Restrooms,Chirag Guest House
Barkot,"The standard check-in time is 12:00 PM and the standard check-out time is 12:00 PM. Early check-in or late check-out is strictly subjected to availability and may be chargeable by the hotel. Any early check-in or late check-out request must be directed and reconfirmed with hotel directly Booking rates will not be valid for Christmas and New year dates, High season and long weekend dates  extra supplement will be charged over and above the paid rates as per actual and hotel discretion.",Doctor on Call|Parking Facilities Available|Front Desk|Medical Assistance Available|Public Restrooms,Camp Nirvana
Goa,The standard check-in time is 12:00 PM and the standard check-out time is 10:30 AM. Early check-in or late check-out is strictly subjected to availability and may be chargeable by the hotel. Any early check-in or late check-out request must be directed and reconfirmed with hotel directly Unmarried couples should bring Valid photo  ID.   NO  GROUPS  MORE THAN 6 PERSONS Hotel may charge compulsory gala dinner supplement on Christmas / New Year's eve or other festive periods. Any such supplements need to be paid directly at the hotel.,Swimming Pool|Bar / Lounge |Laundry Service Available|Parking Facilities Available|Multi Cuisine Restaurant |Pool Table|Internet Access Free|Parking Facility,Castle House Palolem
Vadodara,The standard check-in time is 12:00 PM and the standard check-out time is 12:00 PM. Early check-in or late check-out is strictly subjected to availability and may be chargeable by the hotel. Any early check-in or late check-out request must be directed and reconfirmed with hotel directly  We do not allow unmarried / unrelated couples to checkin. This is at full discretion of the hotel management. No refund would be applicable in case the checkin is denied under such circumstances,Doctor on Call|Front Desk|Parking Facility|Room Service|Public Restrooms,"Chandan Mahal Hotel ,Sayajigunj"
Varanasi,The standard check-in time is 12:00 PM and the standard check-out time is 10:00 AM. Early check-in or late check-out is strictly subjected to availability and may be chargeable by the hotel. Any early check-in or late check-out request must be directed and reconfirmed with hotel directly,Doctor on Call|Laundry Service Available|Front Desk|Multi Cuisine Restaurant |Power Backup|Internet Access Free,Buddha Guest House
Bangalore,"The standard check-in time is 02:00 PM and the standard check-out time is 12:00 PM. Early check-in or late check-out is strictly subjected to availability and may be chargeable by the hotel. Any early check-in or late check-out request must be directed and reconfirmed with hotel directly Required at the checkin Gov valid address proof like passport,voters id,driving license ,Aadhar card.. no pancards. We do not give rooms for local residents . Hotel do not allow unmarried couple to check in.Visitors are not allowed inside the room.",Doctor on Call|Internet Access - Surcharge|Laundry Service Available|Parking Facilities Available|Multi Cuisine Restaurant |Locker Facility|24 Hour Front Desk|Power Backup|Internet Access Free|Newspapers In Lobby|Room Service (24 Hours),Brunton Heights
Coorg,The standard check-in time is 12:00 PM and the standard check-out time is 11:00 AM. Early check-in or late check-out is strictly subjected to availability and may be chargeable by the hotel. Any early check-in or late check-out request must be directed and reconfirmed with hotel directly We do not allow unmarried / unrelated couples to check in. This is at full discretion of the hotel management. No refund would be applicable in case the checkin is denied under such circumstances. Customer Government approved Photo ID card is must to carry at the time of check in.,Doctor on Call|Laundry Service Available|Non Smoking Rooms|Parking Facilities Available|Front Desk|Medical Assistance Available|Smoking Rooms,BLOSSOM BREEZE HOME STAY
Kanyakumari,The standard check-in time is 12:00 PM and the standard check-out time is 12:00 PM. Early check-in or late check-out is strictly subjected to availability and may be chargeable by the hotel. Any early check-in or late check-out request must be directed and reconfirmed with hotel directly,Doctor on Call|Laundry Service Available|Lift / Elevator|Parking Facilities Available|Front Desk|24 Hour Front Desk|Luggage Storage|Power Backup|Extra Person / Child - Share the same room|Room Service (24 Hours),Chithra Hotel
Mount Abu,"The standard check-in time is 02:00 PM and the standard check-out time is 12:00 PM. Early check-in or late check-out is strictly subjected to availability and may be chargeable by the hotel. Any early check-in or late check-out request must be directed and reconfirmed with hotel directly Booking rates will not be valid for Christmas and New year dates, High season and long weekend dates , extra supplement will be charged over and above the paid rates as per actual and hotel discretion.",Parking Facilities Available|Front Desk,Bluemoon Adventures
Srinagar,"The standard check-in time is 12:00 PM and the standard check-out time is 12:15 PM. Early check-in or late check-out is strictly subjected to availability and may be chargeable by the hotel. Any early check-in or late check-out request must be directed and reconfirmed with hotel directly Booking rates will not be valid for Christmas and New year dates, High season and long weekend dates, extra supplement will be charged over and above the paid rates as per actual and hotel discretion.",Doctor on Call|Internet Access - Surcharge|Parking Facilities Available|Parking Facility,BUY-N-SAVE
Kanatal,The standard check-in time is 01:00 PM and the standard check-out time is 11:30 AM. Early check-in or late check-out is strictly subjected to availability and may be chargeable by the hotel. Any early check-in or late check-out request must be directed and reconfirmed with hotel directly,Barbecue Area|Business Center |Doctor on Call|Lobby|Front Desk|24 Hour Front Desk|Power Backup|Suitable For Children|Discotheque |Campfire / Bon Fire|Children's Park|Parking (Surcharge),Camp Snowwoods
Bangalore,The standard check-in time is 02:00 PM and the standard check-out time is 12:00 PM. Early check-in or late check-out is strictly subjected to availability and may be chargeable by the hotel. Any early check-in or late check-out request must be directed and reconfirmed with hotel directly We do not allow unmarried / unrelated couples to checkin. This is at full discretion of the hotel management. No refund would be applicable in case the checkin is denied under such circumstances,Non Smoking Rooms|Parking Facilities Available|Front Desk|Power Backup|Smoking Rooms|Veranda|Extra Person / Child - Share the same room|Outdoor Parking - Secured|Parking Facility|Room Service|Fire Safety|Anti-Slip Ramps|Fire Exit Signs|First-Aid Kit at Front Desk,Blue Mountain Hotel
Puri,The standard check-in time is 12:00 PM and the standard check-out time is 12:00 PM. Early check-in or late check-out is strictly subjected to availability and may be chargeable by the hotel. Any early check-in or late check-out request must be directed and reconfirmed with hotel directly  We do not allow unmarried / unrelated couples to checkin. This is at full discretion of the hotel management. No refund would be applicable in case the checkin is denied under such circumstances,Doctor on Call|Parking Facilities Available|Doorman|Baggage Room|Adjoining Rooms|RO Water Purification System|Parking Facility|Room Service|Fire Safety|Recreation Zone|Anti-Slip Ramps|CCTV|First-Aid Kit at Front Desk|Public Restrooms,Chandrama Guest House
Raichur,"The standard check-in time is 12:00 PM and the standard check-out time is 11:00 AM. Early check-in or late check-out is strictly subjected to availability and may be chargeable by the hotel. Any early check-in or late check-out request must be directed and reconfirmed with hotel directly The Rates are strictly  applicable only for  INDIAN CITIZENS, The Foreign tourist should pay extras directly at the hotel during the time of check in",Laundry Service Available|Lobby|Parking Facilities Available|Multi Cuisine Restaurant |Power Backup|Veranda|Newspapers In Lobby,Blackbuck Resort by Jungle Lodges
Thrissur,The standard check-in time is 02:00 PM and the standard check-out time is 12:00 PM. Early check-in or late check-out is strictly subjected to availability and may be chargeable by the hotel. Any early check-in or late check-out request must be directed and reconfirmed with hotel directly We do not allow unmarried / unrelated couples to checkin. This is at full discretion of the hotel management. No refund would be applicable in case the checkin is denied under such circumstances 1.   not allowed unmarried couple 2.   not allowed local person 3.   not allowed room for drinking and gambling porpose. 4.   allow married couple if they show both i.d proof.,Casino|Concierge|Currency Exchange|Disabled Friendly Facilities |Doctor on Call|Internet Access - Surcharge|Laundry Service Available|Lobby|Front Desk|Local Tour / Travel Desk|24 Hour Front Desk,Chand V Regency
Patna,The standard check-in time is 12:00 PM and the standard check-out time is 12:00 PM. Early check-in or late check-out is strictly subjected to availability and may be chargeable by the hotel. Any early check-in or late check-out request must be directed and reconfirmed with hotel directly Hotel may charge compulsory gala dinner supplement on Christmas / New Year's eve or other festive periods. Any such supplements need to be paid directly at the hotel.,"Airport Transfer Available / Surcharge|Banquet Facilities|Business Center |Concierge|Doctor on Call|Dry Cleaning|Laundry Service Available|Lift / Elevator|Lobby|Non Smoking Rooms|Parking Facilities Available|Front Desk|Multi Cuisine Restaurant |Non Smoking Hotel|Local Tour / Travel Desk|Valet service|Major Credit Cards Accepted|24 Hour Front Desk|Luggage Storage|Doorman|Medical Assistance Available|Air-Conditioning - Central|Welcome Drinks|Power Backup|Express Check-In / Check-Out|Computer Rental|Wedding Services Facility|Catering|Wake-up Call / Service|Porter / Bellhop|Suitable For Children|Separate Sitting Area|Coffee Shop / Cafe|Conference Facility |Smoking Rooms|Limousine Service Available|Massage Services |Pick Up and Drop (Rly Station, Bus Stand, Temple)|Smoking Area |Veranda|Open Air Restaurant / Dining |Veg / Non Veg Kitchens Separate |Shopping Drop Facility (on fixed timings)|Vegetarian Food / Jain Food Available|Extra Person / Child - Share the same room|Car Rental|Food Facility|Internet Access Free|Newspapers In Lobby|Postal / Parcel Services|Room Service (24 Hours)|Party hall|Air / Rail Booking|STD / ISD|Baggage Room|Courier Service|Laptop Available on Hire|RO Water Purification System|Airport Transfer Free|Outdoor Parking - Secured|Parking Facility",Buddha Heritage
Goa,The standard check-in time is 12:00 PM and the standard check-out time is 10:00 AM. Early check-in or late check-out is strictly subjected to availability and may be chargeable by the hotel. Any early check-in or late check-out request must be directed and reconfirmed with hotel directly Valid ID proof is required at the time of check in for all guests.,Airport Transfer Available / Surcharge|Barbecue Area|Disabled Friendly Facilities |Doctor on Call|Dry Cleaning|Laundry Service Available|Lobby|Parking Facilities Available|24 Hour Front Desk|Luggage Storage|Doorman|Medical Assistance Available|Air-Conditioning - Central|Welcome Drinks|Power Backup|Express Check-In / Check-Out|Gardens|Computer Rental|Catering|Multi Lingual Staff|Wake-up Call / Service|Suitable For Children|Separate Sitting Area|Grocery|Smoking Rooms|ATM / Banking|Disabled Friendly Rooms|Kitchen available (home cook food on request)|Cell Phone Rental|Wheelchair Accessibility - Room|Nature Walk|Smoking Area |Veranda| Bike on Rent|In House Events |Vegetarian Food / Jain Food Available|Car Rental|Express Laundry|Self Check - In|Taxi Services|City Shuttle Service|Campfire / Bon Fire|Food Facility|Internet Access Free|Newspapers In Lobby|Postal / Parcel Services|Family Room|Room Service (24 Hours)| Cook Services|STD / ISD|Baggage Room|Courier Service|Guide / Sightseeing Service|Laptop Available on Hire|Adjoining Rooms|RO Water Purification System|Outdoor Parking - Secured|Parking Facility|Internet Access|Room Service|Fishing|Fire Exit Signs|First-Aid Kit at Front Desk|Full Time Operation for All 7 Days|Paid Transfers|Suites,Casa D.C.M &amp; Esmeralda
Delhi,The standard check-in time is 12:00 PM and the standard check-out time is 12:00 PM. Early check-in or late check-out is strictly subjected to availability and may be chargeable by the hotel. Any early check-in or late check-out request must be directed and reconfirmed with hotel directly We do not allow unmarried / unrelated couples to checkin. This is at full discretion of the hotel management. No refund would be applicable in case the checkin is denied under such circumstances,Doctor on Call|Laundry Service Available|Lobby|Parking Facilities Available|Room Service (24 Hours)|Baggage Room|Adjoining Rooms|RO Water Purification System|Outdoor Parking - Secured|Parking Facility|Internet Access|Room Service|First-Aid Kit at Front Desk,Charanpahari Hotel
Pune,The standard check-in time is 02:00 PM and the standard check-out time is 12:00 PM. Early check-in or late check-out is strictly subjected to availability and may be chargeable by the hotel. Any early check-in or late check-out request must be directed and reconfirmed with hotel directly We do not allow unmarried / unrelated couples to checkin. This is at full discretion of the hotel management. No refund would be applicable in case the checkin is denied under such circumstances,Doctor on Call|Front Desk|24 Hour Front Desk|Parking Facility|Room Service|Fire Safety|CCTV|Public Restrooms,Camp Chrysalid Kambre
Munnar,The standard check-in time is 02:00 PM and the standard check-out time is 12:00 PM. Early check-in or late check-out is strictly subjected to availability and may be chargeable by the hotel. Any early check-in or late check-out request must be directed and reconfirmed with hotel directly We do not allow unmarried / unrelated couples to checkin. This is at full discretion of the hotel management. No refund would be applicable in case the checkin is denied under such circumstances,Doctor on Call|Laundry Service Available|Front Desk|24 Hour Front Desk|Power Backup|ATM / Banking|Vegetarian Food / Jain Food Available|Food Facility|Room Service (24 Hours)|First-Aid Kit at Front Desk,Casito
Bharatpur,The standard check-in time is 12:00 PM and the standard check-out time is 10:00 AM. Early check-in or late check-out is strictly subjected to availability and may be chargeable by the hotel. Any early check-in or late check-out request must be directed and reconfirmed with hotel directly Welcome drink on arrival Breakfast in Restaurant (Set Menu/Buffet) Two bottles of packaged drinking water in room per day Complimentary Tea/Coffee making facility in the room,Swimming Pool|Airport Transfer Available / Surcharge|Bar / Lounge |Concierge|Currency Exchange|Doctor on Call|Dry Cleaning|Games Zone|Laundry Service Available|Lobby|Non Smoking Rooms|Parking Facilities Available|Front Desk|Multi Cuisine Restaurant |Locker Facility|Local Tour / Travel Desk|Major Credit Cards Accepted|24 Hour Front Desk|Welcome Drinks|Power Backup|Gardens|Wake-up Call / Service|Porter / Bellhop|Separate Sitting Area|Smoking Rooms|Smoking Area |Extra Person / Child - Share the same room|Village Visit ( Chargeable )|Car Rental|Taxi Services|Internet Access Free|Newspapers In Lobby|Courier Service|Adjoining Rooms|RO Water Purification System|Outdoor Parking - Secured|Room Service|First-Aid Kit at Front Desk|Full Time Operation for All 7 Days|Hotel Trading License|Paid Transfers|Porter Services Available|Public Restrooms|Suites,Chandra Mahal Haveli - Peharsar
Mumbai,The standard check-in time is 12:00 PM and the standard check-out time is 12:00 PM. Early check-in or late check-out is strictly subjected to availability and may be chargeable by the hotel. Any early check-in or late check-out request must be directed and reconfirmed with hotel directly Hotel doesn't allow unmarried couple,Doctor on Call|Laundry Service Available|Lift / Elevator|Front Desk|Local Tour / Travel Desk,Castle Service Apartments Goregaon East
Rishikesh,"The standard check-in time is 12:00 PM and the standard check-out time is 10:00 AM. Early check-in or late check-out is strictly subjected to availability and may be chargeable by the hotel. Any early check-in or late check-out request must be directed and reconfirmed with hotel directly 1. no check - in after 8 PM. 2. Check out - any time between 5 AM - 7 PM 3. 1200 rs extra charge on consecutive stay 4. 750 rs charges - maid/servant 5. children 6-14 50 percent off 6. fighting with staff,village people no tolerance",Airport Transfer Available / Surcharge|Banquet Facilities|Barbecue Area|Doctor on Call|Non Smoking Rooms|Parking Facilities Available|Local Tour / Travel Desk|Luggage Storage|Welcome Drinks|Gardens|Catering|Wake-up Call / Service|Suitable For Children|Separate Sitting Area|Coffee Shop / Cafe|Conference Facility |Kitchen available (home cook food on request)|Free Local Calls|Picnic Area|Safari|Nature Walk|Smoking Area |Veranda|Open Air Restaurant / Dining | Bike on Rent|Extra Person / Child - Share the same room|Village Visit ( Chargeable )|Car Rental|Taxi Services|Badminttion Court|Board Room|Campfire / Bon Fire|Rooftop Garden|Food Facility| Drivers Rest Room|Yoga Hall / Classes|Family Room| Cook Services|Air / Rail Booking|Baggage Room|Guide / Sightseeing Service,Camp Footloose
Mayurbhanj,The standard check-in time is 02:00 PM and the standard check-out time is 12:00 PM. Early check-in or late check-out is strictly subjected to availability and may be chargeable by the hotel. Any early check-in or late check-out request must be directed and reconfirmed with hotel directly We do not allow unmarried / unrelated couples to checkin. This is at full discretion of the hotel management. No refund would be applicable in case the checkin is denied under such circumstances,Business Center |Concierge|Currency Exchange|Disabled Friendly Facilities |Doctor on Call|Dry Cleaning|Health Club / Gym Facility Available|Internet Access - Surcharge|Laundry Service Available|Lift / Elevator|Lobby|Non Smoking Rooms|Parking Facilities Available|Front Desk|Smoking Rooms|Baggage Room|Room Service|Public Restrooms,BNT Dharamshala
Mumbai,"The standard check-in time is 12:00 PM and the standard check-out time is 12:00 PM. Early check-in or late check-out is strictly subjected to availability and may be chargeable by the hotel. Any early check-in or late check-out request must be directed and reconfirmed with hotel directly 1.ALL GUESTS ARE REQUIRED TO PRESENT PROPER PHOTO IDENTIFICATION UPON CHECK IN. 2.The identity proof would include a valid Driving license/voter identity card/PAN card, etc. Valid Passport mandatory for all Foreign guests. 3.Booking rates will not be valid for Christmas and New year dates High season and long weekend dates extra supplement will be charged over and above the paid rates as per actual and hotel discretion. No refund would be applicable in case the hotel denies check-in under such circumstances.",Doctor on Call|Laundry Service Available|Lift / Elevator|Lobby|Parking Facilities Available|Front Desk|24 Hour Front Desk|Medical Assistance Available|Power Backup|Nature Walk|Newspapers In Lobby|Room Service (24 Hours)|STD / ISD|Internet / Fax (Reception area only)|RO Water Purification System|Parking Facility|Fire Safety|CCTV|Fire Exit Signs|First-Aid Kit at Front Desk|Paid Transfers|Stamps and Mailing Facility,Castle Service Apartment
Karaikkudi,"The standard check-in time is 12:00 PM and the standard check-out time is 12:00 PM. Early check-in or late check-out is strictly subjected to availability and may be chargeable by the hotel. Any early check-in or late check-out request must be directed and reconfirmed with hotel directly Terms and Conditions: We advise you to guarantee your reservation against Credit card, Cash deposit, Service Voucher  or demand draft at the time of booking. Hotel may charge compulsory gala dinner supplement on Christmas / New Year's eve or other festive periods. Any such supplements need to be paid directly at the hotel.",Swimming Pool|Banquet Facilities|Laundry Service Available|Lobby|Parking Facilities Available|Front Desk|Local Tour / Travel Desk|Major Credit Cards Accepted|Welcome Drinks|Conference Facility |Massage Services |Village Visit ( Chargeable )| Drivers Rest Room|Internet Access Free|Newspapers In Lobby|Internet / Fax (Reception area only),Chettinadu Mansion
Lonavala,The standard check-in time is 02:00 PM and the standard check-out time is 12:00 PM. Early check-in or late check-out is strictly subjected to availability and may be chargeable by the hotel. Any early check-in or late check-out request must be directed and reconfirmed with hotel directly Advance payment is must Check In 2pm and check out 12pm Non smoking rooms,Doctor on Call|Lobby|Non Smoking Rooms|Parking Facilities Available|Gardens|Suitable For Children|Newspapers In Lobby| Cook Services|Parking Facility,Bungalow 6
Kullu,The standard check-in time is 12:00 PM and the standard check-out time is 12:00 PM. Early check-in or late check-out is strictly subjected to availability and may be chargeable by the hotel. Any early check-in or late check-out request must be directed and reconfirmed with hotel directly we respects the privacy of all its customer and business partners. Arrival and Departure policy as below :-  Check in and Check out - 1200 Hours  Early in Check and Late Check out Subjected to availability.,Laundry Service Available|Parking Facilities Available|Medical Assistance Available|Nature Walk|Food Facility|Room Service,BHAGWATI HOME STAY
Kolkata,The standard check-in time is 12:00 PM and the standard check-out time is 12:00 PM. Early check-in or late check-out is strictly subjected to availability and may be chargeable by the hotel. Any early check-in or late check-out request must be directed and reconfirmed with hotel directly We do not allow unmarried / unrelated couples to checkin. This is at full discretion of the hotel management. No refund would be applicable in case the checkin is denied under such circumstances,Doctor on Call|Doorman|Extra Person / Child - Share the same room|Family Room|Room Service (24 Hours)|Outdoor Parking - Secured,BLUE PINE RETREAT
Goa,The standard check-in time is 12:00 PM and the standard check-out time is 12:00 PM. Early check-in or late check-out is strictly subjected to availability and may be chargeable by the hotel. Any early check-in or late check-out request must be directed and reconfirmed with hotel directly,Laundry Service Available|Power Backup|Gardens,Casa D Souza
Bangalore,The standard check-in time is 12:00 PM and the standard check-out time is 12:00 PM. Early check-in or late check-out is strictly subjected to availability and may be chargeable by the hotel. Any early check-in or late check-out request must be directed and reconfirmed with hotel directly We follow a 24 hour billing cycle. Delayed check outs are extended on request and subject to room availability. Children upto the age of 5 can stay at no additional charges using existing bedding,Airport Transfer Available / Surcharge|Doctor on Call|Laundry Service Available|Parking Facilities Available|Power Backup|Car Rental|Internet Access Free|Newspapers In Lobby|Room Service (24 Hours)|Parking Facility,Catalyst Suites (Old Airport )
Faridabad,The standard check-in time is 12:00 PM and the standard check-out time is 09:00 AM. Early check-in or late check-out is strictly subjected to availability and may be chargeable by the hotel. Any early check-in or late check-out request must be directed and reconfirmed with hotel directly,Doctor on Call|Parking Facilities Available|Welcome Drinks|Picnic Area,Camp Wild
Goa,"The standard check-in time is 11:00 AM and the standard check-out time is 11:00 AM. Early check-in or late check-out is strictly subjected to availability and may be chargeable by the hotel. Any early check-in or late check-out request must be directed and reconfirmed with hotel directly AS PER GOVERNMENT DIRECTIVES IT IS MANDATORY FOR ALL GUEST TO SHOW THEIR PHOTO ID AT CHECK IN, WHICH CAN BE IN FORM OF PASSPORT AND VISA COPY/ DRIVING LICENSE/ VOTER ID CARD FAILING WHICH THE HOTEL RESERVES THE RIGHT OF REFUSAL.","Bar / Lounge |Barbecue Area|Laundry Service Available|Parking Facilities Available|Front Desk|Multi Cuisine Restaurant |Luggage Storage|Gardens|Pick Up and Drop (Rly Station, Bus Stand, Temple)| Bike on Rent|Village Visit ( Chargeable )|Car Rental|Taxi Services|Spa Services Nearby|Guide / Sightseeing Service|Outdoor Parking - Non Secured|Parking Facility|Full Time Operation for All 7 Days|Speciality Restaurant |Suites",Casa D Calma
Hamirpur,The standard check-in time is 12:00 PM and the standard check-out time is 12:00 PM. Early check-in or late check-out is strictly subjected to availability and may be chargeable by the hotel. Any early check-in or late check-out request must be directed and reconfirmed with hotel directly  Pets are not allowed. Valid Photo ID required for check-in,"Banquet Facilities|Bar / Lounge |Doctor on Call|Gift Shop |Lift / Elevator|Parking Facilities Available|Front Desk|Multi Cuisine Restaurant |Major Credit Cards Accepted|Luggage Storage|Air-Conditioning - Central|Audio - Visual Equipment|Wedding Services Facility|Catering|Wake-up Call / Service|Separate Sitting Area|Coffee Shop / Cafe|Conference Facility |Smoking Rooms|Access Via Exterior Corridors|ATM / Banking|Picnic Area|Pick Up and Drop (Rly Station, Bus Stand, Temple)|Smoking Area |Veranda|Transfers Available|Veg / Non Veg Kitchens Separate |Vegetarian Food / Jain Food Available|Extra Person / Child - Share the same room|Taxi Services|Board Room|Food Facility| Drivers Rest Room|Internet Access Free|Family Room|Party hall|STD / ISD|Baggage Room|RO Water Purification System|Outdoor Parking - Secured|Parking Facility|Internet Access|Restaurant|Room Service|Fire Safety",Chopra residency
Gurgaon,The standard check-in time is 12:00 PM and the standard check-out time is 12:00 PM. Early check-in or late check-out is strictly subjected to availability and may be chargeable by the hotel. Any early check-in or late check-out request must be directed and reconfirmed with hotel directly,,Cherisha Zone Hotel
Manali,The standard check-in time is 12:00 PM and the standard check-out time is 10:00 AM. Early check-in or late check-out is strictly subjected to availability and may be chargeable by the hotel. Any early check-in or late check-out request must be directed and reconfirmed with hotel directly Valid ID proof is required at the time of check in for all guests. Locals and unmarried couples are not allowed ( 30 KM area radius from hotel  take as a local area.,Barbecue Area|Doctor on Call|Internet Access - Surcharge|Laundry Service Available|Lobby|Parking Facilities Available|Pets Allowed|Multi Cuisine Restaurant |Locker Facility|Local Tour / Travel Desk|Major Credit Cards Accepted|Welcome Drinks|Gardens|Dance Performances (on demand)|Kitchen available (home cook food on request)|Veranda|Open Air Restaurant / Dining |Transfers Available| Bike on Rent|Veg / Non Veg Kitchens Separate |Shopping Drop Facility (on fixed timings)|Car Rental|Karaoke |Campfire / Bon Fire|Food Facility| Drivers Rest Room|Internet Access Free|Newspapers In Lobby|Room Service (24 Hours)| Cook Services|Laptop Available on Hire|Outdoor Parking - Secured|Parking Facility|Internet Access|Restaurant|Room Service|CCTV|Stamps and Mailing Facility,Cibori Cloud
Nellore,"The standard check-in time is 12:00 PM and the standard check-out time is 12:00 PM. Early check-in or late check-out is strictly subjected to availability and may be chargeable by the hotel. Any early check-in or late check-out request must be directed and reconfirmed with hotel directly According to government regulations, a valid Photo ID has to be carried by every person who stays at the hotel. The identification proofs accepted are Drivers License, Voters Card, Passport, Ration Card. Without valid ID the guest will not be allowed to check in. Note- PAN Cards will not be accepted as a valid ID card.",Front Desk|Power Backup|Room Service|First-Aid Kit at Front Desk,Bhavani Residency
Srinagar,The standard check-in time is 11:00 AM and the standard check-out time is 02:00 PM. Early check-in or late check-out is strictly subjected to availability and may be chargeable by the hotel. Any early check-in or late check-out request must be directed and reconfirmed with hotel directly The property only accepts Cash Pyaments,Laundry Service Available|Parking Facilities Available|Front Desk|Multi Cuisine Restaurant |Locker Facility|Power Backup|Internet Access Free|Room Service (24 Hours)|Outdoor Parking - Secured|Parking Facility|Room Service|Speciality Restaurant |Suites,Boat New Engilla
Hyderabad,The standard check-in time is 12:00 PM and the standard check-out time is 12:00 PM. Early check-in or late check-out is strictly subjected to availability and may be chargeable by the hotel. Any early check-in or late check-out request must be directed and reconfirmed with hotel directly We do not allow unmarried / unrelated couples to checkin. This is at full discretion of the hotel management. No refund would be applicable in case the checkin is denied under such circumstances,Doctor on Call|Lobby|Parking Facilities Available|Front Desk|24 Hour Front Desk|Medical Assistance Available|Separate Sitting Area|Smoking Area |Parking Facility|Room Service|CCTV|First-Aid Kit at Front Desk|Public Restrooms,C 9 Service Apartments
Chennai,"The standard check-in time is 12:00 PM and the standard check-out time is 12:00 PM. Early check-in or late check-out is strictly subjected to availability and may be chargeable by the hotel. Any early check-in or late check-out request must be directed and reconfirmed with hotel directly Booking rates will not be valid for Christmas and New year dates, High season and long weekend dates , extra supplement will be charged over and above the paid rates as per actual and hotel discretion",Business Center |Laundry Service Available|Lobby|Parking Facilities Available|Front Desk|24 Hour Front Desk|Luggage Storage|Doorman|Air-Conditioning - Central|Welcome Drinks|Power Backup|Express Check-In / Check-Out|Multi Lingual Staff|Grocery|Kitchen available (home cook food on request)|Veranda|Extra Person / Child - Share the same room|Internet Access Free|Newspapers In Lobby|Family Room| Cook Services|STD / ISD|Parking Facility|Room Service|CCTV|Full Time Operation for All 7 Days|Porter Services Available|Security at All Hotel Entrances|Suites,"Catch22 Hospitality Services , OMR Sholinganallur"
Mandarmani,The standard check-in time is 12:00 PM and the standard check-out time is 11:00 AM. Early check-in or late check-out is strictly subjected to availability and may be chargeable by the hotel. Any early check-in or late check-out request must be directed and reconfirmed with hotel directly,"Barbecue Area|Doctor on Call|Dry Cleaning|Laundry Service Available|Lobby|Parking Facilities Available|Pets Allowed|Front Desk|Hookah Lounge|Major Credit Cards Accepted|Power Backup|Gardens|Wake-up Call / Service|Separate Sitting Area|Coffee Shop / Cafe|Smoking Rooms|Access Via Exterior Corridors|Kitchen available (home cook food on request)|Picnic Area|Pick Up and Drop (Rly Station, Bus Stand, Temple)|Private Beach|Nature Walk|Smoking Area |Veranda|Open Air Restaurant / Dining |Vegetarian Food / Jain Food Available|Extra Person / Child - Share the same room|Kids Play Zone|Taxi Services|Badminttion Court|Karaoke |Campfire / Bon Fire|Food Facility| Drivers Rest Room|Newspapers In Lobby|Children's Park|Room Service (24 Hours)|Laptop Available on Hire|Internet / Fax (Reception area only)|RO Water Purification System|Outdoor Parking - Secured|Parking Facility|Restaurant|Room Service|Anti-Slip Ramps|CCTV|First-Aid Kit at Front Desk|Paid Transfers|Public Restrooms",Bombay Beach Resort
Darjeeling,The standard check-in time is 01:00 PM and the standard check-out time is 11:00 AM. Early check-in or late check-out is strictly subjected to availability and may be chargeable by the hotel. Any early check-in or late check-out request must be directed and reconfirmed with hotel directly Children upto 05 years of age sharing same bed - No Charge. Children between 05 and 08 years of age sharing the same room with an extra bed 50% charge.,"Babysitting/ Child Care (surcharge)|Bar / Lounge |Business Center |Doctor on Call|Dry Cleaning|Gift Shop |Laundry Service Available|Library|Lift / Elevator|Parking Facilities Available|Multi Cuisine Restaurant |24 Hour Front Desk|Welcome Drinks|Gardens|Catering|Wake-up Call / Service|Coffee Shop / Cafe|Conference Facility |Fire Place Available |Pick Up and Drop (Rly Station, Bus Stand, Temple)|Open Air Restaurant / Dining |Transfers Available|Car Rental|Kids Play Zone|Food Facility|Internet Access Free|Newspapers In Lobby|Room Service (24 Hours)|STD / ISD|Guide / Sightseeing Service|Internet / Fax (Reception area only)|Outdoor Parking - Non Secured|Internet Access|Restaurant|Room Service|Fire Safety|Public Restrooms",Cedar Inn
Srinagar,The standard check-in time is 12:00 PM and the standard check-out time is 10:00 AM. Early check-in or late check-out is strictly subjected to availability and may be chargeable by the hotel. Any early check-in or late check-out request must be directed and reconfirmed with hotel directly Hotel may charge compulsory gala dinner supplement on Christmas / New Year's eve or other festive periods. Any such supplements need to be paid directly at the hotel.,Airport Transfer Available / Surcharge|Currency Exchange|Doctor on Call|Laundry Service Available|Parking Facilities Available|Front Desk|Multi Cuisine Restaurant |Major Credit Cards Accepted|Medical Assistance Available|Welcome Drinks|Power Backup|Gardens|Dance Performances (on demand)|Wake-up Call / Service|Nature Walk|Transfers Available| Bike on Rent|Vegetarian Food / Jain Food Available|Extra Person / Child - Share the same room|Car Rental|Oxygen Cylinder (on request)|Taxi Services|Campfire / Bon Fire| Drivers Rest Room|Internet Access Free|Guide / Sightseeing Service|Outdoor Parking - Secured|Parking Facility|Restaurant|Room Service|Paid Transfers,Butt Clermont Houseboat
Ahmedabad,"The standard check-in time is 02:00 PM and the standard check-out time is 12:00 PM. Early check-in or late check-out is strictly subjected to availability and may be chargeable by the hotel. Any early check-in or late check-out request must be directed and reconfirmed with hotel directly Guests staying on Dec 24 and  Dec 31 ,a mandatory Christmas eve extravaganza and  dinner charge of Rs. 1200 per adult / Rs. 800 per child will be charged and payable at hotel. Mandatory Gala Dinner and DJ Party Charges on 31 Dec 2015 Rs. 3999 Per Couple, directly payable at hotel only for Cambay Grand, Ahmedabad. Please find the attached for your reference. Party Inclusions:- 1) Russian belly dancers 2)Ice live mocktail bar    3)Lady bollywood DJ 4)Gala Dinner (Veg and Non Veg) 5)International Dance act 6) Fire act",Swimming Pool|Babysitting/ Child Care (surcharge)|Ballroom|Banquet Facilities|Beauty Salon - on charge|Business Center |Concierge|Currency Exchange|Dry Cleaning|Health Club / Gym Facility Available|Laundry Service Available|Lift / Elevator|Lobby|Non Smoking Rooms|Parking Facilities Available|Front Desk|Multi Cuisine Restaurant |Spa On Site - Chargeable|Local Tour / Travel Desk|Major Credit Cards Accepted|24 Hour Front Desk|Luggage Storage|Air-Conditioning - Central|Welcome Drinks|Power Backup|Express Check-In / Check-Out|Catering|Wake-up Call / Service|Suitable For Children|Coffee Shop / Cafe|Conference Facility |Smoking Rooms|Electronic / Magnetic Keys|Massage Services |In House Events |Vegetarian Food / Jain Food Available|Car Rental|Taxi Services|Board Room|Food Facility|Internet Access Free|Newspapers In Lobby|Room Service (24 Hours)|Party hall|Baggage Room|Internet / Fax (Reception area only)|RO Water Purification System|Parking Facility|Restaurant|Room Service|CCTV|Fire Exit Signs|Hotel Trading License|Paid Transfers|Pest Control Facility|Public Restrooms|Suites,Cambay Grand
Indore,The standard check-in time is 12:00 PM and the standard check-out time is 10:00 AM. Early check-in or late check-out is strictly subjected to availability and may be chargeable by the hotel. Any early check-in or late check-out request must be directed and reconfirmed with hotel directly 24 Hrs room Service Multi Channel LCD in Rooms Wi-Fi connectivity,Banquet Facilities|Bar / Lounge |Business Center |Concierge|Doctor on Call|Dry Cleaning|Laundry Service Available|Lift / Elevator|Lobby|Parking Facilities Available|Front Desk|Multi Cuisine Restaurant |Locker Facility|24 Hour Front Desk|Luggage Storage|Air-Conditioning - Central|Welcome Drinks|Power Backup|Express Check-In / Check-Out|Wake-up Call / Service|Coffee Shop / Cafe|Conference Facility |ATM / Banking|Vegetarian Food / Jain Food Available|Car Rental|Water Dispenser Available|Taxi Services|Internet Access Free|Newspapers In Lobby|Whirlpool Bath / Shower Cubicle|Room Service (24 Hours)|Baggage Room|RO Water Purification System|Outdoor Parking - Secured|Parking Facility|Internet Access,Cherry Tree Hotels
Mussoorie,The standard check-in time is 12:00 PM and the standard check-out time is 10:00 AM. Early check-in or late check-out is strictly subjected to availability and may be chargeable by the hotel. Any early check-in or late check-out request must be directed and reconfirmed with hotel directly,Doctor on Call|Laundry Service Available|Parking Facilities Available|Multi Cuisine Restaurant |Local Tour / Travel Desk|Medical Assistance Available|Smoking Rooms|Extra Person / Child - Share the same room|Food Facility|Room Service (24 Hours)|RO Water Purification System|Outdoor Parking - Secured|Parking Facility|Room Service,Castle View
Jaipur,The standard check-in time is 12:00 PM and the standard check-out time is 12:00 PM. Early check-in or late check-out is strictly subjected to availability and may be chargeable by the hotel. Any early check-in or late check-out request must be directed and reconfirmed with hotel directly,Doctor on Call|Laundry Service Available|Multi Cuisine Restaurant |Local Tour / Travel Desk|Major Credit Cards Accepted|Dance Performances (on demand)|Safari|Camel Ride|Car Rental|Internet Access|Room Service,Bharat Mahal Palace
Greater Noida,The standard check-in time is 12:00 PM and the standard check-out time is 11:00 AM. Early check-in or late check-out is strictly subjected to availability and may be chargeable by the hotel. Any early check-in or late check-out request must be directed and reconfirmed with hotel directly 1. All guests requested to carry Valid ID proof for Check Inn. 2. Couple Guests with Local ID's are not allowed to check inn. 3. Cancellation and prepayment policies vary according to room type.,Swimming Pool|Laundry Service Available|Power Backup|Taxi Services|Rooftop Garden|Internet Access Free|Party hall|Room Service,Bhambri House
Gurgaon,The standard check-in time is 12:00 PM and the standard check-out time is 12:00 PM. Early check-in or late check-out is strictly subjected to availability and may be chargeable by the hotel. Any early check-in or late check-out request must be directed and reconfirmed with hotel directly Accommodation can be denied to guests posing as a couple if suitable proof of identification is not presented at check-in.  The hotel reserves the right of admission for local residents.,Laundry Service Available|Lobby|Parking Facilities Available|Pets Allowed|Front Desk|Multi Cuisine Restaurant |Parking Facility,Callista Inn South City
Tehri,The standard check-in time is 02:00 PM and the standard check-out time is 12:00 PM. Early check-in or late check-out is strictly subjected to availability and may be chargeable by the hotel. Any early check-in or late check-out request must be directed and reconfirmed with hotel directly The standard check-in time is 12:00 PM and the standard check-out time is 12:00 PM. Early check-in or late check-out is strictly subjected to availability and may be chargeable by the hotel.,Doctor on Call|Lobby|Front Desk|Local Tour / Travel Desk|Major Credit Cards Accepted|24 Hour Front Desk|Medical Assistance Available|Air-Conditioning - Central|Power Backup|Room Service (24 Hours)|First-Aid Kit at Front Desk,Camp High 5
Kotagiri,The standard check-in time is 12:00 PM and the standard check-out time is 12:00 PM. Early check-in or late check-out is strictly subjected to availability and may be chargeable by the hotel. Any early check-in or late check-out request must be directed and reconfirmed with hotel directly,Parking Facilities Available|Front Desk|Gardens|Campfire / Bon Fire|Food Facility|Children's Park|Room Service (24 Hours)|Internet / Fax (Reception area only)|Outdoor Parking - Secured|Parking Facility,Celestial Resorts
Raigad,The standard check-in time is 02:00 PM and the standard check-out time is 12:00 PM. Early check-in or late check-out is strictly subjected to availability and may be chargeable by the hotel. Any early check-in or late check-out request must be directed and reconfirmed with hotel directly We do not allow unmarried / unrelated couples to checkin. This is at full discretion of the hotel management. No refund would be applicable in case the checkin is denied under such circumstances),Non Smoking Rooms|Parking Facilities Available|24 Hour Front Desk|Separate Sitting Area|Extra Person / Child - Share the same room|Newspapers In Lobby|Family Room|Party hall|RO Water Purification System|Outdoor Parking - Secured|Parking Facility|Fire Safety|Fire Exit Signs|First-Aid Kit at Front Desk|Paid Transfers|Public Restrooms,Cesolo Alibaug
Mumbai,The standard check-in time is 12:00 PM and the standard check-out time is 12:00 PM. Early check-in or late check-out is strictly subjected to availability and may be chargeable by the hotel. Any early check-in or late check-out request must be directed and reconfirmed with hotel directly At the time of Check in you have to pay Full Payment,Front Desk|Power Backup|Internet Access Free|Room Service (24 Hours)|Room Service,Bombay Nightout
Manali,The standard check-in time is 12:00 PM and the standard check-out time is 12:00 PM. Early check-in or late check-out is strictly subjected to availability and may be chargeable by the hotel. Any early check-in or late check-out request must be directed and reconfirmed with hotel directly Hotel may charge compulsory gala dinner supplement on Christmas / New Year's eve or other festive periods. Any such supplements need to be paid directly at the hotel.,Babysitting/ Child Care (surcharge)|Doctor on Call|Dry Cleaning|Laundry Service Available|Parking Facilities Available|Front Desk|Multi Cuisine Restaurant |Local Tour / Travel Desk,ChanderMukhi Cottage
Manali,The standard check-in time is 12:00 PM and the standard check-out time is 12:00 PM. Early check-in or late check-out is strictly subjected to availability and may be chargeable by the hotel. Any early check-in or late check-out request must be directed and reconfirmed with hotel directly Cancellation Terms : - 75 % total booking amount Cancellation charge in if cancelled less than,Doctor on Call|Parking Facilities Available|Front Desk|Locker Facility|Luggage Storage|Doorman|Baggage Room|Adjoining Rooms|Outdoor Parking - Secured|Parking Facility|Room Service|First-Aid Kit at Front Desk,Chayan Cottage Manali
Alleppey,The standard check-in time is 12:00 PM and the standard check-out time is 12:00 PM. Early check-in or late check-out is strictly subjected to availability and may be chargeable by the hotel. Any early check-in or late check-out request must be directed and reconfirmed with hotel directly,Laundry Service Available|Power Backup|Internet Access Free|Newspapers In Lobby|Room Service,Chalet regency
Dalhousie,The standard check-in time is 12:00 PM and the standard check-out time is 12:00 PM. Early check-in or late check-out is strictly subjected to availability and may be chargeable by the hotel. Any early check-in or late check-out request must be directed and reconfirmed with hotel directly Pets are not allowed. Valid Photo ID required for check-in,Doctor on Call|Dry Cleaning|Health Club / Gym Facility Available|Laundry Service Available|Lobby|Non Smoking Rooms|Parking Facilities Available|Non Smoking Hotel|24 Hour Front Desk|Medical Assistance Available|Power Backup|Fitness Equipment|Pool Table|Newspapers In Lobby,Chobhyal Cottage
Kolkata,The standard check-in time is 12:00 PM and the standard check-out time is 12:00 PM. Early check-in or late check-out is strictly subjected to availability and may be chargeable by the hotel. Any early check-in or late check-out request must be directed and reconfirmed with hotel directly  We do not allow unmarried / unrelated couples to checkin. This is at full discretion of the hotel management. No refund would be applicable in case the checkin is denied under such circumstances,Concierge|Doctor on Call|Health Club / Gym Facility Available|Parking Facilities Available|Front Desk|24 Hour Front Desk|Luggage Storage|Doorman|Family Room|Room Service (24 Hours)|Room Service|CCTV,Blue Merry Inn Pvt. Ltd
Goa,The standard check-in time is 02:00 PM and the standard check-out time is 12:00 PM. Early check-in or late check-out is strictly subjected to availability and may be chargeable by the hotel. Any early check-in or late check-out request must be directed and reconfirmed with hotel directly,,Blue Beach Nest Service Apartments
Goa,The standard check-in time is 04:00 PM and the standard check-out time is 11:00 AM. Early check-in or late check-out is strictly subjected to availability and may be chargeable by the hotel. Any early check-in or late check-out request must be directed and reconfirmed with hotel directly All the tariffs are based on Per Hour mode and All the Bookings will be confirmed on call,Swimming Pool|Babysitting/ Child Care (surcharge)|Ballroom|Billiards|Business Center |Casino|Concierge|Currency Exchange|Doctor on Call|Dry Cleaning|Health Club / Gym Facility Available|Laundry Service Available|Library|Lift / Elevator|Lobby|Night Club|Non Smoking Rooms|Parking Facilities Available|Private / Plunge Pool|Front Desk|Multi Cuisine Restaurant |Locker Facility|24 Hour Front Desk|Luggage Storage|Doorman|Power Backup|Fire Safety|Fire Exit Signs|First-Aid Kit at Front Desk,Champions Yacht - Free Spirit
Chennai,The standard check-in time is 11:30 AM and the standard check-out time is 10:00 PM. Early check-in or late check-out is strictly subjected to availability and may be chargeable by the hotel. Any early check-in or late check-out request must be directed and reconfirmed with hotel directly As  per the hotel policy we obide the rules.,Business Center |Dry Cleaning|Health Club / Gym Facility Available|Internet Access - Surcharge|Laundry Service Available|Lift / Elevator|Lobby|Parking Facilities Available|Front Desk|Locker Facility|Valet service|24 Hour Front Desk|Doorman|Power Backup|Porter / Bellhop|Coffee Shop / Cafe|Conference Facility |Kitchen available (home cook food on request)|Smoking Area |Open Air Restaurant / Dining |Veg / Non Veg Kitchens Separate |Food Facility|Internet Access Free|Newspapers In Lobby|Room Service (24 Hours)| Cook Services|Parking Facility|Internet Access|Restaurant|Room Service|Fire Safety|Hotel Trading License|Porter Services Available|Security at All Hotel Entrances|Smoke Detector|Suites,Chennaibnb
Goa,The standard check-in time is 02:00 PM and the standard check-out time is 12:00 PM. Early check-in or late check-out is strictly subjected to availability and may be chargeable by the hotel. Any early check-in or late check-out request must be directed and reconfirmed with hotel directly,Laundry Service Available|Parking Facilities Available|Internet Access Free|Room Service (24 Hours)|Parking Facility,CASA DA BOA VIDA
Noida,The standard check-in time is 12:00 PM and the standard check-out time is 10:00 AM. Early check-in or late check-out is strictly subjected to availability and may be chargeable by the hotel. Any early check-in or late check-out request must be directed and reconfirmed with hotel directly Check-in time is 12:00 PM and check-out time is 10:00 AM. Early check-in or late check-out is strictly subjected to availability and will be chargeable. Half day charge up to 6 pm and after 6 pm full day charge will be applicable.,Doctor on Call|Dry Cleaning|Internet Access - Surcharge|Laundry Service Available|Parking Facilities Available|Front Desk|Multi Cuisine Restaurant |Locker Facility|24 Hour Front Desk|Air-Conditioning - Central|Power Backup|Suitable For Children|Internet Access Free|Newspapers In Lobby|Room Service (24 Hours)|Parking Facility,BRS Homes
Siliguri,The standard check-in time is 12:00 PM and the standard check-out time is 12:00 PM. Early check-in or late check-out is strictly subjected to availability and may be chargeable by the hotel. Any early check-in or late check-out request must be directed and reconfirmed with hotel directly Right to Admission Reserved,Laundry Service Available|Lobby|Parking Facilities Available|Front Desk|Local Tour / Travel Desk|Major Credit Cards Accepted|24 Hour Front Desk|Medical Assistance Available|Air-Conditioning - Central|Power Backup|Food Facility|Parking Facility,BIMAL GUEST HOUSE
Dehradun,The standard check-in time is 12:00 PM and the standard check-out time is 12:00 PM. Early check-in or late check-out is strictly subjected to availability and may be chargeable by the hotel. Any early check-in or late check-out request must be directed and reconfirmed with hotel directly Right to Admission Reserved,24 Hour Front Desk|Room Service (24 Hours)|Parking Facility,Butola Guest House
Goa,"The standard check-in time is 11:00 AM and the standard check-out time is 10:00 AM. Early check-in or late check-out is strictly subjected to availability and may be chargeable by the hotel. Any early check-in or late check-out request must be directed and reconfirmed with hotel directly In triple occupancy room 3 males only or 3 females only or 2 parents and 1 child are allowed in the room, please note 2 females and 1 male, 2 males and 1 female will not be allowed in the room.",Doctor on Call|Local Tour / Travel Desk|Power Backup| Bike on Rent|Internet Access Free|Outdoor Parking - Secured|Parking Facility|Internet Access|Room Service,CALANGUTE BEACH SIDE HOTEL
Chennai,The standard check-in time is 12:00 PM and the standard check-out time is 12:00 PM. Early check-in or late check-out is strictly subjected to availability and may be chargeable by the hotel. Any early check-in or late check-out request must be directed and reconfirmed with hotel directly Hotel may charge compulsory gala dinner supplement on Christmas / New Year's eve or other festive periods. Any such supplements need to be paid directly at the hotel.,Laundry Service Available|Lift / Elevator|Parking Facilities Available|Front Desk|Multi Cuisine Restaurant |24 Hour Front Desk|Medical Assistance Available|Power Backup|Car Rental|Internet Access Free|Newspapers In Lobby|Postal / Parcel Services|Room Service (24 Hours)|Air / Rail Booking|Courier Service|Outdoor Parking - Secured|Parking Facility|Fire Exit Signs|Full Time Operation for All 7 Days|Security at All Hotel Entrances,Buhari Royale Boutique Hotel
Gangtok,The standard check-in time is 12:00 PM and the standard check-out time is 11:00 AM. Early check-in or late check-out is strictly subjected to availability and may be chargeable by the hotel. Any early check-in or late check-out request must be directed and reconfirmed with hotel directly,"Doctor on Call|Internet Access - Surcharge|Lobby|Parking Facilities Available|Front Desk|Express Check-In / Check-Out|Pick Up and Drop (Rly Station, Bus Stand, Temple)|Kids Play Zone|Badminttion Court|Room Service (24 Hours)|STD / ISD|Guide / Sightseeing Service",Cherry Resort
Leh,The standard check-in time is 12:00 PM and the standard check-out time is 12:00 PM. Early check-in or late check-out is strictly subjected to availability and may be chargeable by the hotel. Any early check-in or late check-out request must be directed and reconfirmed with hotel directly We do not allow unmarried / unrelated couples to checkin. This is at full discretion of the hotel management. No refund would be applicable in case the checkin is denied under such circumstances,Doctor on Call|Parking Facilities Available|Front Desk|Room Service|First-Aid Kit at Front Desk|Public Restrooms,Camel Resort &amp; Camp
Gurgaon,The standard check-in time is 12:00 PM and the standard check-out time is 12:00 PM. Early check-in or late check-out is strictly subjected to availability and may be chargeable by the hotel. Any early check-in or late check-out request must be directed and reconfirmed with hotel directly 1. All guests requested to carry Valid ID proof for Check In. 2. Couple Guests with Local ID's are not allowed to check in.,Doctor on Call|Lobby|Parking Facilities Available|Front Desk|Locker Facility|24 Hour Front Desk|Medical Assistance Available|Power Backup|Conference Facility |Nature Walk|Internet Access Free|Newspapers In Lobby|Room Service (24 Hours)|STD / ISD|Internet / Fax (Reception area only)|Parking Facility|Fire Safety|CCTV|Fire Exit Signs|First-Aid Kit at Front Desk|Paid Transfers|Stamps and Mailing Facility,Casa Grand
Srinagar,The standard check-in time is 02:00 PM and the standard check-out time is 12:00 PM. Early check-in or late check-out is strictly subjected to availability and may be chargeable by the hotel. Any early check-in or late check-out request must be directed and reconfirmed with hotel directly We do not allow unmarried / unrelated couples to checkin. This is at full discretion of the hotel management. No refund would be applicable in case the checkin is denied under such circumstances,Internet Access - Surcharge|Parking Facilities Available|Front Desk|Internet Access Free|Outdoor Parking - Secured|Parking Facility|Room Service|Suites,Boktoo Palace Group of Houseboats
Shillong,"The standard check-in time is 12:00 PM and the standard check-out time is 12:00 PM. Early check-in or late check-out is strictly subjected to availability and may be chargeable by the hotel. Any early check-in or late check-out request must be directed and reconfirmed with hotel directly Hotel may charge compulsory supplement on Christmas, New Years eve and other festive periods. Any such supplements need to be paid at the hotel. As per the govt. guidelines valid govt. issued id proofs are required to be presented at the Time of C/in",Laundry Service Available|Lobby|Parking Facilities Available|Front Desk|Multi Cuisine Restaurant |Locker Facility|24 Hour Front Desk|Luggage Storage|Doorman|Welcome Drinks|Power Backup|Conference Facility |Picnic Area|Nature Walk|Internet Access Free|Newspapers In Lobby|Room Service (24 Hours)| Cook Services|Party hall|Parking Facility,Blueberry Inn
Leh,The standard check-in time is 12:00 PM and the standard check-out time is 12:00 PM. Early check-in or late check-out is strictly subjected to availability and may be chargeable by the hotel. Any early check-in or late check-out request must be directed and reconfirmed with hotel directly,Laundry Service Available|Parking Facilities Available|Front Desk|Medical Assistance Available|Nature Walk| Bike on Rent|Vegetarian Food / Jain Food Available|Car Rental|Campfire / Bon Fire|Outdoor Parking - Secured|Parking Facility|Restaurant|Room Service,Camp BlueWaters
Sirmaur,The standard check-in time is 02:00 PM and the standard check-out time is 12:00 PM. Early check-in or late check-out is strictly subjected to availability and may be chargeable by the hotel. Any early check-in or late check-out request must be directed and reconfirmed with hotel directly We do not allow unmarried / unrelated couples to checkin. This is at full discretion of the hotel management. No refund would be applicable in case the checkin is denied under such circumstances Alcohol and Smoking is strictly restricted .,Airport Transfer Available / Surcharge|Basketball Court |Doctor on Call|Parking Facilities Available|Front Desk|Public Restrooms,Chureshwar Resort
Goa,"The standard check-in time is 02:00 PM and the standard check-out time is 12:00 PM. Early check-in or late check-out is strictly subjected to availability and may be chargeable by the hotel. Any early check-in or late check-out request must be directed and reconfirmed with hotel directly Please note that the hotel is charging a Compulsory New year'Eve Gala Dinner @ Rs. 3000 per head, the same is payable directly at the hotel on check in",Swimming Pool|Airport Transfer Available / Surcharge|Bar / Lounge |Internet Access - Surcharge|Laundry Service Available|Non Smoking Rooms|Parking Facilities Available|Front Desk|Multi Cuisine Restaurant |Locker Facility|Spa On Site - Chargeable|Local Tour / Travel Desk|Major Credit Cards Accepted|24 Hour Front Desk|Luggage Storage|Medical Assistance Available|Power Backup|Gardens|Wake-up Call / Service|Poolside Bar|Open Air Restaurant / Dining |Village Visit ( Chargeable )|Car Rental|Taxi Services|Food Facility|Internet Access Free|Newspapers In Lobby|Guide / Sightseeing Service|Outdoor Parking - Non Secured|Parking Facility|Internet Access|Restaurant|Room Service|Paid Transfers|Public Restrooms|Security at All Hotel Entrances|Speciality Restaurant,Casa Colvale
Goa,The standard check-in time is 12:00 PM and the standard check-out time is 12:00 PM. Early check-in or late check-out is strictly subjected to availability and may be chargeable by the hotel. Any early check-in or late check-out request must be directed and reconfirmed with hotel directly Like the policy for : We do not allow unmarried / unrelated couples to checkin. This is at full discretion of the hotel management. No refund would be applicable in case the checkin is denied under such circumstances,Doctor on Call|Lobby|Non Smoking Rooms|Parking Facilities Available|Front Desk|24 Hour Front Desk|Power Backup|Nature Walk|Veranda|Water Dispenser Available|Food Facility|Family Room|Room Service (24 Hours)|RO Water Purification System|Outdoor Parking - Secured|Parking Facility|Room Service|First-Aid Kit at Front Desk|Full Time Operation for All 7 Days|Public Restrooms|Suites,Calangute Beach Resort
Chittorgarh,The standard check-in time is 12:00 PM and the standard check-out time is 12:00 PM. Early check-in or late check-out is strictly subjected to availability and may be chargeable by the hotel. Any early check-in or late check-out request must be directed and reconfirmed with hotel directly Hotel may charge gala dinner supplement on Christmas/New Years eve or other festive periods. Which needs to be paid directly at the hotel.As per the govt. guidelines valid govt. issued id proofs are required to be presented at the Time of C/in.,Swimming Pool|Bar / Lounge |Internet Access - Surcharge|Laundry Service Available|Parking Facilities Available|Front Desk|Multi Cuisine Restaurant |Welcome Drinks|Wheelchair Accessibility - Room|Internet Access Free|Newspapers In Lobby|Room Service (24 Hours)|Parking Facility,Castle Bijaipur Hotels(35 Km from Chittorgarh)
Mandarmani,The standard check-in time is 12:00 PM and the standard check-out time is 11:30 AM. Early check-in or late check-out is strictly subjected to availability and may be chargeable by the hotel. Any early check-in or late check-out request must be directed and reconfirmed with hotel directly,Doctor on Call|Laundry Service Available|Multi Cuisine Restaurant,Calypso Hotel and Resorts
Coorg,The standard check-in time is 12:00 PM and the standard check-out time is 12:00 PM. Early check-in or late check-out is strictly subjected to availability and may be chargeable by the hotel. Any early check-in or late check-out request must be directed and reconfirmed with hotel directly,Doctor on Call|Lobby|Campfire / Bon Fire|Newspapers In Lobby|Room Service (24 Hours),Bota Royal
Goa,The standard check-in time is 09:00 AM and the standard check-out time is 09:00 AM. Early check-in or late check-out is strictly subjected to availability and may be chargeable by the hotel. Any early check-in or late check-out request must be directed and reconfirmed with hotel directly,Airport Transfer Available / Surcharge|Doctor on Call|Laundry Service Available|Parking Facilities Available|Front Desk|Locker Facility|24 Hour Front Desk|Taxi Services|Newspapers In Lobby|Room Service (24 Hours)|Guide / Sightseeing Service|Outdoor Parking - Non Secured|Room Service|CCTV|Paid Transfers|Public Restrooms,Campal Beach Resort
Palakkad,The standard check-in time is 12:00 PM and the standard check-out time is 12:00 PM. Early check-in or late check-out is strictly subjected to availability and may be chargeable by the hotel. Any early check-in or late check-out request must be directed and reconfirmed with hotel directly Terms and Conditions: It is mandatory for guests to present valid photo identification at the time of check-in.,Banquet Facilities|Business Center |Doctor on Call|Internet Access - Surcharge|Laundry Service Available|Lobby|Front Desk|Multi Cuisine Restaurant |Local Tour / Travel Desk,Boon Inn
Rajahmundry,The standard check-in time is 12:00 PM and the standard check-out time is 12:00 PM. Early check-in or late check-out is strictly subjected to availability and may be chargeable by the hotel. Any early check-in or late check-out request must be directed and reconfirmed with hotel directly . Terms and Conditions: It is mandatory for guests to present valid photo identification at the time of check-in. and should carry hotel Booking Voucher at the time of check in. Unmarried Couples not allowed,Front Desk,Bommana Residency
Goa,"The standard check-in time is 01:00 PM and the standard check-out time is 10:00 AM. Early check-in or late check-out is strictly subjected to availability and may be chargeable by the hotel. Any early check-in or late check-out request must be directed and reconfirmed with hotel directly Kindly note that this apartments are available in two different complex and different blocks. Booking rates will not be valid for Christmas New year dates, High season long weekend dates extra supplement will be charged over above the paid rates.",Swimming Pool|Doctor on Call|Parking Facilities Available|Front Desk|Doorman|Car Rental|Parking Facility|Room Service,CasaMelhor 1 BHK In Siolim
Hyderabad,The standard check-in time is 02:00 PM and the standard check-out time is 12:00 PM. Early check-in or late check-out is strictly subjected to availability and may be chargeable by the hotel. Any early check-in or late check-out request must be directed and reconfirmed with hotel directly We do not allow unmarried / unrelated couples to checkin. This is at full discretion of the hotel management. No refund would be applicable in case the checkin is denied under such circumstances,Doctor on Call|Parking Facilities Available|Doorman|Children's Park|Outdoor Parking - Secured|Parking Facility,Blueberry Service Apartments
Thekkady,"The standard check-in time is 01:00 PM and the standard check-out time is 11:00 AM. Early check-in or late check-out is strictly subjected to availability and may be chargeable by the hotel. Any early check-in or late check-out request must be directed and reconfirmed with hotel directly **** Compulsory Supplement charges to be paid **** Mandatory New Year Gala Dinner Charges on 31st Dec at Rs.6000 per couple per room,to be paid at the hotel directly at the time of check in. Mandatory Christmas Gala Dinner charges on 24th Dec at Rs. 4000 per couple per room,to be paid at the hotel directly at the time of check in.",Swimming Pool|Airport Transfer Available / Surcharge|Babysitting/ Child Care (surcharge)|Bar / Lounge |Beauty Salon - on charge|Business Center |Concierge|Disabled Friendly Facilities |Doctor on Call|Dry Cleaning|Health Club / Gym Facility Available|Internet Access - Surcharge|Laundry Service Available|Lobby|Non Smoking Rooms|Parking Facilities Available|Pets Allowed|Front Desk|Multi Cuisine Restaurant |Locker Facility|Local Tour / Travel Desk|24 Hour Front Desk|Luggage Storage|Doorman|Medical Assistance Available|Welcome Drinks|Power Backup|Gardens|Multi Lingual Staff|Fitness Equipment|Sauna|Conference Facility |Massage Services |Car Rental|Food Facility|Newspapers In Lobby|Room Service (24 Hours)|Spa Services Nearby,Carmelia Haven
Ooty,The standard check-in time is 12:00 PM and the standard check-out time is 10:00 AM. Early check-in or late check-out is strictly subjected to availability and may be chargeable by the hotel. Any early check-in or late check-out request must be directed and reconfirmed with hotel directly Hotel may charge compulsory gala dinner supplement on Christmas / New Year's eve or other festive periods. Any such supplements need to be paid directly at the hotel. There will be season hike for Oct/Nov/Dec Rs.1000 per Room/Per night will be payable directly at the hotel at the time of check-in,Airport Transfer Available / Surcharge|Banquet Facilities|Internet Access - Surcharge|Laundry Service Available|Parking Facilities Available|Local Tour / Travel Desk|Luggage Storage|Medical Assistance Available|Power Backup|Express Check-In / Check-Out|Gardens|Multi Lingual Staff|Wake-up Call / Service|Picnic Area|Newspapers In Lobby|Room Service (24 Hours)|Parking Facility,British Cliff Club Resort
Gorakhpur,"The standard check-in time is 12:00 PM and the standard check-out time is 12:00 PM. Early check-in or late check-out is strictly subjected to availability and may be chargeable by the hotel. Any early check-in or late check-out request must be directed and reconfirmed with hotel directly Cancellation and prepayment policies vary according to room type and Hotel Policies, Please check and Call directly to Hotel before booking the Hotel, Please clear all doubts on phone before booking.",Swimming Pool|Bar / Lounge |Business Center |Doctor on Call|Dry Cleaning|Laundry Service Available|Lift / Elevator|Parking Facilities Available|Front Desk|Multi Cuisine Restaurant |Locker Facility|Non Smoking Hotel|24 Hour Front Desk|Power Backup|Gardens|Catering|Suitable For Children|Vegetarian Food / Jain Food Available|Car Rental|Food Facility|Internet Access Free|Newspapers In Lobby|Room Service (24 Hours)|Airport Transfer Free|Outdoor Parking - Secured|Parking Facility|Internet Access|Restaurant|Room Service|Fire Safety|Anti-Slip Ramps|CCTV|First-Aid Kit at Front Desk|Flower Shop|Full Time Operation for All 7 Days|Public Restrooms|Suites,Bobina Hotel
Dapoli Camp,The standard check-in time is 12:00 PM and the standard check-out time is 11:00 AM. Early check-in or late check-out is strictly subjected to availability and may be chargeable by the hotel. Any early check-in or late check-out request must be directed and reconfirmed with hotel directly We do not allow unmarried / unrelated couples to checkin. This is at full discretion of the hotel management. No refund would be applicable in case the checkin is denied under such circumstances,Health Club / Gym Facility Available|Internet Access - Surcharge|Laundry Service Available|Front Desk|Multi Cuisine Restaurant |Power Backup|Gardens|Open Air Restaurant / Dining |Vegetarian Food / Jain Food Available|Room Service (24 Hours)|Outdoor Parking - Secured|Parking Facility|Room Service,Chira Meadows
Chandigarh,The standard check-in time is 02:00 PM and the standard check-out time is 12:00 PM. Early check-in or late check-out is strictly subjected to availability and may be chargeable by the hotel. Any early check-in or late check-out request must be directed and reconfirmed with hotel directly Hotel may charge compulsory gala dinner supplement on Christmas / New Year's eve or other festive periods. Any such supplements need to be paid directly at the hotel. Free two way Airport transfer (will be valid until 31st Dec 2015)  We do not allow unmarried / unrelated couples to checkin. This is at full discretion of the hotel management. No refund would be applicable in case the checkin is denied under such circumstances,"Swimming Pool|Ballroom|Banquet Facilities|Bar / Lounge |Business Center |Currency Exchange|Disabled Friendly Facilities |Doctor on Call|Dry Cleaning|Health Club / Gym Facility Available|Internet Access - Surcharge|Laundry Service Available|Lift / Elevator|Lobby|Non Smoking Rooms|Parking Facilities Available|Front Desk|Multi Cuisine Restaurant |Locker Facility|Non Smoking Hotel|Local Tour / Travel Desk|Major Credit Cards Accepted|Luggage Storage|Express Check-In / Check-Out|Wedding Services Facility|Wake-up Call / Service|Separate Sitting Area|Smoking Rooms|Electronic / Magnetic Keys|Multi - Line Phone|Wheelchair Accessibility - Room|Pick Up and Drop (Rly Station, Bus Stand, Temple)|Smoking Area |Express Laundry|Taxi Services| Drivers Rest Room|Internet Access Free|Newspapers In Lobby|Room Service (24 Hours)|Party hall|STD / ISD|Baggage Room|Adjoining Rooms|RO Water Purification System|Parking Facility|Room Service|Fire Safety|CCTV|First-Aid Kit at Front Desk|Paid Transfers|Pest Control Facility|Porter Services Available|Public Restrooms|Smoke Detector|Suites",chandigarh Ashok
Delhi,The standard check-in time is 12:00 PM and the standard check-out time is 12:00 PM. Early check-in or late check-out is strictly subjected to availability and may be chargeable by the hotel. Any early check-in or late check-out request must be directed and reconfirmed with hotel directly Unmarried couples will not be allowed in the hotel. Valid  government ID proof is required for check in. Pan card is not accepted as a valid ID proof.,Business Center |Doctor on Call|Internet Access - Surcharge|Laundry Service Available|Parking Facilities Available|Front Desk|Multi Cuisine Restaurant |Locker Facility|24 Hour Front Desk|Medical Assistance Available|Power Backup|Catering|Multi Lingual Staff|Suitable For Children|Fax Machine|Kitchen available (home cook food on request)|Massage Services |Open Air Restaurant / Dining |Transfers Available|Vegetarian Food / Jain Food Available|Car Rental|Food Facility|Newspapers In Lobby|Room Service (24 Hours)|Spa Services Nearby|Air / Rail Booking|Courier Service|Internet / Fax (Reception area only)|Outdoor Parking - Non Secured|Parking Facility,Bless Inn
Noida,"The standard check-in time is 02:00 PM and the standard check-out time is 12:00 PM. Early check-in or late check-out is strictly subjected to availability and may be chargeable by the hotel. Any early check-in or late check-out request must be directed and reconfirmed with hotel directly Unmarried Couples (Fiancee, Girlfriend) are not allowed. Guest with local id proofs won't be entertained..  24 hours check in available.  Photo ID Proof of each and every person is mandatory at the time of check in.","Airport Transfer Available / Surcharge|Business Center |Doctor on Call|Dry Cleaning|Laundry Service Available|Lift / Elevator|Lobby|Non Smoking Rooms|Parking Facilities Available|Front Desk|Multi Cuisine Restaurant |Locker Facility|Non Smoking Hotel|Local Tour / Travel Desk|Major Credit Cards Accepted|24 Hour Front Desk|Luggage Storage|Doorman|Medical Assistance Available|Welcome Drinks|Power Backup|Multi Lingual Staff|Wake-up Call / Service|Suitable For Children|Separate Sitting Area|Conference Facility |Smoking Rooms|Limousine Service Available|Multi - Line Phone|Fire Place Available |Floor Butler|Pick Up and Drop (Rly Station, Bus Stand, Temple)|Nature Walk|Smoking Area |Extra Person / Child - Share the same room|Car Rental|Express Laundry|Taxi Services|City Shuttle Service|Food Facility|Internet Access Free|Newspapers In Lobby|Family Room|Room Service (24 Hours)|Party hall|STD / ISD|Baggage Room|Courtesy Coach|RO Water Purification System|Outdoor Parking - Secured|Parking Facility|Internet Access|Restaurant|Room Service|Fire Safety|CCTV|Fire Exit Signs|First-Aid Kit at Front Desk|Full Time Operation for All 7 Days|Paid Transfers|Pest Control Facility|Porter Services Available|Public Restrooms|Security at All Hotel Entrances",BnB Inn
Leh,The standard check-in time is 12:00 PM and the standard check-out time is 12:00 PM. Early check-in or late check-out is strictly subjected to availability and may be chargeable by the hotel. Any early check-in or late check-out request must be directed and reconfirmed with hotel directly,Airport Transfer Available / Surcharge|Barbecue Area|Dry Cleaning|Laundry Service Available|Parking Facilities Available|Multi Cuisine Restaurant |24 Hour Front Desk|Medical Assistance Available|Welcome Drinks|Express Check-In / Check-Out|Gardens|Dance Performances (on demand)|Grocery|Boating|Nature Walk| Bike on Rent|Car Rental|Oxygen Cylinder (on request)|Badminttion Court|Campfire / Bon Fire|Food Facility| Drivers Rest Room| Cook Services|Air / Rail Booking|Courier Service|Outdoor Parking - Secured|Outdoor Parking - Non Secured|Room Service,Bikamp Adventures
Kolkata,The standard check-in time is 12:00 PM and the standard check-out time is 12:00 PM. Early check-in or late check-out is strictly subjected to availability and may be chargeable by the hotel. Any early check-in or late check-out request must be directed and reconfirmed with hotel directly Free! One child under 11 years stays free of charge when using existing beds.   One older child or adult is charged INR 300 per person per night in an extra bed. The maximum number of extra beds in a room is 1.,Doctor on Call|Laundry Service Available,Capital Guest House
Sivaganga,The standard check-in time is 12:00 PM and the standard check-out time is 12:00 PM. Early check-in or late check-out is strictly subjected to availability and may be chargeable by the hotel. Any early check-in or late check-out request must be directed and reconfirmed with hotel directly We do not allow unmarried / unrelated couples to checkin. This is at full discretion of the hotel management. No refund would be applicable in case the checkin is denied under such circumstances,Currency Exchange|Doctor on Call|Lift / Elevator|Parking Facilities Available|Front Desk|Local Tour / Travel Desk|24 Hour Front Desk|Luggage Storage|Power Backup|Family Room|Parking Facility|Room Service|Fire Safety|Fire Exit Signs,BNR lodge
Ernakulam,The standard check-in time is 02:00 PM and the standard check-out time is 11:00 AM. Early check-in or late check-out is strictly subjected to availability and may be chargeable by the hotel. Any early check-in or late check-out request must be directed and reconfirmed with hotel directly Hotel may charge compulsory gala dinner supplement on Christmas / New Year's eve or other festive periods. Any such supplements need to be paid directly at the hotel.,Swimming Pool|Banquet Facilities|Bar / Lounge |Business Center |Currency Exchange|Doctor on Call|Dry Cleaning|Health Club / Gym Facility Available|Laundry Service Available|Lift / Elevator|Parking Facilities Available|Front Desk|Multi Cuisine Restaurant |Locker Facility|Major Credit Cards Accepted|24 Hour Front Desk|Power Backup|Express Check-In / Check-Out|Internet Access Free|Room Service (24 Hours)|Parking Facility|Public Restrooms|Speciality Restaurant,Casino Hotel - Cgh Earth
Goa,"The standard check-in time is 12:00 PM and the standard check-out time is 11:00 AM. Early check-in or late check-out is strictly subjected to availability and may be chargeable by the hotel. Any early check-in or late check-out request must be directed and reconfirmed with hotel directly Photo ids are compulsory at the time of Ch-in, Hotel may reject confirm booking if fail to produce same",Swimming Pool|Bar / Lounge |Currency Exchange|Doctor on Call|Laundry Service Available|Parking Facilities Available|Front Desk|Multi Cuisine Restaurant |Local Tour / Travel Desk|Gardens|Internet Access Free|Internet Access|Room Service,Casa De Royale
Haridwar,The standard check-in time is 12:00 PM and the standard check-out time is 12:00 PM. Early check-in or late check-out is strictly subjected to availability and may be chargeable by the hotel. Any early check-in or late check-out request must be directed and reconfirmed with hotel directly,Doctor on Call|Dry Cleaning|Laundry Service Available|Lobby|Front Desk|24 Hour Front Desk|Luggage Storage|Power Backup|Wake-up Call / Service|Taxi Services|Food Facility|Newspapers In Lobby|Room Service (24 Hours),Chitra Residency
Jodhpur,The standard check-in time is 12:00 PM and the standard check-out time is 12:00 PM. Early check-in or late check-out is strictly subjected to availability and may be chargeable by the hotel. Any early check-in or late check-out request must be directed and reconfirmed with hotel directly Children policy: Child below five years will be accommodated free of charge when sharing bed with parents,Business Center |Laundry Service Available|Lift / Elevator|Parking Facilities Available|Front Desk|Multi Cuisine Restaurant |Locker Facility|Power Backup|Catering|Coffee Shop / Cafe|Kitchen available (home cook food on request)|Vegetarian Food / Jain Food Available|Food Facility|Internet Access Free|Room Service (24 Hours)|Outdoor Parking - Secured|Parking Facility,Chandra Imperial
Goa,The standard check-in time is 01:00 PM and the standard check-out time is 12:00 PM. Early check-in or late check-out is strictly subjected to availability and may be chargeable by the hotel. Any early check-in or late check-out request must be directed and reconfirmed with hotel directly ID cards are mandatory during the time of check in.,Doctor on Call|Front Desk|Room Service|First-Aid Kit at Front Desk|Public Restrooms,C Pearl
Chennai,The standard check-in time is 12:00 PM and the standard check-out time is 12:00 PM. Early check-in or late check-out is strictly subjected to availability and may be chargeable by the hotel. Any early check-in or late check-out request must be directed and reconfirmed with hotel directly It is mandatory for guests to present valid photo identification at the time of check-in. Early check-in or late check-out is subject to availability and may be chargeable by the hotel. The standard check-in time is 2 PM and the standard check-out time is 10 AM.,Laundry Service Available|Lift / Elevator|Front Desk|Power Backup|Room Service (24 Hours)|Outdoor Parking - Secured,Bharath Service Apartment
Munnar,The standard check-in time is 12:00 PM and the standard check-out time is 11:00 AM. Early check-in or late check-out is strictly subjected to availability and may be chargeable by the hotel. Any early check-in or late check-out request must be directed and reconfirmed with hotel directly Mandatory Gala Dinner charges on 24th Dec at Rs.3000 per person to be paid at the hotel directly at the time of Check in Mandatory New Year Gala Dinner charges on 31st Dec at Rs.3000 per personto be paid at the hotel directly at the time of Check in,Airport Transfer Available / Surcharge|Barbecue Area|Concierge|Currency Exchange|Disabled Friendly Facilities |Dry Cleaning|Games Zone|Gift Shop |Laundry Service Available|Library|Lobby|Non Smoking Rooms|Parking Facilities Available|Front Desk|Multi Cuisine Restaurant |Locker Facility|Non Smoking Hotel|Spa On Site - Chargeable|Table Tennis|Local Tour / Travel Desk|Major Credit Cards Accepted|24 Hour Front Desk|Luggage Storage|Welcome Drinks|Power Backup|Express Check-In / Check-Out|Gardens|Multi Lingual Staff|Wake-up Call / Service|Sauna|Separate Sitting Area|Smoking Rooms|Disabled Friendly Rooms|Multi - Line Phone|Picnic Area|Jacuzzi|Wheelchair Accessibility - Room|Massage Services |Clubhouse|Nature Walk|Smoking Area | Bike on Rent|In House Events |Vegetarian Food / Jain Food Available|Extra Person / Child - Share the same room|Village Visit ( Chargeable )|Car Rental|Express Laundry|Meditation Room|Water Dispenser Available|Taxi Services|Campfire / Bon Fire|Food Facility| Drivers Rest Room|Internet Access Free|Newspapers In Lobby|Yoga Hall / Classes|Whirlpool Bath / Shower Cubicle|Postal / Parcel Services|Room Service (24 Hours)|Spa Services Nearby| Cook Services|Spa Services Onsite - Free|Air / Rail Booking|STD / ISD|Baggage Room|Courier Service|Guide / Sightseeing Service|Outdoor Parking - Secured|Parking Facility|Internet Access|Restaurant|Room Service|Ayurvedic Facilities |Trekking|Fire Safety|Recreation Zone|CCTV|First-Aid Kit at Front Desk|Porter Services Available|Public Restrooms|Suites,Blackberry Hills Retreat and Spa
Roorkee,"The standard check-in time is 12:00 PM and the standard check-out time is 12:00 PM. Early check-in or late check-out is strictly subjected to availability and may be chargeable by the hotel. Any early check-in or late check-out request must be directed and reconfirmed with hotel directly Booking rates will not be valid for Christmas and New year dates, High season and long weekend dates  extra supplement will be charged over and above the paid rates as per actual and hotel discretion.",Doctor on Call,CANAL VIEW
Rishikesh,"The standard check-in time is 12:00 PM and the standard check-out time is 12:00 PM. Early check-in or late check-out is strictly subjected to availability and may be chargeable by the hotel. Any early check-in or late check-out request must be directed and reconfirmed with hotel directly Booking rates will not be valid for Christmas and New year dates, High season and long weekend dates extra supplement will be charged over and above the paid rates as per actual and hotel discretion.","Airport Transfer Available / Surcharge|Barbecue Area|Doctor on Call|Non Smoking Rooms|Parking Facilities Available|Local Tour / Travel Desk|Welcome Drinks|Wake-up Call / Service|Separate Sitting Area|Picnic Area|Pick Up and Drop (Rly Station, Bus Stand, Temple)|Private Beach|Nature Walk| Bike on Rent|Vegetarian Food / Jain Food Available|Extra Person / Child - Share the same room|Campfire / Bon Fire|Yoga Hall / Classes|Guide / Sightseeing Service",Camp A Star
Lava,The standard check-in time is 12:00 PM and the standard check-out time is 12:00 PM. Early check-in or late check-out is strictly subjected to availability and may be chargeable by the hotel. Any early check-in or late check-out request must be directed and reconfirmed with hotel directly We do not allow unmarried / unrelated couples to checkin. This is at full discretion of the hotel management. No refund would be applicable in case the checkin is denied under such circumstances,Laundry Service Available|Parking Facilities Available|Front Desk|Transfers Available|Internet Access Free|Outdoor Parking - Secured|Parking Facility|Room Service|Porter Services Available|Speciality Restaurant,Cerulean Inn
Goa,The standard check-in time is 02:00 PM and the standard check-out time is 10:30 AM. Early check-in or late check-out is strictly subjected to availability and may be chargeable by the hotel. Any early check-in or late check-out request must be directed and reconfirmed with hotel directly Like the policy for : We do not allow unmarried / unrelated couples to checkin. This is at full discretion of the hotel management. No refund would be applicable in case the checkin is denied under such circumstances,Swimming Pool|Airport Transfer Available / Surcharge|Concierge|Currency Exchange|Disabled Friendly Facilities |Doctor on Call|Dry Cleaning|Games Zone|Gift Shop |Golf Course|Health Club / Gym Facility Available|Internet Access - Surcharge|Laundry Service Available|Library|Lift / Elevator|Parking Facilities Available|Locker Facility|Local Tour / Travel Desk|Suitable For Children|Smoking Rooms|Smoking Area |Extra Person / Child - Share the same room|Car Rental|Taxi Services|Family Room|Guide / Sightseeing Service|Parking Facility,Candolim Apartments
Faridkot,The standard check-in time is 12:00 PM and the standard check-out time is 12:00 PM. Early check-in or late check-out is strictly subjected to availability and may be chargeable by the hotel. Any early check-in or late check-out request must be directed and reconfirmed with hotel directly We do not allow unmarried / unrelated couples to checkin. This is at full discretion of the hotel management. No refund would be applicable in case the checkin is denied under such circumstances,Airport Transfer Available / Surcharge|Babysitting/ Child Care (surcharge)|Banquet Facilities|Business Center |Concierge|Currency Exchange|Disabled Friendly Facilities |Doctor on Call|Dry Cleaning|Health Club / Gym Facility Available|Internet Access - Surcharge|Laundry Service Available|Lift / Elevator|Lobby|Non Smoking Rooms|Parking Facilities Available,Blessing's Hotel
Panchgani,"The standard check-in time is 11:00 AM and the standard check-out time is 09:00 AM. Early check-in or late check-out is strictly subjected to availability and may be chargeable by the hotel. Any early check-in or late check-out request must be directed and reconfirmed with hotel directly No refund applicable for No Shows / early check out / cancellation on any weekend or prime dates / long connecting weekends 31st December night Gala Dinner charges Rs. 1800/- per person compulsory need to be paid directly at the time of check in at the hotel. Hotel may charge compulsory gala dinner supplement on Christmas / New Year's eve or other festive periods. Any such supplements need to be paid directly at the hotel. Single Occupancy Booking is Not Accepted, and would be cancelled without any prior Intimation. Minimum Double Occupancy Bookings would be Accepted.",Swimming Pool|Concierge|Doctor on Call|Games Zone|Health Club / Gym Facility Available|Parking Facilities Available|Front Desk|Multi Cuisine Restaurant |Spa On Site - Chargeable|Power Backup|Gardens|Veg / Non Veg Kitchens Separate |Horse Ride ( Chargeable ) |Shopping Drop Facility (on fixed timings)|Internet Access Free|Outdoor Parking - Secured|Room Service,Blue Country Resort
Jaipur,The standard check-in time is 12:00 PM and the standard check-out time is 12:00 PM. Early check-in or late check-out is strictly subjected to availability and may be chargeable by the hotel. Any early check-in or late check-out request must be directed and reconfirmed with hotel directly Hotel Policies - Check in -1200PM Check out - 12:00 PM Alcohol Policy- Alcoholic beverage service is restricted to those 21 years or older (with valid identification).,Airport Transfer Available / Surcharge|Banquet Facilities|Bar / Lounge |Doctor on Call|Gift Shop |Internet Access - Surcharge|Parking Facilities Available|Front Desk|Multi Cuisine Restaurant |Locker Facility|Conference Facility |Room Service (24 Hours),Blue Bird Hotel
Bikaner,The standard check-in time is 01:00 PM and the standard check-out time is 12:45 PM. Early check-in or late check-out is strictly subjected to availability and may be chargeable by the hotel. Any early check-in or late check-out request must be directed and reconfirmed with hotel directly,Airport Transfer Available / Surcharge|Concierge|Doctor on Call|Dry Cleaning|Laundry Service Available|Parking Facilities Available|Pets Allowed|Locker Facility|Luggage Storage|Medical Assistance Available|Gardens|Multi Lingual Staff|Wake-up Call / Service|Suitable For Children|Grocery|Kitchen available (home cook food on request)|Cell Phone Rental|Wheelchair Accessibility - Room|Massage Services |Safari|Camel Ride|Veranda|Open Air Restaurant / Dining | Bike on Rent|In House Events |Vegetarian Food / Jain Food Available|Car Rental|Express Laundry|Kids Play Zone|Water Dispenser Available|City Shuttle Service|Rooftop Garden|Food Facility|Internet Access Free|Postal / Parcel Services|Family Room|Spa Services Nearby|Baggage Room|Guide / Sightseeing Service|RO Water Purification System|Outdoor Parking - Non Secured|Parking Facility,Chandra Niwas Guest House
Chittoor,The standard check-in time is 02:00 PM and the standard check-out time is 12:00 PM. Early check-in or late check-out is strictly subjected to availability and may be chargeable by the hotel. Any early check-in or late check-out request must be directed and reconfirmed with hotel directly We do not allow unmarried / unrelated couples to checkin. This is at full discretion of the hotel management. No refund would be applicable in case the checkin is denied under such circumstances,Doctor on Call|Parking Facilities Available|Front Desk|Local Tour / Travel Desk|Medical Assistance Available|Smoking Rooms|Extra Person / Child - Share the same room|Room Service (24 Hours)|STD / ISD,BKR Residency
Leh,"The standard check-in time is 12:00 PM and the standard check-out time is 12:00 PM. Early check-in or late check-out is strictly subjected to availability and may be chargeable by the hotel. Any early check-in or late check-out request must be directed and reconfirmed with hotel directly Confirmed booking will be held for 24 Hrs, Subject to payment in bank. Booking amount 50% of the total amount and balance will settle by or before the time of arrival.",Multi Cuisine Restaurant,Camp Whispering Waves
Goa,"The standard check-in time is 01:00 PM and the standard check-out time is 10:00 AM. Early check-in or late check-out is strictly subjected to availability and may be chargeable by the hotel. Any early check-in or late check-out request must be directed and reconfirmed with hotel directly Photo ids of all guests above the age of 18 years are compulsory at the time of Check-in (one original govt. issued photo ID will be kept and returned at checkout or security deposit Rs10,000), Hotel may reject confirm booking if fail to produce same",Swimming Pool|Airport Transfer Available / Surcharge|Bar / Lounge |Health Club / Gym Facility Available|Internet Access - Surcharge|Lift / Elevator|Night Club|Non Smoking Rooms|Parking Facilities Available|Multi Cuisine Restaurant |Local Tour / Travel Desk|Doorman|Gardens|Wheelchair Accessibility - Room|Car Rental|Parking Facility,Casa Melhor Charming 2BHK Candolim
Bangalore,"The standard check-in time is 12:00 PM and the standard check-out time is 12:00 PM. Early check-in or late check-out is strictly subjected to availability and may be chargeable by the hotel. Any early check-in or late check-out request must be directed and reconfirmed with hotel directly ALL GUESTS ARE REQUIRED TO PRESENT PROPER PHOTO IDENTIFICATION UPON CHECK IN. The identity proof would include a valid Driving license/voter identity card/PAN card, etc. Valid Passport mandatory for all Foreign guests. Hotel is not allow unmarried / unrelated couples to check-in. This is at full discretion of the hotel management. No refund would be applicable in case the hotel denies check-in under such circumstances.",Doctor on Call|Internet Access - Surcharge|Laundry Service Available|Non Smoking Rooms|Parking Facilities Available|Front Desk|Major Credit Cards Accepted|24 Hour Front Desk|Luggage Storage|Medical Assistance Available|Power Backup|Wake-up Call / Service|Smoking Rooms,Century Inn Deluxe Lodge
Mahabaleshwar,"The standard check-in time is 02:00 PM and the standard check-out time is 10:00 AM. Early check-in or late check-out is strictly subjected to availability and may be chargeable by the hotel. Any early check-in or late check-out request must be directed and reconfirmed with hotel directly SINGLE OCCUPANCY BOOKING IS NOT ACCEPTABLE AS PER THE LOCAL POLICE LAW. And the same would be rejected without any prior notice, Minimum Double Occupancy Booking is acceptable.  Swimming Pool will be under renovation from 16 Aug to 30 Sep 2016.",Swimming Pool|Banquet Facilities|Bar / Lounge |Basketball Court |Health Club / Gym Facility Available|Laundry Service Available|Parking Facilities Available|Front Desk|Multi Cuisine Restaurant |Table Tennis|Tennis Court|Power Backup|Gardens|Audio - Visual Equipment|Conference Facility |Fax Machine|Discotheque |Board Room|Internet Access Free|Parking Facility|Internet Access|Room Service|Porter Services Available|Public Restrooms|Speciality Restaurant |Stamps and Mailing Facility,Brightland Resort &amp; Spa
Shimoga,The standard check-in time is 12:00 PM and the standard check-out time is 12:00 PM. Early check-in or late check-out is strictly subjected to availability and may be chargeable by the hotel. Any early check-in or late check-out request must be directed and reconfirmed with hotel directly We do not allow unmarried / unrelated couples to checkin. This is at full discretion of the hotel management. No refund would be applicable in case the checkin is denied under such circumstances.,Doctor on Call|Parking Facilities Available|Front Desk|Locker Facility|Luggage Storage|Doorman|Medical Assistance Available|Nature Walk|RO Water Purification System|Parking Facility|Room Service|Trekking,Chitrakuta Meadows
Chikmagalur,The standard check-in time is 02:00 PM and the standard check-out time is 12:00 PM. Early check-in or late check-out is strictly subjected to availability and may be chargeable by the hotel. Any early check-in or late check-out request must be directed and reconfirmed with hotel directly Music will be allowed till 10.30pm. Food Services are available only till 10:00 PM.,Games Zone|Internet Access - Surcharge|Parking Facilities Available|Pets Allowed|Front Desk|Locker Facility|Local Tour / Travel Desk|Power Backup|Gardens|Suitable For Children|Separate Sitting Area|Kitchen available (home cook food on request)|Fire Place Available |Picnic Area|Safari|Nature Walk|Smoking Area |Veranda|Open Air Restaurant / Dining |Veg / Non Veg Kitchens Separate |Vegetarian Food / Jain Food Available|Extra Person / Child - Share the same room|Kids Play Zone|Campfire / Bon Fire|Food Facility| Drivers Rest Room|Internet Access Free|Postal / Parcel Services|Family Room|Room Service (24 Hours)| Cook Services|Guide / Sightseeing Service|RO Water Purification System|Outdoor Parking - Secured|Parking Facility|Internet Access|Room Service|Trekking|Recreation Zone,Chandramukuta homestay
Rishikesh,"The standard check-in time is 12:00 PM and the standard check-out time is 12:00 PM. Early check-in or late check-out is strictly subjected to availability and may be chargeable by the hotel. Any early check-in or late check-out request must be directed and reconfirmed with hotel directly ALL GUESTS ARE REQUIRED TO PRESENT PROPER PHOTO IDENTIFICATION UPON CHECK IN. 2.The identity proof would include a valid Driving license/voter identity card/PAN card, etc. Valid Passport mandatory for all Foreign guests. 3.Booking rates will not be valid for Christmas and New year dates High season and long weekend dates extra supplement will be charged over and above the paid rates as per actual and hotel discretion.",Doctor on Call|Lobby|Front Desk|Local Tour / Travel Desk|24 Hour Front Desk|Power Backup|Family Room|Room Service (24 Hours),Camp Sarovar Ganga
Wayanad,"The standard check-in time is 01:00 PM and the standard check-out time is 11:00 AM. Early check-in or late check-out is strictly subjected to availability and may be chargeable by the hotel. Any early check-in or late check-out request must be directed and reconfirmed with hotel directly Terms and Conditions: It is mandatory for guests to present valid photo identification at the time of check-in.  As roads leading to the resort are off roads, hence you might experience a rocky/ hilly drive.",Swimming Pool|Currency Exchange|Doctor on Call|Dry Cleaning|Games Zone|Health Club / Gym Facility Available|Internet Access - Surcharge|Laundry Service Available|Parking Facilities Available|Front Desk|Multi Cuisine Restaurant |Spa On Site - Chargeable|Table Tennis|Major Credit Cards Accepted|24 Hour Front Desk|Welcome Drinks|Power Backup|Gardens|Suitable For Children|Massage Services |Nature Walk|Veranda|Campfire / Bon Fire|Food Facility|Room Service (24 Hours)|Internet / Fax (Reception area only)|Outdoor Parking - Secured|Parking Facility|Room Service|Speciality Restaurant |Suites,Blue Ginger Spa Resort
Jalpaiguri,,Concierge|Doctor on Call|Parking Facilities Available|Front Desk|24 Hour Front Desk|Luggage Storage|Doorman|Suitable For Children|Smoking Rooms|Floor Butler|Veranda|Food Facility|Newspapers In Lobby|Family Room|Room Service (24 Hours),BUXA VALLEY RESORT
Jaipur,The standard check-in time is 11:00 AM and the standard check-out time is 10:00 AM. Early check-in or late check-out is strictly subjected to availability and may be chargeable by the hotel. Any early check-in or late check-out request must be directed and reconfirmed with hotel directly check in - check out 11:00 hours - 10:00 hours,"Airport Transfer Available / Surcharge|Doctor on Call|Internet Access - Surcharge|Laundry Service Available|Library|Lobby|Non Smoking Rooms|Parking Facilities Available|Front Desk|Locker Facility|Non Smoking Hotel|Major Credit Cards Accepted|24 Hour Front Desk|Power Backup|Dance Performances (on demand)|Wake-up Call / Service|Grocery|Kitchen available (home cook food on request)|Safari|Pick Up and Drop (Rly Station, Bus Stand, Temple)|Veranda|Transfers Available| Bike on Rent|Vegetarian Food / Jain Food Available|Car Rental|Water Dispenser Available|Taxi Services|Food Facility|Internet Access Free|Newspapers In Lobby|Spa Services Nearby| Cook Services|Air / Rail Booking|Guide / Sightseeing Service|RO Water Purification System|Outdoor Parking - Non Secured|Parking Facility|Internet Access|Recreation Zone|CCTV|First-Aid Kit at Front Desk|Full Time Operation for All 7 Days|Paid Transfers|Pest Control Facility|Public Restrooms|Stamps and Mailing Facility",Bunkstop Jaipur
Mettupalayam,The standard check-in time is 10:00 AM and the standard check-out time is 10:00 AM. Early check-in or late check-out is strictly subjected to availability and may be chargeable by the hotel. Any early check-in or late check-out request must be directed and reconfirmed with hotel directly,Bar / Lounge |Business Center |Currency Exchange|Doctor on Call|Health Club / Gym Facility Available|Laundry Service Available|Parking Facilities Available|Front Desk|Multi Cuisine Restaurant |Local Tour / Travel Desk|Major Credit Cards Accepted|Express Check-In / Check-Out|Conference Facility |Massage Services |Room Service (24 Hours),Black Thunder Resort
Kolkata,The standard check-in time is 12:00 PM and the standard check-out time is 11:00 AM. Early check-in or late check-out is strictly subjected to availability and may be chargeable by the hotel. Any early check-in or late check-out request must be directed and reconfirmed with hotel directly,Swimming Pool|Health Club / Gym Facility Available|Lobby|Parking Facilities Available|Front Desk|Multi Cuisine Restaurant |Major Credit Cards Accepted|Power Backup|Gardens|Boating|Campfire / Bon Fire|Internet Access Free|Children's Park|Outdoor Parking - Secured|Recreation Zone,Breathing Earth
Chennai,"The standard check-in time is 06:00 PM and the standard check-out time is 10:00 AM. Early check-in or late check-out is strictly subjected to availability and may be chargeable by the hotel. Any early check-in or late check-out request must be directed and reconfirmed with hotel directly Booking rates will not be valid for Christmas and New year dates, High season and long weekend dates , extra supplement will be charged over and above the paid rates as per actual and hotel discretion",Basketball Court |Doctor on Call|Internet Access - Surcharge|Laundry Service Available|Parking Facilities Available|Front Desk|Locker Facility|Power Backup|Gardens|Catering|Kitchen available (home cook food on request)|Marina On Site|Nature Walk|Veranda|Open Air Restaurant / Dining |Badminttion Court|Campfire / Bon Fire|Children's Park|Whirlpool Bath / Shower Cubicle|Outdoor Parking - Secured|Parking Facility|Room Service,Bs Hive  Kadal
Pahalgam,The standard check-in time is 02:00 PM and the standard check-out time is 12:00 PM. Early check-in or late check-out is strictly subjected to availability and may be chargeable by the hotel. Any early check-in or late check-out request must be directed and reconfirmed with hotel directly The standard check- in time is 12:00 PM and the standard check-out time is 12:00 PM. Early check-in or late check-out is strictly subjected to availability and may be charged by the hotel.,Doctor on Call|Internet Access - Surcharge|Laundry Service Available|Lobby|Parking Facilities Available|Front Desk|Multi Cuisine Restaurant |Locker Facility|Welcome Drinks|Power Backup|Gardens|Jacuzzi|Internet Access Free|Room Service (24 Hours)|RO Water Purification System|Outdoor Parking - Secured|Parking Facility|Room Service|Public Restrooms|Speciality Restaurant,Castle Rock
Mount Abu,"The standard check-in time is 02:00 PM and the standard check-out time is 12:00 PM. Early check-in or late check-out is strictly subjected to availability and may be chargeable by the hotel. Any early check-in or late check-out request must be directed and reconfirmed with hotel directly In case of an early departure the hotel has the right to charge a minimum one night and a maximum of 100% of the total room night actually booked. Bookings done during Festive periods are 100% Non Refundable (Holi-Dhuleti, Independence-Janmashtmi, Gandhi jayanti, Dusshera, Diwali, Christmas and New Year Period)",Swimming Pool|Banquet Facilities|Bar / Lounge |Billiards|Doctor on Call|Dry Cleaning|Games Zone|Health Club / Gym Facility Available|Internet Access - Surcharge|Laundry Service Available|Library|Lobby|Parking Facilities Available|Front Desk|Multi Cuisine Restaurant |Locker Facility|Table Tennis|Sauna|Conference Facility |Room Service (24 Hours),Cama Rajputana Club Resort
Aizawl,The standard check-in time is 12:00 PM and the standard check-out time is 12:00 PM. Early check-in or late check-out is strictly subjected to availability and may be chargeable by the hotel. Any early check-in or late check-out request must be directed and reconfirmed with hotel directly,,CHAWLHNA HOTEL
Thekkady,The standard check-in time is 01:00 PM and the standard check-out time is 12:00 PM. Early check-in or late check-out is strictly subjected to availability and may be chargeable by the hotel. Any early check-in or late check-out request must be directed and reconfirmed with hotel directly We do not allow unmarried / unrelated couples to checkin. This is at full discretion of the hotel management. No refund would be applicable in case the checkin is denied under such circumstances.,"Airport Transfer Available / Surcharge|Babysitting/ Child Care (surcharge)|Barbecue Area|Currency Exchange|Disabled Friendly Facilities |Dry Cleaning|Laundry Service Available|Lobby|Non Smoking Rooms|Parking Facilities Available|Pets Allowed|Front Desk|Locker Facility|Non Smoking Hotel|Spa On Site - Chargeable|Local Tour / Travel Desk|24 Hour Front Desk|Luggage Storage|Medical Assistance Available|Welcome Drinks|Power Backup|Express Check-In / Check-Out|Gardens|Wedding Services Facility|Dance Performances (on demand)|Multi Lingual Staff|Wake-up Call / Service|Suitable For Children|Separate Sitting Area|Coffee Shop / Cafe|Kitchen available (home cook food on request)|Free Local Calls|Massage Services |Safari|Boating|Pick Up and Drop (Rly Station, Bus Stand, Temple)|Nature Walk|Smoking Area |Veranda|Open Air Restaurant / Dining | Bike on Rent|Veg / Non Veg Kitchens Separate |In House Events |Vegetarian Food / Jain Food Available|Extra Person / Child - Share the same room|Village Visit ( Chargeable )|Car Rental|Express Laundry|Kids Play Zone|Meditation Room|Taxi Services|City Shuttle Service|Campfire / Bon Fire|Food Facility|Internet Access Free|Newspapers In Lobby|Yoga Hall / Classes|Postal / Parcel Services|Family Room|Room Service (24 Hours)|Spa Services Nearby| Cook Services|Air / Rail Booking|Baggage Room|Courier Service|Guide / Sightseeing Service|RO Water Purification System|Outdoor Parking - Secured|Parking Facility|Internet Access|Restaurant|Room Service|Ayurvedic Facilities |Trekking|First-Aid Kit at Front Desk|Full Time Operation for All 7 Days|Security at All Hotel Entrances|Speciality Restaurant |Suites",Chembakassery Homestay
Malwan,The standard check-in time is 12:00 PM and the standard check-out time is 10:00 AM. Early check-in or late check-out is strictly subjected to availability and may be chargeable by the hotel. Any early check-in or late check-out request must be directed and reconfirmed with hotel directly We do not allow unmarried / unrelated couples to checkin. This is at full discretion of the hotel management. No refund would be applicable in case the checkin is denied under such circumstances,Doctor on Call|Parking Facilities Available|Non Smoking Hotel|Luggage Storage|Family Room|Baggage Room|Room Service|Public Restrooms,Chandrakant Home Stay
Gangtok,The standard check-in time is 12:00 PM and the standard check-out time is 12:00 PM. Early check-in or late check-out is strictly subjected to availability and may be chargeable by the hotel. Any early check-in or late check-out request must be directed and reconfirmed with hotel directly Hotel may charge compulsory gala dinner supplement on Christmas / New Year's eve or other festive periods. Any such supplements need to be paid directly at the hotel.,Bar / Lounge |Business Center |Laundry Service Available|Parking Facilities Available|Front Desk|Multi Cuisine Restaurant |24 Hour Front Desk|Power Backup|Conference Facility |Newspapers In Lobby|Room Service (24 Hours)|Outdoor Parking - Secured|Parking Facility,Chumbi Residency
Rishikesh,The standard check-in time is 10:00 AM and the standard check-out time is 12:00 PM. Early check-in or late check-out is strictly subjected to availability and may be chargeable by the hotel. Any early check-in or late check-out request must be directed and reconfirmed with hotel directly We do not allow unmarried / unrelated couples to checkin. This is at full discretion of the hotel management. No refund would be applicable in case the checkin is denied under such circumstances,Doctor on Call|Lobby|Front Desk|Local Tour / Travel Desk|24 Hour Front Desk|Welcome Drinks|Power Backup|Conference Facility |Guide / Sightseeing Service|Public Restrooms,Camp River View
Jaisalmer,"The standard check-in time is 03:00 PM and the standard check-out time is 09:00 AM. Early check-in or late check-out is strictly subjected to availability and may be chargeable by the hotel. Any early check-in or late check-out request must be directed and reconfirmed with hotel directly Hotel may charge compulsory supplement on Christmas, New Years eve and other festive periods. Any such supplements need to be paid at the hotel. As per the govt. guidelines valid govt. issued id proofs are required to be presented on C/in.",Laundry Service Available|Front Desk|Multi Cuisine Restaurant |Welcome Drinks|Outdoor Parking - Secured,Camp Golden Tower
Gurgaon,The standard check-in time is 12:00 PM and the standard check-out time is 12:00 PM. Early check-in or late check-out is strictly subjected to availability and may be chargeable by the hotel. Any early check-in or late check-out request must be directed and reconfirmed with hotel directly 1.	Any supplements need to be paid directly at the hotel. 2.	All guests requested to carry Valid ID proof for Check Inn. 3.	Couple Guests with Local ID's are not allowed to check inn.,Airport Transfer Available / Surcharge|Business Center |Currency Exchange|Dry Cleaning|Laundry Service Available|Lobby|Non Smoking Rooms|Parking Facilities Available|Front Desk|Local Tour / Travel Desk|Major Credit Cards Accepted|24 Hour Front Desk|Luggage Storage|Doorman|Medical Assistance Available|Welcome Drinks|Taxi Services|Internet Access Free|Newspapers In Lobby|Family Room|Room Service (24 Hours)|Parking Facility,Cambria Hotel
Gurgaon,The standard check-in time is 02:00 PM and the standard check-out time is 12:00 PM. Early check-in or late check-out is strictly subjected to availability and may be chargeable by the hotel. Any early check-in or late check-out request must be directed and reconfirmed with hotel directly We do not allow unmarried / unrelated couples to checkin. This is at full discretion of the hotel management. No refund would be applicable in case the checkin is denied under such circumstances,Doctor on Call|Laundry Service Available|Parking Facilities Available|Front Desk|Power Backup|Internet Access Free|Newspapers In Lobby|Outdoor Parking - Secured|Parking Facility|Room Service|Fire Safety|First-Aid Kit at Front Desk|Security at All Hotel Entrances,Budd Rooms
Chennai,The standard check-in time is 12:00 PM and the standard check-out time is 11:00 AM. Early check-in or late check-out is strictly subjected to availability and may be chargeable by the hotel. Any early check-in or late check-out request must be directed and reconfirmed with hotel directly Most hotels do not allow unmarried / unrelated couples to check-in. This is at full discretion of the hotel management. No refund would be applicable in case the hotel denies check-in under such circumstances .,Airport Transfer Available / Surcharge|Bar / Lounge |Business Center |Doctor on Call|Internet Access - Surcharge|Laundry Service Available|Lift / Elevator|Lobby|Parking Facilities Available|Front Desk|Multi Cuisine Restaurant |Valet service|Major Credit Cards Accepted|24 Hour Front Desk|Medical Assistance Available|Air-Conditioning - Central|Welcome Drinks|Power Backup|Conference Facility |Rooftop Garden|Internet Access Free|Newspapers In Lobby|Room Service (24 Hours)|Parking Facility,Cine City hotel
Gangtok,The standard check-in time is 12:00 PM and the standard check-out time is 12:00 PM. Early check-in or late check-out is strictly subjected to availability and may be chargeable by the hotel. Any early check-in or late check-out request must be directed and reconfirmed with hotel directly,,Cherry Guest House
Bangalore,The standard check-in time is 12:00 PM and the standard check-out time is 12:00 PM. Early check-in or late check-out is strictly subjected to availability and may be chargeable by the hotel. Any early check-in or late check-out request must be directed and reconfirmed with hotel directly Hotel may charge compulsory gala dinner supplement on Christmas / New Year's eve or other festive periods. Any such supplements need to be paid directly at the hotel.,Babysitting/ Child Care (surcharge)|Banquet Facilities|Bar / Lounge |Business Center |Doctor on Call|Health Club / Gym Facility Available|Laundry Service Available|Parking Facilities Available|Front Desk|Multi Cuisine Restaurant |24 Hour Front Desk|Conference Facility |Internet Access Free|Room Service (24 Hours)|Airport Transfer Free|Parking Facility,Casa de Bengaluru
Panchkula,The standard check-in time is 12:00 PM and the standard check-out time is 12:00 PM. Early check-in or late check-out is strictly subjected to availability and may be chargeable by the hotel. Any early check-in or late check-out request must be directed and reconfirmed with hotel directly We do not allow unmarried / unrelated couples to checkin. This is at full discretion of the hotel management. No refund would be applicable in case the checkin is denied under such circumstances,Doctor on Call|Parking Facilities Available|Front Desk|Parking Facility|Room Service|First-Aid Kit at Front Desk,CAMPS @ TIKKAR TAAL
Ernakulam,The standard check-in time is 12:00 PM and the standard check-out time is 12:00 PM. Early check-in or late check-out is strictly subjected to availability and may be chargeable by the hotel. Any early check-in or late check-out request must be directed and reconfirmed with hotel directly Hotel may charge compulsory gala dinner supplement on Christmas / New Year's eve or other festive periods. Any such supplements need to be paid directly at the hotel. There will be season hike for Oct/Nov/Dec Rs.1000 per Room/Per night will be payable directly at the hotel at the  time of check-in,Airport Transfer Available / Surcharge|Banquet Facilities|Business Center |Doctor on Call|Dry Cleaning|Internet Access - Surcharge|Laundry Service Available|Lift / Elevator|Lobby|Parking Facilities Available|Front Desk|Multi Cuisine Restaurant |Locker Facility|Secretarial Services|24 Hour Front Desk|Medical Assistance Available|Welcome Drinks|Power Backup|Gardens|Catering|Multi Lingual Staff|Porter / Bellhop|Suitable For Children|Coffee Shop / Cafe|Conference Facility |Fax Machine|Kitchen available (home cook food on request)|Floor Butler|Massage Services |Veg / Non Veg Kitchens Separate |In House Events |Vegetarian Food / Jain Food Available|Car Rental|Board Room|Rooftop Garden|Food Facility|Internet Access Free|Newspapers In Lobby|Children's Park|Postal / Parcel Services|Room Service (24 Hours)|Courier Service|Guide / Sightseeing Service|Internet / Fax (Reception area only)|Outdoor Parking - Secured|Outdoor Parking - Non Secured|Parking Facility|Internet Access|Restaurant|Room Service|Fire Exit Signs|Full Time Operation for All 7 Days|Porter Services Available|Public Restrooms|Security at All Hotel Entrances|Speciality Restaurant |Stamps and Mailing Facility|Suites,Bharat Hotel (BTH)
Allahabad,The standard check-in time is 12:00 PM and the standard check-out time is 12:00 PM. Early check-in or late check-out is strictly subjected to availability and may be chargeable by the hotel. Any early check-in or late check-out request must be directed and reconfirmed with hotel directly,Front Desk|Power Backup|Room Service (24 Hours),Blessing The Ultimate
Munnar,The standard check-in time is 12:00 PM and the standard check-out time is 11:00 AM. Early check-in or late check-out is strictly subjected to availability and may be chargeable by the hotel. Any early check-in or late check-out request must be directed and reconfirmed with hotel directly Pets not allowed.,Internet Access - Surcharge|Laundry Service Available|Parking Facilities Available|Front Desk|Multi Cuisine Restaurant |Local Tour / Travel Desk|Power Backup|Gardens|Multi Lingual Staff|Open Air Restaurant / Dining |Campfire / Bon Fire|Internet Access Free|Newspapers In Lobby|Outdoor Parking - Secured|Parking Facility|Restaurant|Room Service,Chithirapuram Palace
Dahej,The standard check-in time is 12:00 PM and the standard check-out time is 12:00 PM. Early check-in or late check-out is strictly subjected to availability and may be chargeable by the hotel. Any early check-in or late check-out request must be directed and reconfirmed with hotel directly Unmarried couples not allowed. Carry Valid Photo Id proof at the time of check in Hotel may charge compulsory gala dinner supplement on Christmas / New Year's eve or other festive periods. Any such supplements need to be paid directly at the hotel,Business Center |Health Club / Gym Facility Available|Internet Access - Surcharge|Laundry Service Available|Lift / Elevator|Parking Facilities Available|Multi Cuisine Restaurant |Locker Facility|Table Tennis|24 Hour Front Desk|Power Backup|Gardens|Fitness Equipment|Pool Table|Outdoor Parking - Secured|Parking Facility|Porter Services Available|Public Restrooms,Budget Inn Service Apartments Tiger Plaza
Dhanaulti,The standard check-in time is 01:00 PM and the standard check-out time is 11:00 AM. Early check-in or late check-out is strictly subjected to availability and may be chargeable by the hotel. Any early check-in or late check-out request must be directed and reconfirmed with hotel directly,Games Zone|Gardens|Catering|Nature Walk|Veg / Non Veg Kitchens Separate |Vegetarian Food / Jain Food Available|Campfire / Bon Fire|Food Facility|Outdoor Parking - Secured|Parking Facility,Camp Awara
Thekkady,The standard check-in time is 12:00 PM and the standard check-out time is 11:00 AM. Early check-in or late check-out is strictly subjected to availability and may be chargeable by the hotel. Any early check-in or late check-out request must be directed and reconfirmed with hotel directly,"Airport Transfer Available / Surcharge|Laundry Service Available|Library|Parking Facilities Available|Local Tour / Travel Desk|Power Backup|Gardens|Computer Rental|Wake-up Call / Service|Suitable For Children|Grocery|Kitchen available (home cook food on request)|Pick Up and Drop (Rly Station, Bus Stand, Temple)|Nature Walk|Open Air Restaurant / Dining |Extra Person / Child - Share the same room|Village Visit ( Chargeable )|Car Rental|Kids Play Zone|Water Dispenser Available|Taxi Services|Badminttion Court|City Shuttle Service|Food Facility| Drivers Rest Room|Internet Access Free|Newspapers In Lobby|Yoga Hall / Classes|Postal / Parcel Services|Family Room| Cook Services|Air / Rail Booking|Courier Service|Guide / Sightseeing Service|Laptop Available on Hire|Internet / Fax (Reception area only)|Outdoor Parking - Secured|Parking Facility",Cardamom Village Plantation Home Stay
Pune,"The standard check-in time is 12:00 PM and the standard check-out time is 12:00 PM. Early check-in or late check-out is strictly subjected to availability and may be chargeable by the hotel. Any early check-in or late check-out request must be directed and reconfirmed with hotel directly Children Policy: B/w 0 to 6 years,Child is inclusive. B/w 6 to 10 years,Charges Rs.750 is applicable but no extra bed is provided Hotel may charge compulsory gala dinner supplement on Christmas / New Year's eve or other festive periods. Any such supplements need to be paid directly at the hotel.",Airport Transfer Available / Surcharge|Business Center |Doctor on Call|Dry Cleaning|Health Club / Gym Facility Available|Internet Access - Surcharge|Laundry Service Available|Lift / Elevator|Parking Facilities Available|Front Desk|Multi Cuisine Restaurant |Locker Facility|Valet service|Major Credit Cards Accepted|24 Hour Front Desk|Welcome Drinks|Power Backup|Wake-up Call / Service|Fitness Equipment|Separate Sitting Area|Conference Facility |Smoking Rooms|Fax Machine|Pool Table|Smoking Area |Board Room|Food Facility|Internet Access Free|Newspapers In Lobby|Room Service (24 Hours)|Internet / Fax (Reception area only)|Outdoor Parking - Secured|Parking Facility,Casa Grande Studios
Cochin,The standard check-in time is 02:00 PM and the standard check-out time is 12:00 PM. Early check-in or late check-out is strictly subjected to availability and may be chargeable by the hotel. Any early check-in or late check-out request must be directed and reconfirmed with hotel directly We do not allow unmarried / unrelated couples to checkin. This is at full discretion of the hotel management. No refund would be applicable in case the checkin is denied under such circumstances,Doctor on Call|Lobby|Front Desk|Local Tour / Travel Desk|24 Hour Front Desk,Casa Ribera resort
Munnar,The standard check-in time is 11:00 AM and the standard check-out time is 10:00 AM. Early check-in or late check-out is strictly subjected to availability and may be chargeable by the hotel. Any early check-in or late check-out request must be directed and reconfirmed with hotel directly,Doctor on Call|Parking Facilities Available|Medical Assistance Available|Parking Facility|Room Service,BRIDGESTONE
Chandigarh,,Doctor on Call|Internet Access - Surcharge|Laundry Service Available|Lobby|Parking Facilities Available|Front Desk|Multi Cuisine Restaurant |Locker Facility|Local Tour / Travel Desk|24 Hour Front Desk|Welcome Drinks|Power Backup|Conference Facility |Newspapers In Lobby|Room Service (24 Hours)| Cook Services|Parking Facility,Central Park 17
Daltonganj,The standard check-in time is 12:00 PM and the standard check-out time is 12:00 PM. Early check-in or late check-out is strictly subjected to availability and may be chargeable by the hotel. Any early check-in or late check-out request must be directed and reconfirmed with hotel directly chek in chek our 24 hrs,Doctor on Call|Wake-up Call / Service|Express Laundry|Room Service|Suites,CHANDRA RESIDENCY
Bikaner,The standard check-in time is 02:00 PM and the standard check-out time is 12:00 PM. Early check-in or late check-out is strictly subjected to availability and may be chargeable by the hotel. Any early check-in or late check-out request must be directed and reconfirmed with hotel directly We do not allow unmarried / unrelated couples to checkin. This is at full discretion of the hotel management. No refund would be applicable in case the checkin is denied under such circumstances,Doctor on Call|Dry Cleaning|Front Desk|Locker Facility|24 Hour Front Desk|Luggage Storage|Internet Access Free|Newspapers In Lobby|Room Service (24 Hours)|Parking Facility|Internet Access|Room Service|Fire Safety|Anti-Slip Ramps|CCTV|First-Aid Kit at Front Desk,Chanakya Hotel
Mathura,The standard check-in time is 12:00 PM and the standard check-out time is 12:00 PM. Early check-in or late check-out is strictly subjected to availability and may be chargeable by the hotel. Any early check-in or late check-out request must be directed and reconfirmed with hotel directly,Lobby|Front Desk|Power Backup|RO Water Purification System|Parking Facility,Bhakti Niketan
Nainital,The standard check-in time is 12:00 PM and the standard check-out time is 12:00 PM. Early check-in or late check-out is strictly subjected to availability and may be chargeable by the hotel. Any early check-in or late check-out request must be directed and reconfirmed with hotel directly We do not allow unmarried / unrelated couples to checkin. This is at full discretion of the hotel management. No refund would be applicable in case the checkin is denied under such circumstances,Doctor on Call|Non Smoking Rooms|Parking Facilities Available|Front Desk|Power Backup,Bina Resorts
Corbett,The standard check-in time is 12:00 PM and the standard check-out time is 10:00 AM. Early check-in or late check-out is strictly subjected to availability and may be chargeable by the hotel. Any early check-in or late check-out request must be directed and reconfirmed with hotel directly Hotel may charge compulsory gala dinner supplement on Christmas / New Year's eve or other festive periods. Any such supplements need to be paid directly at the hotel.,Swimming Pool|Parking Facilities Available|Local Tour / Travel Desk|24 Hour Front Desk|Air-Conditioning - Central|Express Check-In / Check-Out|Wake-up Call / Service|Porter / Bellhop|Coffee Shop / Cafe|Internet Access Free|Newspapers In Lobby|Room Service (24 Hours)|Adjoining Rooms,Buckscent Corbett Retreat
Jaipur,"The standard check-in time is 02:00 PM and the standard check-out time is 12:00 PM. Early check-in or late check-out is strictly subjected to availability and may be chargeable by the hotel. Any early check-in or late check-out request must be directed and reconfirmed with hotel directly Guests staying on Dec 24 and  Dec 31 ,a mandatory Christmas eve extravaganza and  dinner charge of Rs. 1200 per adult / Rs. 800 per child will be charged and payable at hotel.",Swimming Pool|Banquet Facilities|Bar / Lounge |Business Center |Currency Exchange|Golf Course|Health Club / Gym Facility Available|Internet Access - Surcharge|Lift / Elevator|Parking Facilities Available|Front Desk|Multi Cuisine Restaurant |Local Tour / Travel Desk|Valet service|Power Backup|Gardens|Conference Facility |Express Laundry|Yoga Hall / Classes|Room Service (24 Hours)|Parking Facility|Room Service|Public Restrooms|Suites,"Cambay Resort , Jamdoli"
Munnar,"The standard check-in time is 12:00 PM and the standard check-out time is 12:00 PM. Early check-in or late check-out is strictly subjected to availability and may be chargeable by the hotel. Any early check-in or late check-out request must be directed and reconfirmed with hotel directly Hotel may charge supplimentary charges on christhmas and new year eve, which the guest has to pay directly at the hotel. There will be season hike for Oct/Nov/Dec Rs.1000 per Room/Per night will be payable directly at the hotel at the  time of check-in",Barbecue Area|Doctor on Call|Dry Cleaning|Gift Shop |Laundry Service Available|Library|Non Smoking Rooms|Parking Facilities Available|Pets Allowed|Front Desk|Multi Cuisine Restaurant |Valet service|24 Hour Front Desk|Luggage Storage|Medical Assistance Available|Welcome Drinks|Power Backup|Gardens|Audio - Visual Equipment|Catering|Multi Lingual Staff|Wake-up Call / Service|Separate Sitting Area|Coffee Shop / Cafe|Picnic Area|Nature Walk|Veranda|Open Air Restaurant / Dining | Bike on Rent|Vegetarian Food / Jain Food Available|Extra Person / Child - Share the same room|Express Laundry|Badminttion Court|Mini Theatre|Karaoke |Campfire / Bon Fire|Food Facility| Drivers Rest Room|Internet Access Free|Newspapers In Lobby|Baggage Room|Internet / Fax (Reception area only)|Adjoining Rooms|Outdoor Parking - Secured|Outdoor Parking - Non Secured|Parking Facility|Restaurant|Trekking,Blue Bells Valley Resort
Alleppey,"The standard check-in time is 12:00 PM and the standard check-out time is 10:00 AM. Early check-in or late check-out is strictly subjected to availability and may be chargeable by the hotel. Any early check-in or late check-out request must be directed and reconfirmed with hotel directly Hotel Will Charge Supplement Charges and Gala Dinner Charges for Christmas and New Year Events - These Charges are Mandatory and to be paid at the hotel directly. It is mandatory for guests to present valid photo identification at the time of check-in. According to government regulations, a valid Photo ID has to be carried by every person above the age of 18 staying at the hotel. The identification proofs accepted are Driving License, Voter ID Card, and Passport. Without valid ID the guest will not be allowed to check-in.",Doctor on Call|Lobby|RO Water Purification System,Casamaria Beach Resort
Goa,The standard check-in time is 12:00 PM and the standard check-out time is 11:00 AM. Early check-in or late check-out is strictly subjected to availability and may be chargeable by the hotel. Any early check-in or late check-out request must be directed and reconfirmed with hotel directly,"Doctor on Call|Laundry Service Available|Library|Pick Up and Drop (Rly Station, Bus Stand, Temple)",Casa Roiz Guest House
Munnar,"The standard check-in time is 12:00 PM and the standard check-out time is 12:00 PM. Early check-in or late check-out is strictly subjected to availability and may be chargeable by the hotel. Any early check-in or late check-out request must be directed and reconfirmed with hotel directly **** Compulsory Supplement charges to be paid **** 1.Mandatory Christmas Celebration Charges on 24th Dec at Rs.1250 per person,to be paid at the hotel directly at the time of check in. 2. Mandatory New Year Gala Dinner Charges on 31st Dec at Rs.1500 per person,to be paid at the hotel directly at the time of check in. There will be season hike for Oct/Nov/Dec Rs.1000 per Room/Per night will be payable directly at the hotel at the  time of check-in",Doctor on Call|Laundry Service Available|Lobby|Parking Facilities Available|Front Desk|Multi Cuisine Restaurant |Local Tour / Travel Desk|Major Credit Cards Accepted|Luggage Storage|Welcome Drinks|Power Backup|Gardens|Multi Lingual Staff|Food Facility|Room Service (24 Hours),Camelot Resort
Agartala,The standard check-in time is 12:00 PM and the standard check-out time is 12:00 PM. Early check-in or late check-out is strictly subjected to availability and may be chargeable by the hotel. Any early check-in or late check-out request must be directed and reconfirmed with hotel directly,,Central Guest House
Nainital,The standard check-in time is 12:00 PM and the standard check-out time is 12:00 PM. Early check-in or late check-out is strictly subjected to availability and may be chargeable by the hotel. Any early check-in or late check-out request must be directed and reconfirmed with hotel directly Unmarried couples not allowed,Doctor on Call|Parking Facilities Available|Wake-up Call / Service|Boating,Camp Twilight
Delhi,"The standard check-in time is 12:00 PM and the standard check-out time is 12:00 PM. Early check-in or late check-out is strictly subjected to availability and may be chargeable by the hotel. Any early check-in or late check-out request must be directed and reconfirmed with hotel directly We are a group of properties, In case of some unavoidable situation, we can shift you to our sister concern properties which are adjacently located to each other. Hotel may charge compulsory gala dinner supplement on Christmas / New Year's eve or other festive periods. Any such supplements need to be paid directly at the hotel. As per The government of Delhi at the time of check-in guest has to present all valid Id proofs (i.e Aadhar Card, Voter ID, Passport), Pan card will not be entertained as valid ID proof, in case of failure, hotel is not authorized to allow guest's check-In","Airport Transfer Available / Surcharge|Concierge|Currency Exchange|Doctor on Call|Dry Cleaning|Laundry Service Available|Lift / Elevator|Lobby|Non Smoking Rooms|Front Desk|Multi Cuisine Restaurant |Locker Facility|Non Smoking Hotel|Local Tour / Travel Desk|Major Credit Cards Accepted|24 Hour Front Desk|Luggage Storage|Medical Assistance Available|Air-Conditioning - Central|Power Backup|Express Check-In / Check-Out|Multi Lingual Staff|Exhibit Space|Wake-up Call / Service|Suitable For Children|Separate Sitting Area|Smoking Rooms|Electronic / Magnetic Keys|Multi - Line Phone|Free Local Calls|Pool Table|Massage Services |Pick Up and Drop (Rly Station, Bus Stand, Temple)|Open Air Restaurant / Dining |Transfers Available|Extra Person / Child - Share the same room|Express Laundry|Water Dispenser Available|Taxi Services|City Shuttle Service|Food Facility|Internet Access Free|Newspapers In Lobby|Postal / Parcel Services|Family Room|Room Service (24 Hours)|Courier Service|Guide / Sightseeing Service|RO Water Purification System|Internet Access|Restaurant|Room Service|CCTV|First-Aid Kit at Front Desk|Stamps and Mailing Facility",Check In Room Main Bazaar
Rishikesh,The standard check-in time is 12:00 PM and the standard check-out time is 12:00 PM. Early check-in or late check-out is strictly subjected to availability and may be chargeable by the hotel. Any early check-in or late check-out request must be directed and reconfirmed with hotel directly Booking rates will not be valid for Christmas and New year dates High season and long weekend dates extra supplement will be charged over and above the paid rates as per actual and hotel discretion.,Doctor on Call|Parking Facilities Available|Front Desk|24 Hour Front Desk|Outdoor Parking - Secured|Room Service|First-Aid Kit at Front Desk,Chanakya Resort &amp; Rafting
Delhi,The standard check-in time is 01:00 PM and the standard check-out time is 12:00 PM. Early check-in or late check-out is strictly subjected to availability and may be chargeable by the hotel. Any early check-in or late check-out request must be directed and reconfirmed with hotel directly,Currency Exchange|Dry Cleaning|Internet Access - Surcharge|Laundry Service Available|Lobby|Parking Facilities Available|Front Desk|Local Tour / Travel Desk|Major Credit Cards Accepted|24 Hour Front Desk|Luggage Storage|Air-Conditioning - Central|Power Backup|Express Check-In / Check-Out|Wake-up Call / Service|ATM / Banking|Fax Machine|Vegetarian Food / Jain Food Available|Car Rental|Taxi Services|Internet Access Free|Children's Park|Room Service (24 Hours)|Baggage Room|Outdoor Parking - Secured|Parking Facility|Public Restrooms,Bukhara Inn
Matheran,"The standard check-in time is 10:00 AM and the standard check-out time is 10:00 AM. Early check-in or late check-out is strictly subjected to availability and may be chargeable by the hotel. Any early check-in or late check-out request must be directed and reconfirmed with hotel directly Booking rates will not be valid for Christmas and New year dates, High season and long weekend dates  extra supplement will be charged over and above the paid rates as per actual and hotel discretion.",Doctor on Call|Parking Facilities Available|Front Desk|Medical Assistance Available|Public Restrooms,BOMBAY VIEW HOTEL
Rishikesh,The standard check-in time is 12:00 PM and the standard check-out time is 11:00 AM. Early check-in or late check-out is strictly subjected to availability and may be chargeable by the hotel. Any early check-in or late check-out request must be directed and reconfirmed with hotel directly,Laundry Service Available|Parking Facilities Available|Power Backup|Room Service (24 Hours)|Outdoor Parking - Secured|Parking Facility,Camp Rafting masti
Kanatal,The standard check-in time is 02:00 PM and the standard check-out time is 12:00 PM. Early check-in or late check-out is strictly subjected to availability and may be chargeable by the hotel. Any early check-in or late check-out request must be directed and reconfirmed with hotel directly,,Camp Carnival
Kolkata,The standard check-in time is 12:00 PM and the standard check-out time is 12:00 PM. Early check-in or late check-out is strictly subjected to availability and may be chargeable by the hotel. Any early check-in or late check-out request must be directed and reconfirmed with hotel directly We do not allow unmarried / unrelated couples to checkin. This is at full discretion of the hotel management. No refund would be applicable in case the checkin is denied under such circumstances,Doctor on Call|Laundry Service Available|Parking Facilities Available|Power Backup|Internet Access Free|Newspapers In Lobby|Room Service (24 Hours)|Fire Safety|Fire Exit Signs|First-Aid Kit at Front Desk,Central Guest House
Gangtok,The standard check-in time is 12:00 PM and the standard check-out time is 12:00 PM. Early check-in or late check-out is strictly subjected to availability and may be chargeable by the hotel. Any early check-in or late check-out request must be directed and reconfirmed with hotel directly,"Doctor on Call|Laundry Service Available|Parking Facilities Available|Front Desk|Local Tour / Travel Desk|Major Credit Cards Accepted|Medical Assistance Available|Power Backup|Pick Up and Drop (Rly Station, Bus Stand, Temple)|Room Service (24 Hours)",Changlo Chen Hotel
Munnar,The standard check-in time is 01:00 PM and the standard check-out time is 11:00 AM. Early check-in or late check-out is strictly subjected to availability and may be chargeable by the hotel. Any early check-in or late check-out request must be directed and reconfirmed with hotel directly Hotel may charge compulsory gala dinner supplement on Christmas / New Year's eve or other festive periods. Any such supplements need to be paid directly at the hotel. There will be a season hike for Oct/Nov/Dec on Room Tariff which needs to be paid directly to the hotel.,Swimming Pool|Airport Transfer Available / Surcharge|Banquet Facilities|Barbecue Area|Business Center |Doctor on Call|Games Zone|Gift Shop |Internet Access - Surcharge|Laundry Service Available|Lobby|Non Smoking Rooms|Parking Facilities Available|Front Desk|Multi Cuisine Restaurant |Locker Facility|Spa On Site - Chargeable|Local Tour / Travel Desk|Major Credit Cards Accepted|24 Hour Front Desk|Luggage Storage|Welcome Drinks|Power Backup|Multi Lingual Staff|Wake-up Call / Service|Conference Facility |Food Facility|Internet Access Free|Room Service (24 Hours)|Parking Facility,Chandys Windy Woods
Coorg,"The standard check-in time is 12:00 PM and the standard check-out time is 12:00 PM. Early check-in or late check-out is strictly subjected to availability and may be chargeable by the hotel. Any early check-in or late check-out request must be directed and reconfirmed with hotel directly Booking rates will not be valid for Christmas and New year dates, High season and long weekend dates, extra supplement will be charged over and above the paid rates as per actual and hotel discretion.",Doctor on Call|Parking Facility,Chuppi homestay
Mahabalipuram,"The standard check-in time is 01:00 PM and the standard check-out time is 11:00 AM. Early check-in or late check-out is strictly subjected to availability and may be chargeable by the hotel. Any early check-in or late check-out request must be directed and reconfirmed with hotel directly Most hotels do not allow Bachelors to check-in. This is at full discretion of the hotel management. No refund would be applicable in case the hotel denies check-in under such circumstances . Booking rates will not be valid for Christmas  New year dates, High season  long weekend dates  extra supplement will be charged over  above the paid rates as per management discretion Limited Set Breakfast.",Bar / Lounge |Parking Facilities Available|Front Desk|Multi Cuisine Restaurant |Local Tour / Travel Desk|Conference Facility |Room Service (24 Hours),Blue Bay  Beach Resort
Visakhapatnam,The standard check-in time is 10:00 AM and the standard check-out time is 09:00 AM. Early check-in or late check-out is strictly subjected to availability and may be chargeable by the hotel. Any early check-in or late check-out request must be directed and reconfirmed with hotel directly  Terms and Conditions: It is mandatory for guests to present valid photo identification at the time of check-in. and should carry hotel Booking Voucher at the time of check in. Unmarried Couples not allowed,Banquet Facilities|Bar / Lounge |Doctor on Call|Laundry Service Available|Lift / Elevator|Lobby|Front Desk|Multi Cuisine Restaurant |Local Tour / Travel Desk|24 Hour Front Desk|Power Backup|Wedding Services Facility|Catering|Multi Lingual Staff|Kitchen available (home cook food on request)|Smoking Area |Vegetarian Food / Jain Food Available|Water Dispenser Available|Food Facility|Newspapers In Lobby|Room Service (24 Hours)|Party hall|Internet / Fax (Reception area only)|Outdoor Parking - Secured|Parking Facility,Blue Moon Hotel
Goa,"The standard check-in time is 12:00 PM and the standard check-out time is 10:30 AM. Early check-in or late check-out is strictly subjected to availability and may be chargeable by the hotel. Any early check-in or late check-out request must be directed and reconfirmed with hotel directly Only couples, married or unmarried , Families  and college students  are allowed . others Do not  Book   please carry ID proof  with address .",Swimming Pool|Airport Transfer Available / Surcharge|Bar / Lounge |Doctor on Call|Laundry Service Available|Lobby|Parking Facilities Available|Front Desk|Multi Cuisine Restaurant |Locker Facility|Local Tour / Travel Desk|Major Credit Cards Accepted|24 Hour Front Desk|Luggage Storage|Power Backup|Wake-up Call / Service|Separate Sitting Area|Disabled Friendly Rooms|Wheelchair Accessibility - Room|Pool Table|Open Air Restaurant / Dining |Internet Access Free|Newspapers In Lobby|RO Water Purification System|Internet Access|Room Service|Fire Safety|CCTV|First-Aid Kit at Front Desk|Full Time Operation for All 7 Days|Hotel Trading License|Pest Control Facility|Porter Services Available|Public Restrooms|Security at All Hotel Entrances,Castle House Calangute
Manali,The standard check-in time is 12:00 PM and the standard check-out time is 12:00 PM. Early check-in or late check-out is strictly subjected to availability and may be chargeable by the hotel. Any early check-in or late check-out request must be directed and reconfirmed with hotel directly Early check-in and late-check -out may be possible subject to availability . We offer free parking facility for our guests.  Wi-Fi is available around the resort and is free of cost.,Airport Transfer Available / Surcharge|Banquet Facilities|Bar / Lounge |Business Center |Doctor on Call|Laundry Service Available|Library|Lobby|Pets Allowed|Front Desk|Local Tour / Travel Desk|Major Credit Cards Accepted|24 Hour Front Desk|Luggage Storage|Welcome Drinks|Gardens|Suitable For Children|Conference Facility |Kitchen available (home cook food on request)|Multi - Line Phone|Picnic Area|Discotheque |Clubhouse|Safari|Skiing Facility Available|Smoking Area |Open Air Restaurant / Dining | Bike on Rent|Car Rental|Express Laundry|Water Dispenser Available|Taxi Services|Badminttion Court|Campfire / Bon Fire|Internet Access Free|Family Room|Room Service (24 Hours)| Cook Services|Party hall|Air / Rail Booking|Guide / Sightseeing Service|Laptop Available on Hire|Internet / Fax (Reception area only)|RO Water Purification System|Parking Facility|Restaurant|Room Service,Bharhka Countryside Cottage Resort
Gurgaon,The standard check-in time is 12:00 PM and the standard check-out time is 12:00 PM. Early check-in or late check-out is strictly subjected to availability and may be chargeable by the hotel. Any early check-in or late check-out request must be directed and reconfirmed with hotel directly Government ID cards are mandatory during the time of check in.,Doctor on Call|Parking Facilities Available|Front Desk|Power Backup|Gardens|Transfers Available|Internet Access Free|Room Service (24 Hours)|Outdoor Parking - Secured|Parking Facility|Room Service|First-Aid Kit at Front Desk|Public Restrooms|Speciality Restaurant,Casa 31
Goa,The standard check-in time is 04:00 PM and the standard check-out time is 11:00 AM. Early check-in or late check-out is strictly subjected to availability and may be chargeable by the hotel. Any early check-in or late check-out request must be directed and reconfirmed with hotel directly We do not allow unmarried / unrelated couples to checkin.  This is at full discretion of the hotel management. No refund would be applicable in case the checkin is denied under such circumstances,Doctor on Call|Lobby|Parking Facilities Available|Front Desk|Local Tour / Travel Desk|Major Credit Cards Accepted|24 Hour Front Desk|Medical Assistance Available,Champions Yacht - Sea Breeze
Coorg,The standard check-in time is 12:00 PM and the standard check-out time is 12:00 PM. Early check-in or late check-out is strictly subjected to availability and may be chargeable by the hotel. Any early check-in or late check-out request must be directed and reconfirmed with hotel directly Right to Admission Reserved,Doctor on Call|Medical Assistance Available|Parking Facility,Chahana homestay
Karaikudi,The standard check-in time is 12:00 PM and the standard check-out time is 12:00 PM. Early check-in or late check-out is strictly subjected to availability and may be chargeable by the hotel. Any early check-in or late check-out request must be directed and reconfirmed with hotel directly We do not allow unmarried / unrelated couples to checkin. This is at full discretion of the hotel management. No refund would be applicable in case the checkin is denied under such circumstances,Doctor on Call|Parking Facilities Available|Front Desk|Parking Facility|First-Aid Kit at Front Desk,CHIDAMBARA VILLAS
Lonavala,The standard check-in time is 12:00 PM and the standard check-out time is 12:00 PM. Early check-in or late check-out is strictly subjected to availability and may be chargeable by the hotel. Any early check-in or late check-out request must be directed and reconfirmed with hotel directly We do not allow unmarried / unrelated couples to checkin. This is at full discretion of the hotel management. No refund would be applicable in case the checkin is denied under such circumstances,Doctor on Call|Parking Facilities Available|Front Desk|First-Aid Kit at Front Desk|Public Restrooms,BP VILLA
Gangavathi,The standard check-in time is 12:00 PM and the standard check-out time is 12:00 PM. Early check-in or late check-out is strictly subjected to availability and may be chargeable by the hotel. Any early check-in or late check-out request must be directed and reconfirmed with hotel directly We do not allow unmarried / unrelated couples to checkin. This is at full discretion of the hotel management. No refund would be applicable in case the checkin is denied under such circumstances,Doctor on Call|Non Smoking Rooms|Parking Facilities Available|Front Desk|24 Hour Front Desk|Veranda|Food Facility|Room Service (24 Hours)|RO Water Purification System|Outdoor Parking - Secured|Parking Facility|Room Service|Full Time Operation for All 7 Days,Bhandarkar Tourist Home
Shimla,"The standard check-in time is 12:00 PM and the standard check-out time is 12:00 PM. Early check-in or late check-out is strictly subjected to availability and may be chargeable by the hotel. Any early check-in or late check-out request must be directed and reconfirmed with hotel directly 1. The guest must present hard copy of Travel Agents voucher to the hotel while checkingin on arrival. Without Travel Agents voucher, check in will not be allowed. All foreign nationals must carry passport, visa and other travel documents in original as per govt. rules. 2. Accommodation will be booked on first come first reserved basis. 3. All reservations are subject to confirmation from the Hotel and confirmation will be issued irrevocably for the period specified and guests are liable for entire period irrespective of late arrival, early departure or No Show. 4. In case of cancellation  No Show, payment received will not be refunded   adjusted under any circumstances what so ever and the payment received by us will be treated as Reservation Fee  Retention Charges as the case may deem fit. 5. The hotel does not have car parking facility. Govt. car parking lots are nearby. 6. Hot water is supplied to the rooms from 7:00 am to 11:00 am and 6:00 pm to 8:00 pm only. 7. In case of any increase in statuary taxes by Govt., the difference in taxes shall be paid by the guest upon arrival. 8. Checkin   checkout time is 12:00 noon. Please note that if the guest reaches our hotel before 12:00 noon, accommodation will not be provided to the guest for early arrival and if the guest wishes to take accommodation, the guest will have to make full one days extra payment for early check-in as per Govt. rules, only possible if the accommodation is available at that time. 9. All the guests who have booking on CP  MAP meals as per our fixed menu will be provided. The guests who have their reservation on MAP are requested to place their order before 9:45 PM After 9:45 PM no order for dinner will be accepted. Our kitchen and room service closes at 10:30 PM Guests arriving late in the night after 9 :45 PM can take their dinner on the way. Hotel will provide lunch on next day in lieu of dinner. 10. In case of extra PAX adults children, we do not provide extra bed. Only extra bedding is provided on the floor with one mattress along with one bed sheet, pillow and blankets. Cots are not available. 11. Accommodation booked will be strictly provided as per the bed capacity fixed by HP Tourism Department. If the number of PAX adults children exceeds the bed capacity fixed by HP Tourism Department, extra PAX will be accommodated in separate accommodation on extra payment only possible if the accommodation is available at that time. 12. Rights of admission are reserved. 13. The hotel does not have electricity backup  generator as power cuts in Shimla are very rare and brief. 14. All disputes will be settled in Shimla Courts only whether by legal action or otherwise. 15. By making a booking the guest is deemed to accept all our reservation terms and conditions. Reservation of accommodation will be done strictly on the above terms and conditions only.",Doctor on Call|Laundry Service Available|Lift / Elevator|Front Desk|Multi Cuisine Restaurant |Locker Facility|Local Tour / Travel Desk|Luggage Storage|Gardens|Vegetarian Food / Jain Food Available|Car Rental|Taxi Services|Food Facility|Guide / Sightseeing Service|Restaurant|Room Service,BrightLand Hotel
Goa,The standard check-in time is 01:00 PM and the standard check-out time is 12:00 PM. Early check-in or late check-out is strictly subjected to availability and may be chargeable by the hotel. Any early check-in or late check-out request must be directed and reconfirmed with hotel directly Compulsory Gala Dinner on 25th Dec Rs 3375 per adult and Rs1688 per child between 3 -12 years. Compulsory New year dinner Gala Dinner charges Rs 5344 and Rs 2672 per  child between 3 -12 years. Gala Dinner charges directly payable at the hotel,Babysitting/ Child Care (surcharge)|Beauty Salon - on charge|Currency Exchange|Doctor on Call|Internet Access - Surcharge|Front Desk|Multi Cuisine Restaurant |Local Tour / Travel Desk|Major Credit Cards Accepted|24 Hour Front Desk|Welcome Drinks|Wake-up Call / Service|Pool Table| Bike on Rent|Car Rental|Express Laundry|Newspapers In Lobby|Yoga Hall / Classes|Airport Transfer Free,Coconut creek
Bangalore,"The standard check-in time is 12:00 PM and the standard check-out time is 12:00 PM. Early check-in or late check-out is strictly subjected to availability and may be chargeable by the hotel. Any early check-in or late check-out request must be directed and reconfirmed with hotel directly ALL GUESTS ARE REQUIRED TO PRESENT PROPER PHOTO IDENTIFICATION UPON CHECK IN. The identity proof would include a valid Driving license/voter identity card/PAN card, etc. Valid Passport mandatory for all Foreign guests",Airport Transfer Available / Surcharge|Doctor on Call|Internet Access - Surcharge|Laundry Service Available|Lobby|Parking Facilities Available|Front Desk|Multi Cuisine Restaurant |Local Tour / Travel Desk|Power Backup|Internet Access Free|Newspapers In Lobby|Parking Facility,Comfort Shelter Lodge
Manali,The standard check-in time is 12:00 PM and the standard check-out time is 12:00 PM. Early check-in or late check-out is strictly subjected to availability and may be chargeable by the hotel. Any early check-in or late check-out request must be directed and reconfirmed with hotel directly Hotel may charge compulsory gala dinner supplement on Christmas / New Year's eve or other festive periods. Any such supplements need to be paid directly at the hotel.,Airport Transfer Available / Surcharge|Bar / Lounge |Doctor on Call|Games Zone|Health Club / Gym Facility Available|Laundry Service Available|Lobby|Parking Facilities Available|Multi Cuisine Restaurant |Table Tennis|Local Tour / Travel Desk|Major Credit Cards Accepted|24 Hour Front Desk|Luggage Storage|Medical Assistance Available|Power Backup|Gardens|Wake-up Call / Service|Fitness Equipment|Conference Facility |Pool Table|Extra Person / Child - Share the same room|Express Laundry|Taxi Services|Mini Theatre|Food Facility|Newspapers In Lobby|Yoga Hall / Classes|Room Service (24 Hours)|RO Water Purification System|Parking Facility,De Vivendi Resorts
Varanasi,The standard check-in time is 12:00 PM and the standard check-out time is 12:00 PM. Early check-in or late check-out is strictly subjected to availability and may be chargeable by the hotel. Any early check-in or late check-out request must be directed and reconfirmed with hotel directly 1.   not allowed unmarried couple 2.   not allowed local person 3.   not allowed room for drinking and gambling porpose. 4.   allow married couple if they show both i.d proof.,Doctor on Call|Lobby|Front Desk|Air-Conditioning - Central,Cresent villa
Chikmagalur,The standard check-in time is 12:00 PM and the standard check-out time is 12:00 PM. Early check-in or late check-out is strictly subjected to availability and may be chargeable by the hotel. Any early check-in or late check-out request must be directed and reconfirmed with hotel directly We do not allow unmarried / unrelated couples to checkin. This is at full discretion of the hotel management. No refund would be applicable in case the checkin is denied under such circumstances,Lobby|Parking Facilities Available|Front Desk|Local Tour / Travel Desk|24 Hour Front Desk|Luggage Storage|Medical Assistance Available,CLUB HOMESTAY
Leh,The standard check-in time is 12:00 PM and the standard check-out time is 12:00 PM. Early check-in or late check-out is strictly subjected to availability and may be chargeable by the hotel. Any early check-in or late check-out request must be directed and reconfirmed with hotel directly Hotel may charge compulsory gala dinner supplement on Christmas / New Year's eve or other festive periods. Any such supplements need to be paid directly at the hotel.,Currency Exchange|Doctor on Call|Laundry Service Available|Parking Facilities Available|Multi Cuisine Restaurant |Local Tour / Travel Desk|Gardens|Wake-up Call / Service|Nature Walk| Bike on Rent|Vegetarian Food / Jain Food Available|Car Rental|Oxygen Cylinder (on request)|Taxi Services|Campfire / Bon Fire|Parking Facility|Restaurant|Room Service|Paid Transfers,Cold Desert Camp
Kolhapur,The standard check-in time is 12:00 PM and the standard check-out time is 12:00 PM. Early check-in or late check-out is strictly subjected to availability and may be chargeable by the hotel. Any early check-in or late check-out request must be directed and reconfirmed with hotel directly The standard check-in time is 12:00 PM and the standard check-out time is 12:00 PM. Early check-in or late check-out is strictly subject to availability and may be chargeable by the hotel Child Tariff and Policy - 0-6 years without bed complimentary,Laundry Service Available|Lift / Elevator|Parking Facilities Available|Front Desk|Multi Cuisine Restaurant |Parking Facility|Room Service,Dakkhan Lodging
Goa,The standard check-in time is 12:00 PM and the standard check-out time is 10:00 AM. Early check-in or late check-out is strictly subjected to availability and may be chargeable by the hotel. Any early check-in or late check-out request must be directed and reconfirmed with hotel directly,Swimming Pool|Airport Transfer Available / Surcharge|Currency Exchange|Doctor on Call|Local Tour / Travel Desk|Major Credit Cards Accepted|Veranda| Bike on Rent|Car Rental|Food Facility|Family Room|Parking (Surcharge)| Cook Services|Room Service,Colonial De Braganza Apartment
Cochin,The standard check-in time is 02:00 PM and the standard check-out time is 12:00 PM. Early check-in or late check-out is strictly subjected to availability and may be chargeable by the hotel. Any early check-in or late check-out request must be directed and reconfirmed with hotel directly Like the policy for : We do not allow unmarried / unrelated couples to checkin. This is at full discretion of the hotel management. No refund would be applicable in case the checkin is denied under such circumstances,Doctor on Call|Parking Facilities Available|Front Desk|Local Tour / Travel Desk|Medical Assistance Available,Cost Gama Homestay
Hubli,The standard check-in time is 12:00 PM and the standard check-out time is 12:00 PM. Early check-in or late check-out is strictly subjected to availability and may be chargeable by the hotel. Any early check-in or late check-out request must be directed and reconfirmed with hotel directly,Swimming Pool|Airport Transfer Available / Surcharge|Banquet Facilities|Bar / Lounge |Business Center |Health Club / Gym Facility Available|Laundry Service Available|Parking Facilities Available|Front Desk|Multi Cuisine Restaurant |Spa On Site - Chargeable|24 Hour Front Desk|Medical Assistance Available|Welcome Drinks|Power Backup|Conference Facility |Fax Machine|Board Room|Internet Access Free|Newspapers In Lobby|Room Service (24 Hours),Denissions Hotel
Ahmedabad,The standard check-in time is 09:00 AM and the standard check-out time is 09:00 AM. Early check-in or late check-out is strictly subjected to availability and may be chargeable by the hotel. Any early check-in or late check-out request must be directed and reconfirmed with hotel directly Hotel may charge compulsory gala dinner supplement on Christmas / New Year's eve or other festive periods. Any such supplements need to be paid directly at the hotel.,Airport Transfer Available / Surcharge|Babysitting/ Child Care (surcharge)|Banquet Facilities|Business Center |Concierge|Currency Exchange|Disabled Friendly Facilities |Doctor on Call|Dry Cleaning|Health Club / Gym Facility Available|Internet Access - Surcharge|Laundry Service Available|Lift / Elevator|Lobby|Non Smoking Rooms|Parking Facilities Available|Front Desk|Multi Cuisine Restaurant |Locker Facility|Secretarial Services|Spa On Site - Chargeable|Local Tour / Travel Desk|Valet service|Major Credit Cards Accepted|24 Hour Front Desk|Luggage Storage|Doorman|Medical Assistance Available|Air-Conditioning - Central|Power Backup|Express Check-In / Check-Out|Audio - Visual Equipment|Computer Rental|Wedding Services Facility|Exhibit Space|Wake-up Call / Service|Fitness Equipment|Separate Sitting Area|Coffee Shop / Cafe|Conference Facility |Smoking Rooms|Disabled Friendly Rooms|Fax Machine|Electronic / Magnetic Keys|Wheelchair Accessibility - Room|Massage Services |Village Visit ( Chargeable )|Car Rental|Express Laundry|Taxi Services|Board Room| Drivers Rest Room|Newspapers In Lobby|Postal / Parcel Services|Room Service (24 Hours)|Spa Services Nearby|Party hall|STD / ISD|Baggage Room|Courier Service|Internet / Fax (Reception area only)|Adjoining Rooms|Courtesy Coach|RO Water Purification System|Airport Transfer Free|Outdoor Parking - Secured|Parking Facility|Internet Access|Restaurant|Room Service|Fire Safety|Anti-Slip Ramps|CCTV|Fire Exit Signs|First-Aid Kit at Front Desk|Metal Detectors|Pest Control Facility|Public Restrooms|Smoke Detector|Stamps and Mailing Facility|Suites,Comfort Inn Sunset
Coorg,The standard check-in time is 12:00 PM and the standard check-out time is 12:00 PM. Early check-in or late check-out is strictly subjected to availability and may be chargeable by the hotel. Any early check-in or late check-out request must be directed and reconfirmed with hotel directly,Doctor on Call|Power Backup|Guide / Sightseeing Service,Coorg berry lane
Rishikesh,"The standard check-in time is 12:00 PM and the standard check-out time is 10:00 AM. Early check-in or late check-out is strictly subjected to availability and may be chargeable by the hotel. Any early check-in or late check-out request must be directed and reconfirmed with hotel directly Parking at owner's risk. Camp will not take any responsibility for the lost of any valuable items like money, Jewelry and etc. It will be at owner's risk.",Library|Non Smoking Rooms|Front Desk|Multi Cuisine Restaurant |Non Smoking Hotel|24 Hour Front Desk|Welcome Drinks|Multi Lingual Staff|Wake-up Call / Service|Wheelchair Accessibility - Room|Nature Walk|In House Events |Vegetarian Food / Jain Food Available|Village Visit ( Chargeable )|Water Dispenser Available|Campfire / Bon Fire|Food Facility|Baggage Room,"Cradle of Life,High Bank"
Coorg,"The standard check-in time is 01:00 PM and the standard check-out time is 11:00 AM. Early check-in or late check-out is strictly subjected to availability and may be chargeable by the hotel. Any early check-in or late check-out request must be directed and reconfirmed with hotel directly GUESTS ARE REQUESTED TO WIND UP PARTYING IF ANY, BY 10 PM (NO LOUD MUSIC AND LOUD VOICE AFTER 10 PM PLEASE).  ONLY RESPONSIBLE ALCOHOL CONSUMPTION IS ALLOWED.  WE NEED TO MAKE SURE WE DO NOT DISTURB THE NEIGHBORS.  ID PROOF NEEDED AT CHECKIN.",Parking Facilities Available|Power Backup|Suitable For Children|Smoking Area |Taxi Services|Outdoor Parking - Secured|Parking Facility,COORG GIRINIVAS-A BUDGET HOMESTAY IN MADIKERI
Kutch,The standard check-in time is 12:00 PM and the standard check-out time is 10:00 AM. Early check-in or late check-out is strictly subjected to availability and may be chargeable by the hotel. Any early check-in or late check-out request must be directed and reconfirmed with hotel directly Government ID cards are mandatory during the time of check in.,Doctor on Call|Parking Facilities Available|Front Desk|Luggage Storage|Doorman|Internet Access Free|Baggage Room|Outdoor Parking - Secured|Parking Facility|Room Service|First-Aid Kit at Front Desk,D.S Inn
Delhi,The standard check-in time is 12:00 PM and the standard check-out time is 12:00 PM. Early check-in or late check-out is strictly subjected to availability and may be chargeable by the hotel. Any early check-in or late check-out request must be directed and reconfirmed with hotel directly Terms and Conditions: 1.	Valid ID proof is required at the time of Check/In. 2.	Hotel can refuse to take un married couples with no refund once the booking is made. 3.	Local ID will not be allowed to Check/In. Kindly furnish the Government Address Proof at the time of checkin. as per Delhi Police notification Room accommodation is not Valid for the guest who have Delhi and NCR address proof. hotel may refuse to offer room to unmarried couples only .,Banquet Facilities|Currency Exchange|Doctor on Call|Internet Access - Surcharge|Laundry Service Available|Multi Cuisine Restaurant |Locker Facility|Local Tour / Travel Desk|Major Credit Cards Accepted|Conference Facility,"Clarks Inn, Kailash Colony"
Udaipur,The standard check-in time is 12:00 PM and the standard check-out time is 10:00 AM. Early check-in or late check-out is strictly subjected to availability and may be chargeable by the hotel. Any early check-in or late check-out request must be directed and reconfirmed with hotel directly,Airport Transfer Available / Surcharge|Banquet Facilities|Concierge|Doctor on Call|Dry Cleaning|Laundry Service Available|Lobby|Non Smoking Rooms|Parking Facilities Available|Front Desk|Non Smoking Hotel|Local Tour / Travel Desk|Major Credit Cards Accepted|Luggage Storage|Power Backup|Wake-up Call / Service|Kitchen available (home cook food on request)|Open Air Restaurant / Dining |Veg / Non Veg Kitchens Separate |Taxi Services|Food Facility|Newspapers In Lobby|Guide / Sightseeing Service|Outdoor Parking - Secured|Parking Facility|Room Service,Dev Villa
Coorg,"The standard check-in time is 12:00 PM and the standard check-out time is 11:00 AM. Early check-in or late check-out is strictly subjected to availability and may be chargeable by the hotel. Any early check-in or late check-out request must be directed and reconfirmed with hotel directly Check-in check-out 12 noon, but if couple   checks in early can stay in the rest room till previous guest vacates and we get the room spic and span.","Doctor on Call|Laundry Service Available|Lobby|Parking Facilities Available|Pets Allowed|Locker Facility|Local Tour / Travel Desk|Valet service|24 Hour Front Desk|Luggage Storage|Medical Assistance Available|Power Backup|Express Check-In / Check-Out|Gardens|Computer Rental|Multi Lingual Staff|Wake-up Call / Service|Suitable For Children|Separate Sitting Area|Smoking Rooms|Kitchen available (home cook food on request)|Massage Services |Pick Up and Drop (Rly Station, Bus Stand, Temple)|Nature Walk|Smoking Area |Veranda| Bike on Rent|Vegetarian Food / Jain Food Available|Extra Person / Child - Share the same room|Village Visit ( Chargeable )|Car Rental|Kids Play Zone|Self Check - In|Taxi Services|City Shuttle Service|Food Facility| Drivers Rest Room|Newspapers In Lobby|Postal / Parcel Services|Family Room|Room Service (24 Hours)| Cook Services|Baggage Room|Guide / Sightseeing Service|Adjoining Rooms|RO Water Purification System|Outdoor Parking - Secured|Outdoor Parking - Non Secured|Parking Facility",Comfort zone
Karjat,The standard check-in time is 12:00 PM and the standard check-out time is 10:00 AM. Early check-in or late check-out is strictly subjected to availability and may be chargeable by the hotel. Any early check-in or late check-out request must be directed and reconfirmed with hotel directly ID Cards Are mandatory at the time of check in.,Swimming Pool|Doctor on Call|Games Zone|Parking Facilities Available|Front Desk|Multi Cuisine Restaurant |Locker Facility|Table Tennis|Luggage Storage|Doorman|Welcome Drinks|Power Backup|Gardens|Pool Table|Vegetarian Food / Jain Food Available|Badminttion Court|Baggage Room|Adjoining Rooms|Outdoor Parking - Secured|Parking Facility|Room Service|First-Aid Kit at Front Desk,Coral Lake resort
Masinagudi,The standard check-in time is 12:00 PM and the standard check-out time is 11:00 AM. Early check-in or late check-out is strictly subjected to availability and may be chargeable by the hotel. Any early check-in or late check-out request must be directed and reconfirmed with hotel directly,Basketball Court |Gift Shop |Health Club / Gym Facility Available|Library|Parking Facilities Available|Multi Cuisine Restaurant |Table Tennis|24 Hour Front Desk|Fitness Equipment|Conference Facility |Pool Table|Safari|Badminttion Court|Food Facility|Room Service (24 Hours)|Guide / Sightseeing Service|Parking Facility,De Rock
Haridwar,The standard check-in time is 12:00 PM and the standard check-out time is 12:00 PM. Early check-in or late check-out is strictly subjected to availability and may be chargeable by the hotel. Any early check-in or late check-out request must be directed and reconfirmed with hotel directly Hotel may charge compulsory gala dinner supplement on Christmas / New Year's eve or other festive periods. Any such supplements need to be paid directly at the hotel.,Doctor on Call|Internet Access - Surcharge|Laundry Service Available|Parking Facilities Available|Front Desk|Multi Cuisine Restaurant |Locker Facility|24 Hour Front Desk|Power Backup|Conference Facility |Food Facility| Drivers Rest Room|Newspapers In Lobby|Room Service (24 Hours)| Cook Services|Baggage Room|Airport Transfer Free|Parking Facility,Dev Hotel
Gurgaon,The standard check-in time is 12:00 PM and the standard check-out time is 12:00 PM. Early check-in or late check-out is strictly subjected to availability and may be chargeable by the hotel. Any early check-in or late check-out request must be directed and reconfirmed with hotel directly,Swimming Pool|Banquet Facilities|Doctor on Call|Dry Cleaning|Laundry Service Available|Lift / Elevator|Lobby|Parking Facilities Available|Multi Cuisine Restaurant |Local Tour / Travel Desk|Parking Facility,Dayal Regency Manesar
Dandeli,The standard check-in time is 12:00 PM and the standard check-out time is 12:00 PM. Early check-in or late check-out is strictly subjected to availability and may be chargeable by the hotel. Any early check-in or late check-out request must be directed and reconfirmed with hotel directly We do not allow unmarried / unrelated couples to checkin. This is at full discretion of the hotel management. No refund would be applicable in case the checkin is denied under such circumstances,Doctor on Call|Lobby|Parking Facilities Available|Front Desk|Local Tour / Travel Desk|24 Hour Front Desk|Power Backup|Room Service (24 Hours)|First-Aid Kit at Front Desk,Dandeli Kingfisher Jungle Stay
Jaisalmer,The standard check-in time is 02:30 PM and the standard check-out time is 10:00 AM. Early check-in or late check-out is strictly subjected to availability and may be chargeable by the hotel. Any early check-in or late check-out request must be directed and reconfirmed with hotel directly Check in- 2:30 Pm onwards Checkout : 10:00 Am Booking will be confirmed after 100% advance in Hotel Bank Account.,Airport Transfer Available / Surcharge|Banquet Facilities|Bar / Lounge |Currency Exchange|Doctor on Call|Laundry Service Available|Night Club|Non Smoking Rooms|Parking Facilities Available|Pets Allowed|Front Desk|Multi Cuisine Restaurant |Locker Facility|Non Smoking Hotel|Local Tour / Travel Desk|Hookah Lounge|Major Credit Cards Accepted|24 Hour Front Desk|Luggage Storage|Power Backup|Express Check-In / Check-Out|Gardens|Wedding Services Facility|Dance Performances (on demand)|Wake-up Call / Service|Suitable For Children|Separate Sitting Area|Fire Place Available |Safari|Camel Ride|Open Air Restaurant / Dining |Transfers Available| Bike on Rent|In House Events |Vegetarian Food / Jain Food Available|Extra Person / Child - Share the same room|Village Visit ( Chargeable )|Car Rental|Kids Play Zone|Taxi Services|Campfire / Bon Fire|Food Facility|Children's Park|Family Room|Party hall|Baggage Room|Guide / Sightseeing Service|Parking Facility|Restaurant|Ayurvedic Facilities |Fire Safety,Desert Safariors Camp
Kumarakom,"The standard check-in time is 02:00 PM and the standard check-out time is 10:00 AM. Early check-in or late check-out is strictly subjected to availability and may be chargeable by the hotel. Any early check-in or late check-out request must be directed and reconfirmed with hotel directly As per the Government directives it is Mandatory for all the guest Foreign Nationals , NRI and Indian National to show their Photo ID proof at the time of Check In which can be in form of Passport and Visa Copy, Driving License, PAN Card , Voter ID Card , failing which the hotel reserves the right of refusal.In case of Foreign National and NRI passport and VISA is required.",,Club Mahindra Kumarakom
Kasol,The standard check-in time is 12:00 PM and the standard check-out time is 12:00 PM. Early check-in or late check-out is strictly subjected to availability and may be chargeable by the hotel. Any early check-in or late check-out request must be directed and reconfirmed with hotel directly guest house respects the privacy of all its customer and business partners. Arrival and Departure policy as below :-  Check in and Check out - 1200 Hours  Early in Check and Late Check out Subjected to availability.,Business Center |Doctor on Call|Laundry Service Available|Parking Facilities Available|Front Desk|24 Hour Front Desk|Medical Assistance Available|Suitable For Children|Food Facility|Room Service|Full Time Operation for All 7 Days|Public Restrooms,Dev Lok International
Bangalore,"The standard check-in time is 12:00 PM and the standard check-out time is 11:00 AM. Early check-in or late check-out is strictly subjected to availability and may be chargeable by the hotel. Any early check-in or late check-out request must be directed and reconfirmed with hotel directly Booking rates will not be valid for Christmas and New year dates, High season and long weekend dates , extra supplement will be charged over and above the paid rates as per actual and hotel discretion",Doctor on Call|Parking Facilities Available|Locker Facility|24 Hour Front Desk|Newspapers In Lobby|Children's Park|Room Service (24 Hours)|Outdoor Parking - Secured|Parking Facility|Internet Access|Room Service|Fire Safety|CCTV|Fire Exit Signs,Clara Hotels
Goa,The standard check-in time is 12:00 PM and the standard check-out time is 10:00 AM. Early check-in or late check-out is strictly subjected to availability and may be chargeable by the hotel. Any early check-in or late check-out request must be directed and reconfirmed with hotel directly,"Airport Transfer Available / Surcharge|Bar / Lounge |Locker Facility|Local Tour / Travel Desk|Gardens|Pick Up and Drop (Rly Station, Bus Stand, Temple)| Bike on Rent|Car Rental|Yoga Hall / Classes|Guide / Sightseeing Service|Restaurant|Room Service",Cuba Agonda
Chandigarh,"The standard check-in time is 12:00 PM and the standard check-out time is 12:00 PM. Early check-in or late check-out is strictly subjected to availability and may be chargeable by the hotel. Any early check-in or late check-out request must be directed and reconfirmed with hotel directly Early check-in / late check-out are subject to availability of rooms. Check-in / Check-out time is 12 noon. Aforesaid rates are per night, EP/CP basis and net non commissionable. Extension of stay is subject to availability of rooms.",Doctor on Call|Parking Facilities Available|24 Hour Front Desk|Power Backup|Food Facility|Newspapers In Lobby|STD / ISD|RO Water Purification System|Internet Access,Crown Plaza
Gurgaon,The standard check-in time is 02:00 PM and the standard check-out time is 12:00 PM. Early check-in or late check-out is strictly subjected to availability and may be chargeable by the hotel. Any early check-in or late check-out request must be directed and reconfirmed with hotel directly,Internet Access - Surcharge|Laundry Service Available|Lift / Elevator|Front Desk|Power Backup|Outdoor Parking - Secured|Parking Facility,Cube @ Medanta
Thekkady,"The standard check-in time is 12:00 PM and the standard check-out time is 12:00 PM. Early check-in or late check-out is strictly subjected to availability and may be chargeable by the hotel. Any early check-in or late check-out request must be directed and reconfirmed with hotel directly We do not allow unmarried / unrelated couples to checkin. This is at full discretion of the hotel management. No refund would be applicable in case the checkin is denied under such circumstances. It is mandatory for guests to present valid photo identification at the time of check-in. According to government regulations, a valid Photo ID has to be carried by every person above the age of 18 staying at the hotel. The identification proofs accepted are Driving License, Voter ID Card, and Passport. Without valid ID the guest will not be allowed to check-in. Hotel may charge compulsory gala dinner supplement on Christmas / New Year's eve or other festive periods. Any such supplements need to be paid directly at the hotel.",Doctor on Call|Lobby|Non Smoking Rooms|Parking Facilities Available|Front Desk|Local Tour / Travel Desk|Medical Assistance Available|Power Backup|Fire Place Available |Parking Facility|Room Service|Fire Safety|Fire Exit Signs|First-Aid Kit at Front Desk,Dean Dale Cottage
Ahmedabad,The standard check-in time is 01:00 PM and the standard check-out time is 11:00 AM. Early check-in or late check-out is strictly subjected to availability and may be chargeable by the hotel. Any early check-in or late check-out request must be directed and reconfirmed with hotel directly Check in 1300 Hrs - Check out 1100 Hrs.  Booking confirmation on 100% advance payment only. The rooms are subject to availability at the time of confirming the booking. The hotel reserves the right to change the rate a,Swimming Pool|Banquet Facilities|Basketball Court |Billiards|Business Center |Concierge|Disabled Friendly Facilities |Dry Cleaning|Games Zone|Golf Course|Health Club / Gym Facility Available|Internet Access - Surcharge|Laundry Service Available|Lobby|Non Smoking Rooms|Parking Facilities Available|Front Desk|Multi Cuisine Restaurant |Locker Facility|Non Smoking Hotel|Spa On Site - Chargeable|Squash court|Table Tennis|Tennis Court|Major Credit Cards Accepted|24 Hour Front Desk|Luggage Storage|Doorman|Medical Assistance Available|Air-Conditioning - Central|Welcome Drinks|Power Backup|Express Check-In / Check-Out|Gardens|Audio - Visual Equipment|Wedding Services Facility|Catering|Wake-up Call / Service|Fitness Equipment|Suitable For Children|Coffee Shop / Cafe|Conference Facility |Kitchen available (home cook food on request)|Electronic / Magnetic Keys|Fire Place Available |Free Local Calls|Picnic Area|Wheelchair Accessibility - Room|Pool Table|Massage Services |Clubhouse|Open Air Restaurant / Dining | Bike on Rent|In House Events |Vegetarian Food / Jain Food Available|Extra Person / Child - Share the same room|Village Visit ( Chargeable )|Express Laundry|Kids Play Zone|Oxygen Cylinder (on request)|Meditation Room|Badminttion Court|Board Room|Karaoke |Rooftop Garden|Food Facility| Drivers Rest Room|Newspapers In Lobby|Yoga Hall / Classes|Children's Park|Family Room|Room Service (24 Hours)|Spa Services Nearby|Party hall|Spa Services Onsite - Free|STD / ISD|Baggage Room|Laptop Available on Hire|Internet / Fax (Reception area only)|RO Water Purification System|Outdoor Parking - Secured|Parking Facility|Internet Access|Restaurant|Room Service|Ayurvedic Facilities |Trekking|Fire Safety|Recreation Zone|CCTV|First-Aid Kit at Front Desk|Pest Control Facility|Public Restrooms|Security at All Hotel Entrances|Smoke Detector|Suites,Club Kensville Golf Resort
Jaisalmer,"The standard check-in time is 12:00 PM and the standard check-out time is 09:00 AM. Early check-in or late check-out is strictly subjected to availability and may be chargeable by the hotel. Any early check-in or late check-out request must be directed and reconfirmed with hotel directly  peace be maintained in room,T.V. be used up to reasonable sound level. alcohol  drinking not allowed, also drunk not allowed to stay in hotel,food eating in room  are not allowed . pates are not allowed in the hotel. original photo Id is must,",Laundry Service Available|Front Desk|Multi Cuisine Restaurant |Internet Access Free|Room Service (24 Hours),Desert Haveli Guest House
Coorg,The standard check-in time is 12:00 PM and the standard check-out time is 12:00 PM. Early check-in or late check-out is strictly subjected to availability and may be chargeable by the hotel. Any early check-in or late check-out request must be directed and reconfirmed with hotel directly Hotel may charge on compulsory gala dinner supplement on Christmas / New Year's eve or other festive periods. Any such supplements need to be paid directly at the hotel.,"Doctor on Call|Dry Cleaning|Golf Course|Internet Access - Surcharge|Parking Facilities Available|Front Desk|Locker Facility|24 Hour Front Desk|Luggage Storage|Welcome Drinks|Power Backup|Gardens|Conference Facility |Kitchen available (home cook food on request)|Cell Phone Rental|Pick Up and Drop (Rly Station, Bus Stand, Temple)|Veranda|Transfers Available| Bike on Rent|Car Rental|Taxi Services|Campfire / Bon Fire|Food Facility|Newspapers In Lobby|Children's Park|Family Room|Room Service (24 Hours)|Parking (Surcharge)|Parking Facility|Room Service",Coorg Live in  Estate stay
Hampi,The standard check-in time is 12:00 PM and the standard check-out time is 11:00 AM. Early check-in or late check-out is strictly subjected to availability and may be chargeable by the hotel. Any early check-in or late check-out request must be directed and reconfirmed with hotel directly ID cards are mandatory during the time check in.,Doctor on Call|Front Desk|Room Service (24 Hours)|Room Service|First-Aid Kit at Front Desk|Public Restrooms,Clarks Inn
Pondicherry,The standard check-in time is 02:00 PM and the standard check-out time is 10:00 AM. Early check-in or late check-out is strictly subjected to availability and may be chargeable by the hotel. Any early check-in or late check-out request must be directed and reconfirmed with hotel directly If Cancelled Before 31 days it will be Full Refund        If cancelled from 31 days to 15 Days it will be 50% Refund If cancelled from 14 days to day of arrival or No Show it will be NO Refund,Swimming Pool|Banquet Facilities|Bar / Lounge |Business Center |Disabled Friendly Facilities |Doctor on Call|Dry Cleaning|Laundry Service Available|Front Desk|Multi Cuisine Restaurant |Locker Facility|Gardens|Conference Facility |Smoking Area |Room Service,Club Mahindra Puducherry
Chennai,The standard check-in time is 12:00 PM and the standard check-out time is 12:00 PM. Early check-in or late check-out is strictly subjected to availability and may be chargeable by the hotel. Any early check-in or late check-out request must be directed and reconfirmed with hotel directly,Internet Access - Surcharge|Laundry Service Available|Lift / Elevator|Lobby|Non Smoking Rooms|Parking Facilities Available|Pets Allowed|Front Desk|Multi Cuisine Restaurant |Locker Facility|Secretarial Services|Non Smoking Hotel|Fitness Equipment|Parking Facility|Internet Access|Restaurant|Room Service,Colors Apart Hotel
Amritsar,The standard check-in time is 02:00 PM and the standard check-out time is 11:00 AM. Early check-in or late check-out is strictly subjected to availability and may be chargeable by the hotel. Any early check-in or late check-out request must be directed and reconfirmed with hotel directly 02 Children upto the age of 5 are complimentary in the room (without extra bed),Swimming Pool|Airport Transfer Available / Surcharge|Banquet Facilities|Bar / Lounge |Business Center |Doctor on Call|Health Club / Gym Facility Available|Internet Access - Surcharge|Laundry Service Available|Lift / Elevator|Front Desk|Room Service (24 Hours)|Parking Facility,Country Inn and Suites By Carlson Amritsar
Goa,The standard check-in time is 12:00 PM and the standard check-out time is 11:30 AM. Early check-in or late check-out is strictly subjected to availability and may be chargeable by the hotel. Any early check-in or late check-out request must be directed and reconfirmed with hotel directly Hotel may charge compulsory gala dinner supplement on Christmas / New Year's eve or other festive periods. Any such supplements need to be paid directly at the hotel.,,Clarem Guest House
Corbett,The standard check-in time is 02:00 PM and the standard check-out time is 10:00 AM. Early check-in or late check-out is strictly subjected to availability and may be chargeable by the hotel. Any early check-in or late check-out request must be directed and reconfirmed with hotel directly,Swimming Pool|Business Center |Currency Exchange|Doctor on Call|Dry Cleaning|Games Zone|Health Club / Gym Facility Available|Laundry Service Available|Lobby|Parking Facilities Available|Front Desk|Multi Cuisine Restaurant |Spa On Site - Chargeable|Major Credit Cards Accepted|24 Hour Front Desk|Welcome Drinks|Power Backup|Conference Facility |Food Facility|Newspapers In Lobby|Room Service (24 Hours)|Parking Facility,Club Mahindra Corbett
Ooty,"The standard check-in time is 12:00 PM and the standard check-out time is 12:00 PM. Early check-in or late check-out is strictly subjected to availability and may be chargeable by the hotel. Any early check-in or late check-out request must be directed and reconfirmed with hotel directly ALL GUESTS ARE REQUIRED TO PRESENT PROPER PHOTO IDENTIFICATION UPON CHECK IN. 2.The identity proof would include a valid Driving license/voter identity card/PAN card, etc. Valid Passport mandatory for all Foreign guests. 3.Booking rates will not be valid for Christmas and New year dates High season and long weekend dates extra supplement will be charged over and above the paid rates as per actual and hotel discretion.",Barbecue Area|Laundry Service Available|Parking Facilities Available|Multi Cuisine Restaurant |Gardens|Kitchen available (home cook food on request)|Veranda|Open Air Restaurant / Dining |Campfire / Bon Fire|Newspapers In Lobby|Room Service (24 Hours)|Outdoor Parking - Secured|Parking Facility|Restaurant,Country Tavern
Goa,The standard check-in time is 11:00 AM and the standard check-out time is 10:00 AM. Early check-in or late check-out is strictly subjected to availability and may be chargeable by the hotel. Any early check-in or late check-out request must be directed and reconfirmed with hotel directly Original Id prof is required before check in,Airport Transfer Available / Surcharge|Doctor on Call|Laundry Service Available|Lobby|Parking Facilities Available|Front Desk|Multi Cuisine Restaurant |Gardens|Suitable For Children|Separate Sitting Area|Coffee Shop / Cafe|Smoking Rooms|ATM / Banking|Smoking Area |Extra Person / Child - Share the same room|Taxi Services|Food Facility|Newspapers In Lobby|Family Room|Spa Services Nearby|Parking Facility|Restaurant|Room Service,Damysharina Guest House
Corbett,"The standard check-in time is 12:00 PM and the standard check-out time is 12:00 PM. Early check-in or late check-out is strictly subjected to availability and may be chargeable by the hotel. Any early check-in or late check-out request must be directed and reconfirmed with hotel directly **** Compulsory Supplement Charges to be Paid **** Mandatory New Year Gala Dinner Charges on 31st Dec at Rs.3500  per person and INR 1750/- per adult (above 11 years) and INR 1200/- per child (age 7 to 11 years),to be paid at the hotel directly at the time of check in.",Swimming Pool|Banquet Facilities|Doctor on Call|Health Club / Gym Facility Available|Laundry Service Available|Parking Facilities Available|Front Desk|Multi Cuisine Restaurant |Table Tennis|Local Tour / Travel Desk|Major Credit Cards Accepted|24 Hour Front Desk|Power Backup|Wedding Services Facility|Wake-up Call / Service|Pool Table|Safari|Badminttion Court|Internet Access Free|Room Service (24 Hours)|Party hall|Baggage Room|Parking Facility,Corbett Blue Sky Resort (A Unit of Orawar Hotels &amp; Resorts)
Jaisalmer,The standard check-in time is 03:00 AM and the standard check-out time is 11:00 AM. Early check-in or late check-out is strictly subjected to availability and may be chargeable by the hotel. Any early check-in or late check-out request must be directed and reconfirmed with hotel directly,Parking Facilities Available|Hookah Lounge|Gardens|Dance Performances (on demand)|Conference Facility |Kitchen available (home cook food on request)|Veg / Non Veg Kitchens Separate |Vegetarian Food / Jain Food Available|Car Rental|Food Facility|Air / Rail Booking|Guide / Sightseeing Service|Courtesy Coach|Parking Facility,Desert Safari Camps
Hyderabad,The standard check-in time is 12:00 PM and the standard check-out time is 12:00 PM. Early check-in or late check-out is strictly subjected to availability and may be chargeable by the hotel. Any early check-in or late check-out request must be directed and reconfirmed with hotel directly,Doctor on Call|Laundry Service Available|Lobby|Parking Facilities Available|Food Facility,Country Spa Kuteeram
Delhi,The standard check-in time is 12:00 PM and the standard check-out time is 12:00 PM. Early check-in or late check-out is strictly subjected to availability and may be chargeable by the hotel. Any early check-in or late check-out request must be directed and reconfirmed with hotel directly,Beauty Salon - on charge|Billiards|Bowling|Business Center,Delhi Bed and Breakfast
Indore,The standard check-in time is 12:00 PM and the standard check-out time is 12:00 PM. Early check-in or late check-out is strictly subjected to availability and may be chargeable by the hotel. Any early check-in or late check-out request must be directed and reconfirmed with hotel directly Guest has to carry valid ID proof and has to present that at time of  Check-In.,Banquet Facilities|Bar / Lounge |Business Center |Health Club / Gym Facility Available|Multi Cuisine Restaurant |Open Air Restaurant / Dining |Internet Access Free|Newspapers In Lobby,Country Inn By Carlson Indore
Gwalior,The standard check-in time is 02:00 PM and the standard check-out time is 12:00 PM. Early check-in or late check-out is strictly subjected to availability and may be chargeable by the hotel. Any early check-in or late check-out request must be directed and reconfirmed with hotel directly Government ID cards are mandatory during the time of check in.,Health Club / Gym Facility Available|Front Desk|Multi Cuisine Restaurant |24 Hour Front Desk|Power Backup|Room Service (24 Hours)|Restaurant|Room Service|First-Aid Kit at Front Desk|Public Restrooms,Clarks INN Suite
Chikmagalur,The standard check-in time is 02:00 PM and the standard check-out time is 12:00 PM. Early check-in or late check-out is strictly subjected to availability and may be chargeable by the hotel. Any early check-in or late check-out request must be directed and reconfirmed with hotel directly We do not allow unmarried / unrelated couples to checkin. This is at full discretion of the hotel management. No refund would be applicable in case the checkin is denied under such circumstances,Doctor on Call|Parking Facilities Available|Front Desk|24 Hour Front Desk|Internet Access Free|Newspapers In Lobby|Room Service (24 Hours)|Parking Facility|Internet Access|Room Service|Fire Safety|CCTV|First-Aid Kit at Front Desk|Full Time Operation for All 7 Days,Coffee Tranquil Homestay
Coorg,The standard check-in time is 02:00 PM and the standard check-out time is 10:00 AM. Early check-in or late check-out is strictly subjected to availability and may be chargeable by the hotel. Any early check-in or late check-out request must be directed and reconfirmed with hotel directly If Cancelled Before 31 days it will be Full Refund        If cancelled from 31 days to 15 Days it will be 50% Refund If cancelled from 14 days to day of arrival or No Show it will be NO Refund,Swimming Pool|Games Zone|Health Club / Gym Facility Available|Internet Access - Surcharge|Laundry Service Available|Parking Facilities Available|Multi Cuisine Restaurant |Local Tour / Travel Desk|Major Credit Cards Accepted,Club Mahindra madikeri Coorg
Chennai,The standard check-in time is 01:00 AM and the standard check-out time is 11:45 PM. Early check-in or late check-out is strictly subjected to availability and may be chargeable by the hotel. Any early check-in or late check-out request must be directed and reconfirmed with hotel directly,24 Hour Front Desk|Luggage Storage|Newspapers In Lobby|Room Service,Day Dream Hotelz
Una,The standard check-in time is 12:00 PM and the standard check-out time is 12:00 PM. Early check-in or late check-out is strictly subjected to availability and may be chargeable by the hotel. Any early check-in or late check-out request must be directed and reconfirmed with hotel directly Valid ID proof is required at the time of check in for all guests.,Laundry Service Available|Parking Facilities Available|Front Desk|Power Backup|Food Facility|Room Service|Porter Services Available|Public Restrooms,Deluxe Home Stay Gagret
Ghaziabad,The standard check-in time is 12:00 PM and the standard check-out time is 12:00 PM. Early check-in or late check-out is strictly subjected to availability and may be chargeable by the hotel. Any early check-in or late check-out request must be directed and reconfirmed with hotel directly Hotel may charge compulsory gala dinner supplement on Christmas / New Year's eve or other festive periods. Any such supplements need to be paid directly at the hotel. Local ID is not allowed to some Government Order.,Bar / Lounge |Concierge|Currency Exchange|Doctor on Call|Dry Cleaning|Health Club / Gym Facility Available|Laundry Service Available|Lift / Elevator|Parking Facilities Available|Front Desk|Multi Cuisine Restaurant |Locker Facility|Local Tour / Travel Desk|Major Credit Cards Accepted|24 Hour Front Desk|Luggage Storage|Air-Conditioning - Central|Power Backup|Express Check-In / Check-Out|Multi Lingual Staff|Porter / Bellhop|Coffee Shop / Cafe|Conference Facility |Smoking Rooms|Smoking Area |Room Service (24 Hours)|Parking Facility|Smoke Detector,Clarks Inn Suites
pachmarhi,The standard check-in time is 12:00 PM and the standard check-out time is 12:00 PM. Early check-in or late check-out is strictly subjected to availability and may be chargeable by the hotel. Any early check-in or late check-out request must be directed and reconfirmed with hotel directly,,Dev Daru Bangalow
Gurgaon,"The standard check-in time is 02:00 PM and the standard check-out time is 12:00 PM. Early check-in or late check-out is strictly subjected to availability and may be chargeable by the hotel. Any early check-in or late check-out request must be directed and reconfirmed with hotel directly 2 pieces Ironing per night. It is compulsory to give the Aadhar card or Driving license or Passport or Election card as a valid proof. PAN Card will NOT be considered as valid identity proof. Cancel before 48 hours in order to avoid any retention charges. If cancelled within 48 hours, 1 night retention to be charged. No refunds would be made against any No Shows. Extra Child (5-12 years without bed) wiil be chargeble.  Extra Child (below 5 years) will be Complimentary","Airport Transfer Available / Surcharge|Banquet Facilities|Bar / Lounge |Business Center |Concierge|Currency Exchange|Disabled Friendly Facilities |Doctor on Call|Dry Cleaning|Gift Shop |Health Club / Gym Facility Available|Internet Access - Surcharge|Laundry Service Available|Lift / Elevator|Non Smoking Rooms|Parking Facilities Available|Front Desk|Multi Cuisine Restaurant |Local Tour / Travel Desk|Valet service|24 Hour Front Desk|Medical Assistance Available|Air-Conditioning - Central|Welcome Drinks|Power Backup|Multi Lingual Staff|Wake-up Call / Service|Fitness Equipment|Suitable For Children|Coffee Shop / Cafe|Conference Facility |Smoking Rooms|Electronic / Magnetic Keys|Wheelchair Accessibility - Room|Pick Up and Drop (Rly Station, Bus Stand, Temple)|Smoking Area |Vegetarian Food / Jain Food Available|Extra Person / Child - Share the same room|Car Rental|Taxi Services|Board Room|Newspapers In Lobby|Room Service (24 Hours)|STD / ISD",Citrus Hotels Gurgaon Central
Bahadurgarh,"The standard check-in time is 02:00 PM and the standard check-out time is 12:00 PM. Early check-in or late check-out is strictly subjected to availability and may be chargeable by the hotel. Any early check-in or late check-out request must be directed and reconfirmed with hotel directly Booking rates will not be valid for Christmas and New year dates, High season and long weekend dates extra supplement will be charged over and above the paid rates as per actual and hotel discretion.",Doctor on Call|Parking Facilities Available|Local Tour / Travel Desk|Medical Assistance Available|Parking Facility,Deep Hotel
Alleppey,The standard check-in time is 12:00 PM and the standard check-out time is 12:00 PM. Early check-in or late check-out is strictly subjected to availability and may be chargeable by the hotel. Any early check-in or late check-out request must be directed and reconfirmed with hotel directly We do not allow unmarried / unrelated couples to checkin. This is at full discretion of the hotel management. No refund would be applicable in case the checkin is denied under such circumstances),Doctor on Call|Lobby|Non Smoking Rooms|Front Desk|Extra Person / Child - Share the same room|Family Room|Room Service (24 Hours)|Adjoining Rooms|RO Water Purification System|Room Service|Fire Safety|Fire Exit Signs|First-Aid Kit at Front Desk,Clove Spice Routes Luxury Cruise
Srinagar,"The standard check-in time is 12:00 PM and the standard check-out time is 12:00 PM. Early check-in or late check-out is strictly subjected to availability and may be chargeable by the hotel. Any early check-in or late check-out request must be directed and reconfirmed with hotel directly Booking rates will not be valid for Christmas and New year dates, High season and long weekend dates  extra supplement will be charged over and above the paid rates as per actual and hotel discretion.",Doctor on Call|Front Desk|Parking Facility|Room Service,Dalgoma Houseboat
Munnar,The standard check-in time is 12:00 PM and the standard check-out time is 12:00 PM. Early check-in or late check-out is strictly subjected to availability and may be chargeable by the hotel. Any early check-in or late check-out request must be directed and reconfirmed with hotel directly 1.Mandatory Christmas Eve Dinner Supplement Charges on 24th Dec at Rs.2000 per person (pay at check in) 2.Mandatory New Year Eve Dinner Supplement Charges on 31st Dec sat Rs.2500 per person (pay at check in),Airport Transfer Available / Surcharge|Banquet Facilities|Business Center |Doctor on Call|Internet Access - Surcharge|Lift / Elevator|Lobby|Non Smoking Rooms|Parking Facilities Available|Front Desk|Multi Cuisine Restaurant |Locker Facility|Power Backup|Conference Facility |Internet Access Free|Parking Facility|Room Service,Clouds Valley Leisure Hotel
Ernakulam,The standard check-in time is 12:00 PM and the standard check-out time is 12:00 PM. Early check-in or late check-out is strictly subjected to availability and may be chargeable by the hotel. Any early check-in or late check-out request must be directed and reconfirmed with hotel directly Valid ID proof is required at the time of check in for all guests.,Doctor on Call|Parking Facilities Available|Outdoor Parking - Secured|Parking Facility|Public Restrooms,Cochin City Residency
Wayanad,"The standard check-in time is 12:00 PM and the standard check-out time is 12:00 PM. Early check-in or late check-out is strictly subjected to availability and may be chargeable by the hotel. Any early check-in or late check-out request must be directed and reconfirmed with hotel directly Booking rates will not be valid for Christmas and New year dates, High season and long weekend dates  extra supplement will be charged over and above the paid rates as per actual and hotel discretion.",Doctor on Call|Parking Facilities Available|Front Desk|Medical Assistance Available,D'SILVA COTTAGES
Manali,The standard check-in time is 12:00 PM and the standard check-out time is 10:00 AM. Early check-in or late check-out is strictly subjected to availability and may be chargeable by the hotel. Any early check-in or late check-out request must be directed and reconfirmed with hotel directly we respects the privacy of all its customer and business partners. Arrival and Departure policy as below :-  Check in 1200 and Check out 1100 Hours  Early in Check and Late Check out Subjected to availability.,"Airport Transfer Available / Surcharge|Babysitting/ Child Care (surcharge)|Barbecue Area|Beauty Salon - on charge|Currency Exchange|Doctor on Call|Dry Cleaning|Gift Shop |Internet Access - Surcharge|Laundry Service Available|Library|Lobby|Non Smoking Rooms|Parking Facilities Available|Front Desk|Locker Facility|Non Smoking Hotel|Local Tour / Travel Desk|Major Credit Cards Accepted|24 Hour Front Desk|Luggage Storage|Medical Assistance Available|Welcome Drinks|Power Backup|Gardens|Audio - Visual Equipment|Computer Rental|Wedding Services Facility|Translation Services|Multi Lingual Staff|Exhibit Space|Wake-up Call / Service|Suitable For Children|Separate Sitting Area|Coffee Shop / Cafe|Conference Facility |Smoking Rooms|Access Via Exterior Corridors|ATM / Banking|Fax Machine|Kitchen available (home cook food on request)|Multi - Line Phone|Fire Place Available |Free Local Calls|Picnic Area|Cell Phone Rental|Massage Services |Pick Up and Drop (Rly Station, Bus Stand, Temple)|Skiing Facility Available|Nature Walk|Smoking Area |Veranda|Open Air Restaurant / Dining | Bike on Rent|Veg / Non Veg Kitchens Separate |Horse Ride ( Chargeable ) |Shopping Drop Facility (on fixed timings)|In House Events |Vegetarian Food / Jain Food Available|Extra Person / Child - Share the same room|Village Visit ( Chargeable )|Car Rental|Express Laundry|Kids Play Zone|Oxygen Cylinder (on request)|Meditation Room|Water Dispenser Available|Self Check - In|Taxi Services|Board Room|Campfire / Bon Fire|Food Facility| Drivers Rest Room|Newspapers In Lobby|Yoga Hall / Classes|Children's Park|Postal / Parcel Services|Family Room|Room Service (24 Hours)| Cook Services|Air / Rail Booking|STD / ISD|Baggage Room|Courier Service|Guide / Sightseeing Service|Laptop Available on Hire|Internet / Fax (Reception area only)|Adjoining Rooms|Outdoor Parking - Secured|Outdoor Parking - Non Secured|Parking Facility|Internet Access|Restaurant|Room Service|Fishing|Ayurvedic Facilities |Trekking|Fire Safety|CCTV|Fire Exit Signs|First-Aid Kit at Front Desk|Flower Shop|Full Time Operation for All 7 Days|Paid Transfers|Public Restrooms|Speciality Restaurant |Stamps and Mailing Facility|Suites",Country Cottage Manali
Golaghat,The standard check-in time is 12:00 PM and the standard check-out time is 12:00 PM. Early check-in or late check-out is strictly subjected to availability and may be chargeable by the hotel. Any early check-in or late check-out request must be directed and reconfirmed with hotel directly We do not allow unmarried,Doctor on Call|Parking Facilities Available|Room Service|Public Restrooms,DEUTA'S COTTAGE
Bangalore,"The standard check-in time is 12:00 PM and the standard check-out time is 12:00 PM. Early check-in or late check-out is strictly subjected to availability and may be chargeable by the hotel. Any early check-in or late check-out request must be directed and reconfirmed with hotel directly As per the Government directives it is Mandatory for all the guest to show their ID proof at the time of check in, PAN card will not be accepted as ID proof Pets are not allowed",Swimming Pool|Bar / Lounge |Business Center |Health Club / Gym Facility Available|Laundry Service Available|Lift / Elevator|Parking Facilities Available|Front Desk|Multi Cuisine Restaurant |Locker Facility|Power Backup|Room Service (24 Hours)|Outdoor Parking - Secured|Parking Facility|Room Service,"Country Inn &amp; Suites By Carlson, Bengaluru Hebbal"
Pune,The standard check-in time is 12:00 PM and the standard check-out time is 12:00 PM. Early check-in or late check-out is strictly subjected to availability and may be chargeable by the hotel. Any early check-in or late check-out request must be directed and reconfirmed with hotel directly we need id proof at the time of check in. unmarried couples not allowed,Currency Exchange|Doctor on Call|Laundry Service Available|Parking Facilities Available|Front Desk|Major Credit Cards Accepted|24 Hour Front Desk|Power Backup|Newspapers In Lobby|Room Service (24 Hours)|Parking Facility,Comfort Inn Service Apartment
Jaisalmer,"The standard check-in time is 03:00 PM and the standard check-out time is 10:00 AM. Early check-in or late check-out is strictly subjected to availability and may be chargeable by the hotel. Any early check-in or late check-out request must be directed and reconfirmed with hotel directly Hotel May Charge Dinner Supplement for Festive, Christmas and New Year Gala's Dinner charges that need to be paid while on Check-IN.",Concierge|Currency Exchange|Doctor on Call|Laundry Service Available|Front Desk|Local Tour / Travel Desk|Valet service|Welcome Drinks|Power Backup|Dance Performances (on demand)|Free Local Calls|Safari|Camel Ride| Bike on Rent|Vegetarian Food / Jain Food Available|Village Visit ( Chargeable )|Car Rental|Taxi Services|Campfire / Bon Fire| Drivers Rest Room|Guide / Sightseeing Service|Adjoining Rooms|Outdoor Parking - Secured|Restaurant|Recreation Zone,Desert Adventure Camp
Jaisalmer,The standard check-in time is 12:00 PM and the standard check-out time is 12:00 PM. Early check-in or late check-out is strictly subjected to availability and may be chargeable by the hotel. Any early check-in or late check-out request must be directed and reconfirmed with hotel directly Athithi Devo Bhava,"Swimming Pool|Airport Transfer Available / Surcharge|Ballroom|Banquet Facilities|Bar / Lounge |Barbecue Area|Beauty Salon - on charge|Billiards|Business Center |Currency Exchange|Disabled Friendly Facilities |Doctor on Call|Health Club / Gym Facility Available|Laundry Service Available|Lobby|Non Smoking Rooms|Parking Facilities Available|Front Desk|Multi Cuisine Restaurant |Locker Facility|Secretarial Services|Non Smoking Hotel|Spa On Site - Chargeable|Valet service|Major Credit Cards Accepted|24 Hour Front Desk|Luggage Storage|Doorman|Medical Assistance Available|Welcome Drinks|Power Backup|Gardens|Audio - Visual Equipment|Computer Rental|Wedding Services Facility|Exhibit Space|Wake-up Call / Service|Fitness Equipment|Porter / Bellhop|Suitable For Children|Separate Sitting Area|Conference Facility |Disabled Friendly Rooms|Fax Machine|Wheelchair Accessibility - Room|Pool Table|Massage Services |Poolside Bar|Safari|Pick Up and Drop (Rly Station, Bus Stand, Temple)|Nature Walk|Smoking Area |Camel Ride|Veranda|Open Air Restaurant / Dining |Transfers Available|Veg / Non Veg Kitchens Separate |In House Events |Vegetarian Food / Jain Food Available|Extra Person / Child - Share the same room|Car Rental|Express Laundry|Kids Play Zone|Oxygen Cylinder (on request)|Taxi Services|Board Room|City Shuttle Service|Campfire / Bon Fire| Drivers Rest Room|Internet Access Free|Newspapers In Lobby|Postal / Parcel Services|Family Room|Spa Services Nearby|Party hall|Air / Rail Booking|STD / ISD|Baggage Room|Courier Service|Guide / Sightseeing Service|Adjoining Rooms|RO Water Purification System|Outdoor Parking - Secured|Parking Facility",Desert Tulip Hotels and Resort
Bangalore,The standard check-in time is 12:00 PM and the standard check-out time is 12:00 PM. Early check-in or late check-out is strictly subjected to availability and may be chargeable by the hotel. Any early check-in or late check-out request must be directed and reconfirmed with hotel directly,Doctor on Call|Multi - Line Phone|STD / ISD,Dass Suites
Corbett,The standard check-in time is 12:00 PM and the standard check-out time is 10:00 AM. Early check-in or late check-out is strictly subjected to availability and may be chargeable by the hotel. Any early check-in or late check-out request must be directed and reconfirmed with hotel directly Hotel may charge compulsory gala dinner supplement on Christmas / New Year's eve or other festive periods. Any such supplements need to be paid directly at the hotel.,"Swimming Pool|Babysitting/ Child Care (surcharge)|Banquet Facilities|Billiards|Concierge|Currency Exchange|Games Zone|Gift Shop |Laundry Service Available|Parking Facilities Available|Front Desk|Multi Cuisine Restaurant |Locker Facility|Table Tennis|Local Tour / Travel Desk|24 Hour Front Desk|Luggage Storage|Power Backup|Gardens|Wake-up Call / Service|Suitable For Children|Separate Sitting Area|Coffee Shop / Cafe|Conference Facility |Kitchen available (home cook food on request)|Wheelchair Accessibility - Room|Pool Table|Massage Services |Safari|Pick Up and Drop (Rly Station, Bus Stand, Temple)|Nature Walk|Vegetarian Food / Jain Food Available|Village Visit ( Chargeable )|Car Rental|Kids Play Zone|City Shuttle Service|Campfire / Bon Fire| Drivers Rest Room|Newspapers In Lobby|Party hall|Air / Rail Booking|Baggage Room|Adjoining Rooms|RO Water Purification System|Outdoor Parking - Secured|Parking Facility",Corbett View Resort
Alleppey,"The standard check-in time is 12:00 PM and the standard check-out time is 12:00 PM. Early check-in or late check-out is strictly subjected to availability and may be chargeable by the hotel. Any early check-in or late check-out request must be directed and reconfirmed with hotel directly Booking rates will not be valid for Christmas and New year dates, High season and long weekend dates  extra supplement will be charged over and above the paid rates as per actual and hotel discretion.",Doctor on Call|Lobby|Parking Facilities Available|Front Desk|24 Hour Front Desk|Medical Assistance Available|Room Service (24 Hours)|RO Water Purification System|Outdoor Parking - Secured|Room Service|First-Aid Kit at Front Desk|Public Restrooms,CYRUS RESORTS
Ernakulam,"The standard check-in time is 12:00 PM and the standard check-out time is 12:00 PM. Early check-in or late check-out is strictly subjected to availability and may be chargeable by the hotel. Any early check-in or late check-out request must be directed and reconfirmed with hotel directly Booking rates will not be valid for Christmas  New year dates, High season  long weekend dates  extra supplement will be charged over above the paid rates as per actual  hotel discretion.",Doctor on Call|Parking Facilities Available|Front Desk|Locker Facility|24 Hour Front Desk|Luggage Storage|Doorman|Medical Assistance Available|Food Facility|Family Room|Baggage Room|Adjoining Rooms|Outdoor Parking - Secured|Parking Facility|Room Service|First-Aid Kit at Front Desk,DEVAA SERVICE APARTMENT
Coorg,The standard check-in time is 02:00 PM and the standard check-out time is 12:00 PM. Early check-in or late check-out is strictly subjected to availability and may be chargeable by the hotel. Any early check-in or late check-out request must be directed and reconfirmed with hotel directly We do not allow unmarried / unrelated couples to checkin. This is at full discretion of the hotel management. No refund would be applicable in case the checkin is denied under such circumstances,Doctor on Call|Non Smoking Rooms|Smoking Rooms|Extra Person / Child - Share the same room,Coorg Dreams
Kodaikanal,The standard check-in time is 12:00 PM and the standard check-out time is 12:00 PM. Early check-in or late check-out is strictly subjected to availability and may be chargeable by the hotel. Any early check-in or late check-out request must be directed and reconfirmed with hotel directly We do not allow unmarried / unrelated couples to checkin. This is at full discretion of the hotel management. No refund would be applicable in case the checkin is denied under such circumstances,Doctor on Call|Lobby|Parking Facilities Available|Front Desk|Local Tour / Travel Desk|24 Hour Front Desk|Doorman|Power Backup,DALETHORPE
Gurgaon,The standard check-in time is 12:00 PM and the standard check-out time is 12:00 PM. Early check-in or late check-out is strictly subjected to availability and may be chargeable by the hotel. Any early check-in or late check-out request must be directed and reconfirmed with hotel directly Hotel may charge compulsory gala dinner supplement on Christmas / New Year's eve or other festive periods. Any such supplements need to be paid directly at the hotel.,Doctor on Call|Laundry Service Available|Parking Facilities Available|Valet service|Power Backup|Taxi Services,Corporate Prime
Bangalore,The standard check-in time is 02:00 PM and the standard check-out time is 12:00 PM. Early check-in or late check-out is strictly subjected to availability and may be chargeable by the hotel. Any early check-in or late check-out request must be directed and reconfirmed with hotel directly We do not allow unmarried / unrelated couples to checkin. This is at full discretion of the hotel management. No refund would be applicable in case the checkin is denied under such circumstances 1.   not allowed unmarried couple 2.   not allowed local person 3.   not allowed room for drinking and gambling porpose. 4.   allow married couple if they show both i.d proof.,Concierge|Disabled Friendly Facilities |Doctor on Call|Dry Cleaning|Non Smoking Rooms|Parking Facilities Available|Smoking Rooms|Extra Person / Child - Share the same room|Outdoor Parking - Secured|Parking Facility|Room Service,CORPORATE STAY
Navi Mumbai,The standard check-in time is 12:00 PM and the standard check-out time is 12:00 PM. Early check-in or late check-out is strictly subjected to availability and may be chargeable by the hotel. Any early check-in or late check-out request must be directed and reconfirmed with hotel directly Hotel may charge compulsory gala dinner supplement on Christmas / New Year's eve or other festive periods. Any such supplements need to be paid directly at the hotel.Valid Id proof is required at the time of check in. Please carry a valid id proof at the time of check in.,Parking Facilities Available,Darshan lodge
Goa,The standard check-in time is 12:00 PM and the standard check-out time is 12:00 PM. Early check-in or late check-out is strictly subjected to availability and may be chargeable by the hotel. Any early check-in or late check-out request must be directed and reconfirmed with hotel directly,Lobby|Front Desk|Power Backup|RO Water Purification System,Costa de Goa
Lucknow,The standard check-in time is 12:00 PM and the standard check-out time is 12:00 PM. Early check-in or late check-out is strictly subjected to availability and may be chargeable by the hotel. Any early check-in or late check-out request must be directed and reconfirmed with hotel directly  We do not allow unmarried / unrelated couples to checkin. This is at full discretion of the hotel management. No refund would be applicable in case the checkin is denied under such circumstances,Internet Access - Surcharge|Laundry Service Available|Parking Facilities Available|Front Desk|Power Backup|Newspapers In Lobby|Room Service (24 Hours)|Outdoor Parking - Secured|Parking Facility|Public Restrooms|Suites,DEPARKINN
Goa,The standard check-in time is 02:00 PM and the standard check-out time is 12:00 PM. Early check-in or late check-out is strictly subjected to availability and may be chargeable by the hotel. Any early check-in or late check-out request must be directed and reconfirmed with hotel directly It is mandatory to Produce Govt. Photo ID at the time of check-in. Check in will be denied in case no ID is produced.,"Swimming Pool|Airport Transfer Available / Surcharge|Doctor on Call|Health Club / Gym Facility Available|Laundry Service Available|Kitchen available (home cook food on request)|Pick Up and Drop (Rly Station, Bus Stand, Temple)|Food Facility|Internet / Fax (Reception area only)|Outdoor Parking - Secured",Costa Del Sol
Goa,"The standard check-in time is 02:00 PM and the standard check-out time is 12:00 PM. Early check-in or late check-out is strictly subjected to availability and may be chargeable by the hotel. Any early check-in or late check-out request must be directed and reconfirmed with hotel directly Rates For 31st December 2014 ( Mandatory Gala Dinner ) COUPLE ENTRY @ INR 10,000 Inclusive of taxes with Premium Entry to Deltin Royale COUPLE ENTRY @ NR 15,000 Inclusive of taxes with 8000 One Time Play Chips and Entry to Deltin Royale. Children from 06 - 13 yrs @ INR 1000 ( Inclusive of Taxes ) and Children from 14  to 17 yrs @ INR 2000 ( Inclusive of Taxes ). Subject availability of space in kids room. Gala dinner directly payable at the hotel","Swimming Pool|Bar / Lounge |Currency Exchange|Health Club / Gym Facility Available|Internet Access - Surcharge|Parking Facilities Available|Multi Cuisine Restaurant |Locker Facility|Spa On Site - Chargeable|Local Tour / Travel Desk|Major Credit Cards Accepted|24 Hour Front Desk|Pick Up and Drop (Rly Station, Bus Stand, Temple)|Room Service (24 Hours)",Deltin Palms Riverfront
Coorg,"The standard check-in time is 12:00 PM and the standard check-out time is 12:00 PM. Early check-in or late check-out is strictly subjected to availability and may be chargeable by the hotel. Any early check-in or late check-out request must be directed and reconfirmed with hotel directly ALL GUESTS ARE REQUIRED TO PRESENT PROPER PHOTO IDENTIFICATION UPON CHECK IN. The identity proof would include a valid Driving license/voter identity card/PAN card, etc. Valid Passport mandatory for all Foreign guests. Hotel is not allow unmarried / unrelated couples to check-in. This is at full discretion of the hotel management. No refund would be applicable in case the hotel denies check-in under such circumstances.",Doctor on Call|Laundry Service Available|Non Smoking Rooms|Parking Facilities Available|Locker Facility|Luggage Storage|Medical Assistance Available|Welcome Drinks|Power Backup|Multi Lingual Staff|Wake-up Call / Service|Smoking Rooms|Kitchen available (home cook food on request)|Nature Walk|Smoking Area |Vegetarian Food / Jain Food Available|Taxi Services|Food Facility|Baggage Room|Room Service|First-Aid Kit at Front Desk,Coorg River Side Homestay
Gurgaon,The standard check-in time is 12:00 PM and the standard check-out time is 10:00 AM. Early check-in or late check-out is strictly subjected to availability and may be chargeable by the hotel. Any early check-in or late check-out request must be directed and reconfirmed with hotel directly - Please note that we are a BnB - Check in : 12 noon - Check out : 10 am - Fixed meal timings - Each room has a smoking space/area available - Outside guests not allowed in the room - room service (Special Case).,Airport Transfer Available / Surcharge|Doctor on Call|Dry Cleaning|Internet Access - Surcharge|Laundry Service Available|Library|Lobby|Parking Facilities Available|Non Smoking Hotel|Major Credit Cards Accepted|Luggage Storage|Medical Assistance Available|Power Backup|Gardens|Wake-up Call / Service|Smoking Rooms|Vegetarian Food / Jain Food Available|Extra Person / Child - Share the same room|Express Laundry|Newspapers In Lobby|Postal / Parcel Services|STD / ISD|Outdoor Parking - Secured|Parking Facility,"Cinnamon Homestay, Off Sohna Road"
Kumarakom,The standard check-in time is 01:00 PM and the standard check-out time is 11:00 AM. Early check-in or late check-out is strictly subjected to availability and may be chargeable by the hotel. Any early check-in or late check-out request must be directed and reconfirmed with hotel directly Hotel may charge compulsory gala dinner supplement on Christmas / New Year's eve or other festive periods. Any such supplements need to be paid directly at the hotel.,Swimming Pool|Bar / Lounge |Billiards|Business Center |Concierge|Doctor on Call|Dry Cleaning|Health Club / Gym Facility Available|Internet Access - Surcharge|Parking Facilities Available|Front Desk|Multi Cuisine Restaurant |Locker Facility|Table Tennis|Local Tour / Travel Desk|Valet service|Major Credit Cards Accepted|24 Hour Front Desk|Medical Assistance Available|Welcome Drinks|Power Backup|Fitness Equipment|Conference Facility |Fax Machine|Pool Table|Massage Services |Open Air Restaurant / Dining |Vegetarian Food / Jain Food Available|Car Rental|Internet Access Free|Newspapers In Lobby|Outdoor Parking - Secured|Parking Facility|Restaurant|Room Service|Fishing|Full Time Operation for All 7 Days|Suites,Cocobay Resort
Naukuchiatal,"The standard check-in time is 02:00 PM and the standard check-out time is 10:00 AM. Early check-in or late check-out is strictly subjected to availability and may be chargeable by the hotel. Any early check-in or late check-out request must be directed and reconfirmed with hotel directly As per the Government directives it is Mandatory for all the guest Foreign Nationals , NRI and Indian National to show their Photo ID proof at the time of Check-In which can be in form of Passport and Visa Copy, Driving License, PAN Card , Voter ID Card , failing which the hotel reserves the right of refusal. In case of Foreign National and NRI passport and VISA is required.",Doctor on Call|Games Zone|Laundry Service Available|Lobby|Parking Facilities Available|Front Desk|Multi Cuisine Restaurant |Locker Facility|Table Tennis|Tennis Court|Local Tour / Travel Desk|Major Credit Cards Accepted|24 Hour Front Desk|Medical Assistance Available|Power Backup|Wake-up Call / Service|Pool Table|Nature Walk|Taxi Services|Food Facility|Newspapers In Lobby|Parking Facility|Room Service,Club Mahindra Naukuchiatal
Coimbatore,The standard check-in time is 12:00 PM and the standard check-out time is 12:00 PM. Early check-in or late check-out is strictly subjected to availability and may be chargeable by the hotel. Any early check-in or late check-out request must be directed and reconfirmed with hotel directly The management reserves the  RIGHTS OF ADMISSION of the person to the apartments and request any guest or visitor to quit the premises at any time if found necessary without assigning any reason what so ever. The guest should have valid Photo id card,Airport Transfer Available / Surcharge|Banquet Facilities|Doctor on Call|Internet Access - Surcharge|Laundry Service Available|Lift / Elevator|Parking Facilities Available|Front Desk|Multi Cuisine Restaurant |Local Tour / Travel Desk|Major Credit Cards Accepted|24 Hour Front Desk|Power Backup|Catering|Translation Services|Wake-up Call / Service|Porter / Bellhop|Separate Sitting Area|Conference Facility |ATM / Banking|Car Rental|Water Dispenser Available|Taxi Services|Newspapers In Lobby|Family Room|Room Service (24 Hours)|Party hall|Baggage Room|Outdoor Parking - Secured|Parking Facility,Deja vu Tranzs
Malwan,The standard check-in time is 12:00 PM and the standard check-out time is 12:00 PM. Early check-in or late check-out is strictly subjected to availability and may be chargeable by the hotel. Any early check-in or late check-out request must be directed and reconfirmed with hotel directly We do not allow unmarried / unrelated couples to checkin. This is at full discretion of the hotel management. No refund would be applicable in case the checkin is denied under such circumstances,Doctor on Call|Medical Assistance Available|Power Backup|Wake-up Call / Service|Parking Facility|Internet Access|Room Service,Coconut garden beach house
Mandawa,The standard check-in time is 02:00 PM and the standard check-out time is 12:00 PM. Early check-in or late check-out is strictly subjected to availability and may be chargeable by the hotel. Any early check-in or late check-out request must be directed and reconfirmed with hotel directly Valid ID proof is required at the time of check in for all guests. Locals and unmarried couples are not allowed ( 30 KM area radius from hotel  take as a local area.,Doctor on Call|Parking Facilities Available|Outdoor Parking - Secured|Parking Facility|Public Restrooms,"Desert nights, Churi Ajitgarh"
Jamshedpur,The standard check-in time is 12:00 PM and the standard check-out time is 12:00 PM. Early check-in or late check-out is strictly subjected to availability and may be chargeable by the hotel. Any early check-in or late check-out request must be directed and reconfirmed with hotel directly We do not allow unmarried / unrelated couples to checkin. This is at full discretion of the hotel management. No refund would be applicable in case the checkin is denied under such circumstances,Doctor on Call|Parking Facility|Room Service,Crystal Guest House
Goa,The standard check-in time is 12:00 PM and the standard check-out time is 10:00 AM. Early check-in or late check-out is strictly subjected to availability and may be chargeable by the hotel. Any early check-in or late check-out request must be directed and reconfirmed with hotel directly,Airport Transfer Available / Surcharge|Babysitting/ Child Care (surcharge)|Bar / Lounge |Doctor on Call|Parking Facilities Available|Front Desk|Multi Cuisine Restaurant |Local Tour / Travel Desk|24 Hour Front Desk|Wake-up Call / Service|Massage Services | Bike on Rent|Extra Person / Child - Share the same room|Newspapers In Lobby|Room Service (24 Hours),Cuba Beach Huts
Bhuj,The standard check-in time is 11:00 AM and the standard check-out time is 11:00 AM. Early check-in or late check-out is strictly subjected to availability and may be chargeable by the hotel. Any early check-in or late check-out request must be directed and reconfirmed with hotel directly,Swimming Pool|Bar / Lounge |Internet Access - Surcharge|Laundry Service Available|Parking Facilities Available|Front Desk|Multi Cuisine Restaurant |24 Hour Front Desk|Gardens|Coffee Shop / Cafe|Veranda|Open Air Restaurant / Dining |Veg / Non Veg Kitchens Separate |Vegetarian Food / Jain Food Available|Car Rental|Food Facility|Room Service (24 Hours)|Air / Rail Booking|Guide / Sightseeing Service|Outdoor Parking - Secured|Parking Facility|Restaurant|Room Service,City The Village Resort &amp; Hotel
Bangalore,The standard check-in time is 12:00 PM and the standard check-out time is 12:00 PM. Early check-in or late check-out is strictly subjected to availability and may be chargeable by the hotel. Any early check-in or late check-out request must be directed and reconfirmed with hotel directly Hotel may charge compulsory gala dinner supplement on Christmas / New Year's eve or other festive periods. Any such supplements need to be paid directly at the hotel,Doctor on Call|Laundry Service Available|Library|Parking Facilities Available|Non Smoking Hotel|24 Hour Front Desk|Air-Conditioning - Central|Power Backup|Family Room,Deep Guest House
Hyderabad,The standard check-in time is 12:00 PM and the standard check-out time is 12:00 PM. Early check-in or late check-out is strictly subjected to availability and may be chargeable by the hotel. Any early check-in or late check-out request must be directed and reconfirmed with hotel directly  We do not allow unmarried / unrelated couples to checkin. This is at full discretion of the hotel management. No refund would be applicable in case the checkin is denied under such circumstances,,D Lake View Resort
Goa,"The standard check-in time is 02:00 PM and the standard check-out time is 12:00 PM. Early check-in or late check-out is strictly subjected to availability and may be chargeable by the hotel. Any early check-in or late check-out request must be directed and reconfirmed with hotel directly No Show - No Refund  cancellation Policy for December / January - Non Refundable and Non Cancelable Mandatory Gala Dinner on 24 Dec Charges Rs.2499 Per Person, directly payable at hotel (Limited Pouring Brand ) Mandatory Gala Dinner on 24 Dec Charges Rs.1999 Per Child (6-12 Years), directly payable at hotel Mandatory Gala Dinner on 31 Dec Charges Rs.3499 Per Person, directly payable at hotel ( Unlimited  Indian Pouring Brand) Mandatory Gala Dinner on 31 Dec Charges Rs.2499 Per Child (6-12 Years), directly payable at hotel. Mandatory Gala Dinner on 14 Feb Charges Rs.1499 Per Person, directly payable at hotel Mandatory Gala Dinner on 14 Feb Charges Rs.999 Per Child(6-12 Years), directly payable at hotel",Swimming Pool|Airport Transfer Available / Surcharge|Bar / Lounge |Doctor on Call|Laundry Service Available|Lift / Elevator|Parking Facilities Available|Front Desk|Multi Cuisine Restaurant |Room Service (24 Hours),Cygnett Inn Celestiial
Hyderabad,The standard check-in time is 12:00 PM and the standard check-out time is 12:00 PM. Early check-in or late check-out is strictly subjected to availability and may be chargeable by the hotel. Any early check-in or late check-out request must be directed and reconfirmed with hotel directly   *   It is mandatory for guests to present valid photo identification at the time of check-in.   *   The primary guest checking in to the hotel must be at least 21 years of age.   *   The hotel reserves the right of admission. Accommodation can be denied to guests posing as a couple if suitable proof of identification is not presented at check-in.   *   The hotel reserves the right of admission for local residents. Accommodation can be denied to guests residing in the same city.   *   Local ID proof will not be valid.,"Airport Transfer Available / Surcharge|Banquet Facilities|Concierge|Doctor on Call|Dry Cleaning|Internet Access - Surcharge|Laundry Service Available|Lift / Elevator|Lobby|Non Smoking Rooms|Parking Facilities Available|Pets Allowed|Front Desk|Local Tour / Travel Desk|24 Hour Front Desk|Suitable For Children|Pick Up and Drop (Rly Station, Bus Stand, Temple)|Veranda|Extra Person / Child - Share the same room|Water Dispenser Available|Taxi Services|Newspapers In Lobby|Room Service (24 Hours)| Cook Services|Courier Service|Internet / Fax (Reception area only)|Parking Facility",Classic Homes Guest House
Goa,The standard check-in time is 02:00 PM and the standard check-out time is 12:00 PM. Early check-in or late check-out is strictly subjected to availability and may be chargeable by the hotel. Any early check-in or late check-out request must be directed and reconfirmed with hotel directly Breakfast buffet timings  07:30 am to 11:30 am,Swimming Pool|Bar / Lounge |Health Club / Gym Facility Available|Laundry Service Available|Parking Facilities Available|24 Hour Front Desk|Express Check-In / Check-Out|Coffee Shop / Cafe|Room Service (24 Hours)|Parking Facility|Internet Access|Restaurant,Citrus Hotel Goa
Pune,The standard check-in time is 12:00 PM and the standard check-out time is 12:00 PM. Early check-in or late check-out is strictly subjected to availability and may be chargeable by the hotel. Any early check-in or late check-out request must be directed and reconfirmed with hotel directly Need ID proof at the time of check in.,,"Deccan Pavilion, Katraj"
Goa,The standard check-in time is 02:00 PM and the standard check-out time is 10:00 AM. Early check-in or late check-out is strictly subjected to availability and may be chargeable by the hotel. Any early check-in or late check-out request must be directed and reconfirmed with hotel directly,Swimming Pool|Airport Transfer Available / Surcharge|Bar / Lounge |Beauty Salon - on charge|Currency Exchange|Doctor on Call|Games Zone|Gift Shop |Health Club / Gym Facility Available|Internet Access - Surcharge|Laundry Service Available|Parking Facilities Available|Spa On Site - Chargeable|Local Tour / Travel Desk|Major Credit Cards Accepted|24 Hour Front Desk|Luggage Storage|Conference Facility |ATM / Banking,"Club Mahindra Emerald Palms, Goa"
Coorg,The standard check-in time is 12:00 PM and the standard check-out time is 12:00 PM. Early check-in or late check-out is strictly subjected to availability and may be chargeable by the hotel. Any early check-in or late check-out request must be directed and reconfirmed with hotel directly,Doctor on Call|Medical Assistance Available|Parking Facility,Coffee cup homestay
Amritsar,"The standard check-in time is 12:00 PM and the standard check-out time is 10:00 AM. Early check-in or late check-out is strictly subjected to availability and may be chargeable by the hotel. Any early check-in or late check-out request must be directed and reconfirmed with hotel directly In the unfortunate circumstance of the room not being available at your check-in time due to operational or any other reason which is beyond the control of the hotels management, the hotel shall provide a room in a similar category of hotel. Hotel may charge compulsory gala dinner supplement on Christmas/New Year's eve. Any such supplements need to be paid directly at the hotel. Charges as given below -  25th Dec 2015 : Adult : Rs,2000/- per person plus 18% taxes Child ( 5-12 yrs ): Rs,1200/- per child plus 18% taxes 31st Dec 2015 : Adult : Rs,2000/- per person plus 18% taxes Child ( 5-12 yrs ): Rs,1200/- per child plus 18% taxes",Airport Transfer Available / Surcharge|Ballroom|Banquet Facilities|Bar / Lounge |Barbecue Area|Business Center |Concierge|Currency Exchange|Disabled Friendly Facilities |Doctor on Call|Dry Cleaning|Internet Access - Surcharge|Laundry Service Available|Library|Lift / Elevator|Lobby|Non Smoking Rooms|Parking Facilities Available|Front Desk|Multi Cuisine Restaurant |Spa On Site - Chargeable|Local Tour / Travel Desk|Conference Facility |Room Service,Country Inn - Amritsar
Bikaner,The standard check-in time is 12:00 PM and the standard check-out time is 12:00 PM. Early check-in or late check-out is strictly subjected to availability and may be chargeable by the hotel. Any early check-in or late check-out request must be directed and reconfirmed with hotel directly Hotel may charge gala dinner supplement on Christmas/New Years eve or other festive periods. Which needs to be paid directly at the hotel.As per the govt. guidelines valid govt. issued id proofs are required to be presented at the Time of C/in.,Laundry Service Available|Parking Facilities Available|Front Desk|Multi Cuisine Restaurant |Locker Facility|Power Backup|Conference Facility |Room Service (24 Hours)|Outdoor Parking - Secured|Parking Facility|Internet Access|Room Service|Porter Services Available|Public Restrooms|Suites,Desert Winds
Corbett,The standard check-in time is 12:00 PM and the standard check-out time is 12:00 PM. Early check-in or late check-out is strictly subjected to availability and may be chargeable by the hotel. Any early check-in or late check-out request must be directed and reconfirmed with hotel directly Hotel may charge compulsory gala dinner supplement on Christmas / New Year's eve or other festive periods. Any such supplements need to be paid directly at the hotel.,Doctor on Call|Laundry Service Available|Lobby|Front Desk|Local Tour / Travel Desk|Major Credit Cards Accepted|24 Hour Front Desk|Power Backup,Corbett Rosewood Resort
Dharmsala,The standard check-in time is 12:00 PM and the standard check-out time is 12:00 PM. Early check-in or late check-out is strictly subjected to availability and may be chargeable by the hotel. Any early check-in or late check-out request must be directed and reconfirmed with hotel directly We do not allow unmarried / unrelated couples to checkin. This is at full discretion of the hotel management. No refund would be applicable in case the checkin is denied under such circumstances.,Doctor on Call|Parking Facilities Available|Front Desk|Room Service,Colonels Cozy Corner Home Stay
Gangtok,The standard check-in time is 12:00 PM and the standard check-out time is 12:00 PM. Early check-in or late check-out is strictly subjected to availability and may be chargeable by the hotel. Any early check-in or late check-out request must be directed and reconfirmed with hotel directly Hotel may charge compulsory gala dinner supplement on Christmas / New Year's eve or other festive periods. Any such supplements need to be paid directly at the hotel.,Doctor on Call|Internet Access - Surcharge|Laundry Service Available|Lobby|Front Desk|Multi Cuisine Restaurant |Local Tour / Travel Desk|Welcome Drinks|Power Backup|Coffee Shop / Cafe|Transfers Available|Shopping Drop Facility (on fixed timings)|Village Visit ( Chargeable )|Car Rental|Food Facility|Internet Access Free|Newspapers In Lobby|Family Room|Room Service (24 Hours)|Internet Access|Room Service|Paid Transfers,Delight Hotels Sernya
Ooty,"The standard check-in time is 01:00 PM and the standard check-out time is 11:00 AM. Early check-in or late check-out is strictly subjected to availability and may be chargeable by the hotel. Any early check-in or late check-out request must be directed and reconfirmed with hotel directly Extra beds are dependent on the room you choose, please check the individual room policy for more details. Guests over 8 years old are considered as adults. Hotel will Charge Supplement Charges for Special Seasons and Event Days - If any Charges to be Payable at the hotel Directly.",Airport Transfer Available / Surcharge|Doctor on Call|Front Desk|Local Tour / Travel Desk|Major Credit Cards Accepted|Medical Assistance Available|Multi Lingual Staff|Wake-up Call / Service|Taxi Services|Food Facility|Newspapers In Lobby|Guide / Sightseeing Service|Room Service,Cliff GK Residency
Ernakulam,The standard check-in time is 12:00 PM and the standard check-out time is 12:00 PM. Early check-in or late check-out is strictly subjected to availability and may be chargeable by the hotel. Any early check-in or late check-out request must be directed and reconfirmed with hotel directly We do not allow unmarried / unrelated couples to checkin. This is at full discretion of the hotel management. No refund would be applicable in case the checkin is denied under such circumstances,Doctor on Call|Lobby|Front Desk|Local Tour / Travel Desk|24 Hour Front Desk|Air-Conditioning - Central|Power Backup|Parking Facility|First-Aid Kit at Front Desk,DALIYA HOMESTAY
Bangalore,The standard check-in time is 12:00 PM and the standard check-out time is 12:00 PM. Early check-in or late check-out is strictly subjected to availability and may be chargeable by the hotel. Any early check-in or late check-out request must be directed and reconfirmed with hotel directly We do not allow unmarried / unrelated couples to checkin. This is at full discretion of the hotel management. No refund would be applicable in case the checkin is denied under such circumstances,Airport Transfer Available / Surcharge|Babysitting/ Child Care (surcharge)|Business Center |Concierge|Currency Exchange|Disabled Friendly Facilities |Doctor on Call|Dry Cleaning|Internet Access - Surcharge|Laundry Service Available|Lift / Elevator|Parking Facilities Available|Front Desk|Locker Facility|24 Hour Front Desk|Medical Assistance Available|Power Backup|Newspapers In Lobby|Room Service,Deva Residency
Port Blair,The standard check-in time is 08:00 AM and the standard check-out time is 08:00 AM. Early check-in or late check-out is strictly subjected to availability and may be chargeable by the hotel. Any early check-in or late check-out request must be directed and reconfirmed with hotel directly,Airport Transfer Available / Surcharge|Doctor on Call|Parking Facilities Available|Front Desk|Multi Cuisine Restaurant |Local Tour / Travel Desk|24 Hour Front Desk|Medical Assistance Available|Internet Access Free|Internet / Fax (Reception area only)|Parking Facility,De Meadows Resort
Varkala,The standard check-in time is 12:00 PM and the standard check-out time is 11:30 AM. Early check-in or late check-out is strictly subjected to availability and may be chargeable by the hotel. Any early check-in or late check-out request must be directed and reconfirmed with hotel directly Its your vacation.. Let it be a no-rule one.. We do not allow unmarried / unrelated couples to checkin.  This is at full discretion of the hotel management. No refund would be applicable in case the checkin is denied under such circumstances,Business Center |Laundry Service Available|Parking Facilities Available|Front Desk|Gardens|Transfers Available|Internet Access Free|Room Service (24 Hours)|Baggage Room|Adjoining Rooms|RO Water Purification System|Outdoor Parking - Secured|Parking Facility|Room Service|First-Aid Kit at Front Desk,Cliffgarden beach resort
Lonavala,The standard check-in time is 02:00 PM and the standard check-out time is 12:00 PM. Early check-in or late check-out is strictly subjected to availability and may be chargeable by the hotel. Any early check-in or late check-out request must be directed and reconfirmed with hotel directly We do not allow unmarried / unrelated couples to checkin. This is at full discretion of the hotel management. No refund would be applicable in case the checkin is denied under such circumstances,Airport Transfer Available / Surcharge|Babysitting/ Child Care (surcharge)|Banquet Facilities|Business Center |Concierge|Currency Exchange|Doctor on Call|Internet Access - Surcharge|Laundry Service Available|Library|Lift / Elevator|Lobby|Front Desk|Parking Facility|Room Service|Fire Safety|Fire Exit Signs|First-Aid Kit at Front Desk|Public Restrooms,Denaco Pearl Bungalow
Bangalore,The standard check-in time is 02:00 PM and the standard check-out time is 12:00 PM. Early check-in or late check-out is strictly subjected to availability and may be chargeable by the hotel. Any early check-in or late check-out request must be directed and reconfirmed with hotel directly Valid ID proof is required at the time of check in for all guests.,Swimming Pool|Business Center |Health Club / Gym Facility Available|Internet Access - Surcharge|Laundry Service Available|Lift / Elevator|Parking Facilities Available|Power Backup|Gardens|Internet Access Free|Room Service (24 Hours)|Outdoor Parking - Secured|Parking Facility|Room Service|Speciality Restaurant |Suites,DEEYASUITES
Manali,The standard check-in time is 12:00 PM and the standard check-out time is 10:00 AM. Early check-in or late check-out is strictly subjected to availability and may be chargeable by the hotel. Any early check-in or late check-out request must be directed and reconfirmed with hotel directly Valid ID proof is required at the time of check in for all guests. Locals and unmarried couples are not allowed ( 30 KM area radius from hotel  take as a local area.,"Barbecue Area|Doctor on Call|Dry Cleaning|Internet Access - Surcharge|Laundry Service Available|Parking Facilities Available|Pets Allowed|Multi Cuisine Restaurant |Local Tour / Travel Desk|Hookah Lounge|Welcome Drinks|Gardens|Computer Rental|Dance Performances (on demand)|Kitchen available (home cook food on request)|Cell Phone Rental|Pick Up and Drop (Rly Station, Bus Stand, Temple)|Veranda|Open Air Restaurant / Dining |Transfers Available| Bike on Rent|Veg / Non Veg Kitchens Separate |Shopping Drop Facility (on fixed timings)|Vegetarian Food / Jain Food Available|Village Visit ( Chargeable )|Car Rental|Taxi Services|Amphitheatre|Karaoke |Campfire / Bon Fire|Food Facility|Internet Access Free| Cook Services|Air / Rail Booking|Baggage Room|Courier Service|Laptop Available on Hire|Outdoor Parking - Secured|Parking Facility|Internet Access|Restaurant|Room Service|Public Restrooms|Speciality Restaurant |Stamps and Mailing Facility",Cibori Gold
Goa,The standard check-in time is 12:00 PM and the standard check-out time is 10:00 AM. Early check-in or late check-out is strictly subjected to availability and may be chargeable by the hotel. Any early check-in or late check-out request must be directed and reconfirmed with hotel directly Hotel may charge compulsory gala dinner supplement on Christmas / New Year's eve or other festive periods. Any such supplements need to be paid directly at the hotel.,Swimming Pool|Bar / Lounge |Doctor on Call|Laundry Service Available|Parking Facilities Available|Front Desk|Multi Cuisine Restaurant |Table Tennis|Tennis Court|Local Tour / Travel Desk|Major Credit Cards Accepted|24 Hour Front Desk|Jacuzzi|Poolside Bar|Badminttion Court|Food Facility|Room Service (24 Hours)|Parking Facility,Colonia Jose Menino Resort
Coorg,"The standard check-in time is 11:00 PM and the standard check-out time is 11:00 PM. Early check-in or late check-out is strictly subjected to availability and may be chargeable by the hotel. Any early check-in or late check-out request must be directed and reconfirmed with hotel directly If You cancel your Hotel booking post 24 hours i.e. on and before 1 days of checkin, Cancellation charges will be 75% of booking amount",Basketball Court |Laundry Service Available|Parking Facilities Available|Power Backup|Gardens|Outdoor Parking - Secured|Parking Facility|Room Service,coorg o farm
Gurgaon,The standard check-in time is 12:00 PM and the standard check-out time is 12:00 PM. Early check-in or late check-out is strictly subjected to availability and may be chargeable by the hotel. Any early check-in or late check-out request must be directed and reconfirmed with hotel directly,Doctor on Call|Laundry Service Available|Lift / Elevator|Lobby|Parking Facilities Available|Front Desk|Multi Cuisine Restaurant |Locker Facility|Power Backup|Newspapers In Lobby|Room Service (24 Hours)|RO Water Purification System|Outdoor Parking - Secured|Parking Facility,CYBER INN
Alleppey,The standard check-in time is 12:00 PM and the standard check-out time is 09:00 AM. Early check-in or late check-out is strictly subjected to availability and may be chargeable by the hotel. Any early check-in or late check-out request must be directed and reconfirmed with hotel directly We do not allow unmarried / unrelated couples to checkin. This is at full discretion of the hotel management. No refund would be applicable in case the checkin is denied under such circumstances,Doctor on Call|Lobby|Front Desk|Local Tour / Travel Desk|24 Hour Front Desk,cruisewithchris
Goa,The standard check-in time is 12:00 PM and the standard check-out time is 10:00 AM. Early check-in or late check-out is strictly subjected to availability and may be chargeable by the hotel. Any early check-in or late check-out request must be directed and reconfirmed with hotel directly Hotel may charge compulsory gala dinner supplement on Christmas / New Year's eve or other festive periods. Any such supplements need to be paid directly at the hotel.,Doctor on Call|Front Desk|24 Hour Front Desk|Power Backup|Car Rental|RO Water Purification System,Cupid's Heaven Resort
Diveagar,The standard check-in time is 12:00 PM and the standard check-out time is 10:00 AM. Early check-in or late check-out is strictly subjected to availability and may be chargeable by the hotel. Any early check-in or late check-out request must be directed and reconfirmed with hotel directly Due to rainy season swimming pool is closed.,Doctor on Call|Games Zone|Lobby|Non Smoking Rooms|Parking Facilities Available|Pets Allowed|Front Desk|Multi Cuisine Restaurant |Non Smoking Hotel|Major Credit Cards Accepted|Power Backup|Newspapers In Lobby|Room Service,Cocohut Resort
Pune,The standard check-in time is 12:00 PM and the standard check-out time is 12:00 PM. Early check-in or late check-out is strictly subjected to availability and may be chargeable by the hotel. Any early check-in or late check-out request must be directed and reconfirmed with hotel directly unmarried and Unrelated couples not allowed. Need ID proof at the time of check.,Laundry Service Available|Power Backup|Newspapers In Lobby|Room Service,Comfort Solution Bunglow
Kangra,The standard check-in time is 12:00 PM and the standard check-out time is 12:00 PM. Early check-in or late check-out is strictly subjected to availability and may be chargeable by the hotel. Any early check-in or late check-out request must be directed and reconfirmed with hotel directly Pets are not allowed.,Airport Transfer Available / Surcharge|Ballroom|Banquet Facilities|Bar / Lounge |Billiards|Business Center |Concierge|Disabled Friendly Facilities |Doctor on Call|Dry Cleaning|Games Zone|Laundry Service Available|Lobby|Non Smoking Rooms|Parking Facilities Available|Front Desk|Multi Cuisine Restaurant |Locker Facility|Non Smoking Hotel|Table Tennis|Local Tour / Travel Desk|Major Credit Cards Accepted|24 Hour Front Desk|Luggage Storage|Doorman|Medical Assistance Available|Air-Conditioning - Central|Welcome Drinks|Power Backup|Express Check-In / Check-Out|Gardens|Audio - Visual Equipment|Wedding Services Facility|Catering|Multi Lingual Staff|Wake-up Call / Service|Porter / Bellhop|Suitable For Children|Separate Sitting Area|Coffee Shop / Cafe|Conference Facility |Smoking Rooms|Disabled Friendly Rooms|Fax Machine|Kitchen available (home cook food on request)|Fire Place Available |Picnic Area|Wheelchair Accessibility - Room|Pool Table|Nature Walk|Smoking Area |Open Air Restaurant / Dining |Veg / Non Veg Kitchens Separate |In House Events |Vegetarian Food / Jain Food Available|Extra Person / Child - Share the same room|Car Rental|Express Laundry|Kids Play Zone|Taxi Services|Board Room|City Shuttle Service|Campfire / Bon Fire|Food Facility| Drivers Rest Room|Internet Access Free|Newspapers In Lobby|Electronic Check-Out|Children's Park|Family Room|Room Service (24 Hours)|Party hall|Air / Rail Booking|STD / ISD|Guide / Sightseeing Service|RO Water Purification System|Outdoor Parking - Secured|Parking Facility|Internet Access|Restaurant|Room Service|Fishing|Trekking|Fire Safety|Recreation Zone|Anti-Slip Ramps|CCTV|Fire Exit Signs|First-Aid Kit at Front Desk|Full Time Operation for All 7 Days|Hotel Trading License|Paid Transfers|Pest Control Facility|Porter Services Available|Public Restrooms|Security at All Hotel Entrances|Smoke Detector|Speciality Restaurant,Deejay By One Earth
Siliguri,The standard check-in time is 12:00 PM and the standard check-out time is 11:00 AM. Early check-in or late check-out is strictly subjected to availability and may be chargeable by the hotel. Any early check-in or late check-out request must be directed and reconfirmed with hotel directly,Business Center |Parking Facilities Available|Secretarial Services|24 Hour Front Desk|Doorman|Medical Assistance Available|Welcome Drinks|Power Backup|Conference Facility |Floor Butler|Cell Phone Rental|Open Air Restaurant / Dining |Transfers Available|Veg / Non Veg Kitchens Separate |Shopping Drop Facility (on fixed timings)|Car Rental|Board Room|City Shuttle Service|Food Facility|Newspapers In Lobby|Room Service (24 Hours)| Cook Services|Air / Rail Booking|Outdoor Parking - Secured|Parking Facility,Classic Lodge
Kangra,The standard check-in time is 02:00 PM and the standard check-out time is 12:00 PM. Early check-in or late check-out is strictly subjected to availability and may be chargeable by the hotel. Any early check-in or late check-out request must be directed and reconfirmed with hotel directly We do not allow unmarried / unrelated couples to checkin. This is at full discretion of the hotel management. No refund would be applicable in case the checkin is denied under such circumstances.,Doctor on Call|Lobby|Parking Facilities Available|Front Desk|Power Backup|Veranda|Taxi Services|Newspapers In Lobby|Room Service|Fire Safety|Anti-Slip Ramps|Fire Exit Signs|First-Aid Kit at Front Desk|Public Restrooms,COLONELS RESORTS
Pune,The standard check-in time is 12:00 PM and the standard check-out time is 12:00 PM. Early check-in or late check-out is strictly subjected to availability and may be chargeable by the hotel. Any early check-in or late check-out request must be directed and reconfirmed with hotel directly Unmarried couples not allowed. Carry Valid Photo Id proof at the time of check in. Hotel may charge compulsory gala dinner supplement on Christmas / New Year's eve or other festive periods. Any such supplements need to be paid directly at the hotel,Laundry Service Available|Lift / Elevator|Power Backup|Gardens|Room Service (24 Hours),Clover Home Service Apt
Coorg,The standard check-in time is 02:15 PM and the standard check-out time is 02:00 PM. Early check-in or late check-out is strictly subjected to availability and may be chargeable by the hotel. Any early check-in or late check-out request must be directed and reconfirmed with hotel directly,Doctor on Call|Parking Facilities Available|Local Tour / Travel Desk|Parking Facility|Room Service,Coffee Coorg Nest
Coorg,The standard check-in time is 01:00 PM and the standard check-out time is 11:00 AM. Early check-in or late check-out is strictly subjected to availability and may be chargeable by the hotel. Any early check-in or late check-out request must be directed and reconfirmed with hotel directly We are a Hotel type and not Cottages. We provide Extra Mattresses and not Extra Cot. We do not provide Driver s Food and Accommodation. Music is allowed till 10:00 pm. Outside Food is not allowed. Pork is strictly prohibited. Hotel may charge compulsory gala dinner supplement on Christmas / New Year's eve or other festive periods. Any such supplements need to be paid directly at the hotel.,Swimming Pool|Banquet Facilities|Doctor on Call|Internet Access - Surcharge|Laundry Service Available|Parking Facilities Available|Multi Cuisine Restaurant |Local Tour / Travel Desk|24 Hour Front Desk|Conference Facility,Cynosure Resort
Munnar,The standard check-in time is 12:00 PM and the standard check-out time is 12:00 PM. Early check-in or late check-out is strictly subjected to availability and may be chargeable by the hotel. Any early check-in or late check-out request must be directed and reconfirmed with hotel directly,Doctor on Call|Parking Facilities Available|Medical Assistance Available|Power Backup|Parking Facility|Room Service,Corner stone Munnar
Gurgaon,The standard check-in time is 12:00 PM and the standard check-out time is 10:00 AM. Early check-in or late check-out is strictly subjected to availability and may be chargeable by the hotel. Any early check-in or late check-out request must be directed and reconfirmed with hotel directly - Please note that we are a BnB - Check in : 12 noon - Check out : 10 am - Fixed meal timings - Each room has a smoking space/area available - Outside guests not allowed in the room - room service (Special Case),"Airport Transfer Available / Surcharge|Doctor on Call|Dry Cleaning|Laundry Service Available|Lobby|Non Smoking Rooms|Parking Facilities Available|Major Credit Cards Accepted|Luggage Storage|Medical Assistance Available|Power Backup|Gardens|Wake-up Call / Service|Suitable For Children|Separate Sitting Area|Smoking Rooms|Kitchen available (home cook food on request)|Fire Place Available |Free Local Calls|Pick Up and Drop (Rly Station, Bus Stand, Temple)|Vegetarian Food / Jain Food Available|Extra Person / Child - Share the same room|Car Rental|Taxi Services|Food Facility|Newspapers In Lobby|Children's Park|Postal / Parcel Services|Spa Services Nearby|Air / Rail Booking|Courier Service|RO Water Purification System|Outdoor Parking - Secured|Parking Facility|Internet Access","Cinnamon Homestay, Sohna Road"
Kovalam,The standard check-in time is 02:00 PM and the standard check-out time is 10:00 AM. Early check-in or late check-out is strictly subjected to availability and may be chargeable by the hotel. Any early check-in or late check-out request must be directed and reconfirmed with hotel directly,Swimming Pool|Bar / Lounge |Doctor on Call|Dry Cleaning|Games Zone|Lobby|Parking Facilities Available|Private / Plunge Pool|Front Desk|Multi Cuisine Restaurant |Spa On Site - Chargeable|Table Tennis|Local Tour / Travel Desk|24 Hour Front Desk|Welcome Drinks|Power Backup|Gardens|Kids Play Zone|Newspapers In Lobby|Room Service (24 Hours)|RO Water Purification System,Club Mahindra Poovar
Kolkata,The standard check-in time is 12:00 PM and the standard check-out time is 12:00 PM. Early check-in or late check-out is strictly subjected to availability and may be chargeable by the hotel. Any early check-in or late check-out request must be directed and reconfirmed with hotel directly Hotel may charge compulsory gala dinner supplement on Christmas / New Year's eve or other festive periods. Any such supplements need to be paid directly at the hotel.,Airport Transfer Available / Surcharge|Currency Exchange|Doctor on Call|Internet Access - Surcharge|Parking Facilities Available|Non Smoking Hotel,Corporate Living
Coorg,"The standard check-in time is 12:00 PM and the standard check-out time is 11:00 AM. Early check-in or late check-out is strictly subjected to availability and may be chargeable by the hotel. Any early check-in or late check-out request must be directed and reconfirmed with hotel directly ALL GUESTS ARE REQUIRED TO PRESENT PROPER PHOTO IDENTIFICATION UPON CHECK IN. The identity proof would include a valid Driving license/voter identity card/PAN card, etc. Valid Passport mandatory for all Foreign guests. Hotel is not allow unmarried / unrelated couples to check-in. This is at full discretion of the hotel management. No refund would be applicable in case the hotel denies check-in under such circumstances.",Doctor on Call|Laundry Service Available|Lobby|Non Smoking Rooms|Parking Facilities Available|Front Desk|Multi Cuisine Restaurant |24 Hour Front Desk|Luggage Storage|Medical Assistance Available|Welcome Drinks|Power Backup|Gardens|Wake-up Call / Service|Fitness Equipment|Smoking Rooms|Multi - Line Phone|Free Local Calls|Smoking Area |Veg / Non Veg Kitchens Separate |Vegetarian Food / Jain Food Available|Extra Person / Child - Share the same room|Car Rental|Food Facility|Newspapers In Lobby|Outdoor Parking - Secured,Coorg Anekad Jungle stay
Chikmagalur,The standard check-in time is 12:00 PM and the standard check-out time is 11:00 AM. Early check-in or late check-out is strictly subjected to availability and may be chargeable by the hotel. Any early check-in or late check-out request must be directed and reconfirmed with hotel directly,"Airport Transfer Available / Surcharge|Banquet Facilities|Barbecue Area|Doctor on Call|Lobby|Non Smoking Rooms|Parking Facilities Available|Front Desk|Multi Cuisine Restaurant |Local Tour / Travel Desk|Major Credit Cards Accepted|24 Hour Front Desk|Air-Conditioning - Central|Welcome Drinks|Power Backup|Express Check-In / Check-Out|Gardens|Audio - Visual Equipment|Dance Performances (on demand)|Wake-up Call / Service|Separate Sitting Area|Coffee Shop / Cafe|Conference Facility |Smoking Rooms|Access Via Exterior Corridors|Fire Place Available |Picnic Area|Wheelchair Accessibility - Room|Pick Up and Drop (Rly Station, Bus Stand, Temple)|Nature Walk|Smoking Area |Veranda|Vegetarian Food / Jain Food Available|Extra Person / Child - Share the same room|Village Visit ( Chargeable )|Car Rental|Meditation Room|Taxi Services|Badminttion Court|Campfire / Bon Fire|Food Facility| Drivers Rest Room|Newspapers In Lobby|Party hall|Guide / Sightseeing Service|Adjoining Rooms|RO Water Purification System|Outdoor Parking - Secured|Outdoor Parking - Non Secured|Parking Facility|Restaurant|Room Service|Trekking|Fire Safety",Coffeegrove Resort
Mount Abu,The standard check-in time is 12:00 PM and the standard check-out time is 09:00 AM. Early check-in or late check-out is strictly subjected to availability and may be chargeable by the hotel. Any early check-in or late check-out request must be directed and reconfirmed with hotel directly Hotel may charge compulsory gala dinner supplement on Christmas / New Year's eve or other festive periods. Any such supplements need to be paid directly at the hotel.,Doctor on Call|Laundry Service Available|Multi Cuisine Restaurant |Local Tour / Travel Desk|24 Hour Front Desk|Luggage Storage|Internet Access,Country Yard Resort (30 kms from Mount Abu)
Silvassa,The standard check-in time is 12:00 PM and the standard check-out time is 10:00 AM. Early check-in or late check-out is strictly subjected to availability and may be chargeable by the hotel. Any early check-in or late check-out request must be directed and reconfirmed with hotel directly Hotel may charge compulsory gala dinner supplement on Christmas / New Year's eve or other festive periods. Any such supplements need to be paid directly at the hotel.,"Swimming Pool|Airport Transfer Available / Surcharge|Babysitting/ Child Care (surcharge)|Ballroom|Banquet Facilities|Bar / Lounge |Barbecue Area|Basketball Court |Billiards|Business Center |Concierge|Disabled Friendly Facilities |Doctor on Call|Games Zone|Gift Shop |Health Club / Gym Facility Available|Internet Access - Surcharge|Laundry Service Available|Lift / Elevator|Lobby|Non Smoking Rooms|Parking Facilities Available|Pets Allowed|Private / Plunge Pool|Front Desk|Multi Cuisine Restaurant |Locker Facility|Solarium|Table Tennis|Local Tour / Travel Desk|Valet service|Major Credit Cards Accepted|24 Hour Front Desk|Luggage Storage|Doorman|Medical Assistance Available|Power Backup|Express Check-In / Check-Out|Gardens|Computer Rental|Wedding Services Facility|Catering|Multi Lingual Staff|Wake-up Call / Service|Fitness Equipment|Porter / Bellhop|Sauna|Suitable For Children|Separate Sitting Area|Coffee Shop / Cafe|Conference Facility |Access Via Exterior Corridors|Disabled Friendly Rooms|Kitchen available (home cook food on request)|Electronic / Magnetic Keys|Limousine Service Available|Multi - Line Phone|Fire Place Available |Picnic Area|Jacuzzi|Wheelchair Accessibility - Room|Pool Table|Poolside Bar|Clubhouse|Safari|Boating|Pick Up and Drop (Rly Station, Bus Stand, Temple)|Nature Walk|Smoking Area |Veranda|Open Air Restaurant / Dining |Veg / Non Veg Kitchens Separate |Horse Ride ( Chargeable ) |In House Events |Vegetarian Food / Jain Food Available|Extra Person / Child - Share the same room|Village Visit ( Chargeable )|Car Rental|Express Laundry|Kids Play Zone|Water Dispenser Available|Taxi Services|Mini Theatre|Pool Cafe|Karaoke |Campfire / Bon Fire|Food Facility| Drivers Rest Room|Electronic Check-Out|Children's Park|Postal / Parcel Services|Family Room|Room Service (24 Hours)|Spa Services Nearby|Party hall|Air / Rail Booking|STD / ISD|Baggage Room|Courier Service|Guide / Sightseeing Service|RO Water Purification System|Outdoor Parking - Secured|Parking Facility|Restaurant|Room Service|Ayurvedic Facilities |Trekking|Fire Safety|Recreation Zone|Anti-Slip Ramps|CCTV|Fire Exit Signs|First-Aid Kit at Front Desk|Full Time Operation for All 7 Days|Hotel Trading License|Paid Transfers|Pest Control Facility|Porter Services Available|Public Restrooms|Security at All Hotel Entrances|Smoke Detector|Speciality Restaurant |Suites",Daman Ganga Valley Resort
kumbalgarh,The standard check-in time is 02:00 PM and the standard check-out time is 10:00 AM. Early check-in or late check-out is strictly subjected to availability and may be chargeable by the hotel. Any early check-in or late check-out request must be directed and reconfirmed with hotel directly,Swimming Pool|Banquet Facilities|Bar / Lounge |Beauty Salon - on charge|Business Center |Doctor on Call|Internet Access - Surcharge|Laundry Service Available|Parking Facilities Available|Front Desk|Multi Cuisine Restaurant |Locker Facility|Spa On Site - Chargeable|Local Tour / Travel Desk|24 Hour Front Desk|Medical Assistance Available|Welcome Drinks|Power Backup|Gardens|Conference Facility |Fax Machine|Newspapers In Lobby|Room Service (24 Hours)|Parking Facility,Club Mahindra Kumbhalgarh
Agra,The standard check-in time is 12:00 PM and the standard check-out time is 12:00 PM. Early check-in or late check-out is strictly subjected to availability and may be chargeable by the hotel. Any early check-in or late check-out request must be directed and reconfirmed with hotel directly Drivers are not allowed.,"Airport Transfer Available / Surcharge|Doctor on Call|Dry Cleaning|Gift Shop |Front Desk|Non Smoking Hotel|Local Tour / Travel Desk|24 Hour Front Desk|Power Backup|Wake-up Call / Service|Kitchen available (home cook food on request)|Pick Up and Drop (Rly Station, Bus Stand, Temple)|Veg / Non Veg Kitchens Separate |Vegetarian Food / Jain Food Available|Car Rental|Taxi Services|City Shuttle Service| Drivers Rest Room|Newspapers In Lobby|Parking (Surcharge)|Air / Rail Booking|Baggage Room|Guide / Sightseeing Service",D. R. Residency
Corbett,The standard check-in time is 12:00 PM and the standard check-out time is 10:00 AM. Early check-in or late check-out is strictly subjected to availability and may be chargeable by the hotel. Any early check-in or late check-out request must be directed and reconfirmed with hotel directly Hotel may charge compulsory gala dinner supplement on Christmas / New Year's eve or other festive periods. Any such supplements need to be paid directly at the hotel.,Swimming Pool|Business Center |Doctor on Call|Dry Cleaning|Internet Access - Surcharge|Laundry Service Available|Lobby|Parking Facilities Available|Front Desk|Multi Cuisine Restaurant |Locker Facility|Table Tennis|Local Tour / Travel Desk|Major Credit Cards Accepted|24 Hour Front Desk|Welcome Drinks|Power Backup|Gardens|Wedding Services Facility|Conference Facility |Free Local Calls|Picnic Area|Discotheque |Nature Walk|Taxi Services| Drivers Rest Room|Internet Access Free|Newspapers In Lobby|Room Service (24 Hours)| Cook Services|Party hall|Baggage Room|Outdoor Parking - Secured|Parking Facility,Corbett Jungle Treasure
Wayanad,"The standard check-in time is 02:00 PM and the standard check-out time is 12:00 PM. Early check-in or late check-out is strictly subjected to availability and may be chargeable by the hotel. Any early check-in or late check-out request must be directed and reconfirmed with hotel directly Booking rates will not be valid for Christmas and New year dates, High season and long weekend dates extra supplement will be charged over and above the paid rates as per actual and hotel discretion.",Doctor on Call|Parking Facilities Available|Front Desk|Local Tour / Travel Desk|Medical Assistance Available|Room Service,Chyavana Ayur Retreat
Coorg,The standard check-in time is 12:00 PM and the standard check-out time is 11:00 AM. Early check-in or late check-out is strictly subjected to availability and may be chargeable by the hotel. Any early check-in or late check-out request must be directed and reconfirmed with hotel directly  We do not allow unmarried / unrelated couples to checkin. This is at full discretion of the hotel management. No refund would be applicable in case the checkin is denied under such circumstances,Doctor on Call|Parking Facilities Available|Outdoor Parking - Secured|Parking Facility|Public Restrooms,Coffee Cottage
Kolkata,The standard check-in time is 11:00 AM and the standard check-out time is 12:00 PM. Early check-in or late check-out is strictly subjected to availability and may be chargeable by the hotel. Any early check-in or late check-out request must be directed and reconfirmed with hotel directly  We do not allow unmarried / unrelated couples to checkin. This is at full discretion of the hotel management. No refund would be applicable in case the checkin is denied under such circumstances,Bar / Lounge |Doctor on Call|Internet Access - Surcharge|Parking Facilities Available|Front Desk|Multi Cuisine Restaurant |Dance Performances (on demand)|Catering|Wake-up Call / Service|Conference Facility |Smoking Rooms|Kitchen available (home cook food on request)|Veg / Non Veg Kitchens Separate |Shopping Drop Facility (on fixed timings)|Food Facility|Newspapers In Lobby|Parking Facility|Internet Access|Restaurant|Room Service|Pest Control Facility,Classic Hotel &amp; Restaurant
Kannur,The standard check-in time is 12:00 PM and the standard check-out time is 12:00 PM. Early check-in or late check-out is strictly subjected to availability and may be chargeable by the hotel. Any early check-in or late check-out request must be directed and reconfirmed with hotel directly All rooms are comfortable with a nice environment.Enjoy your stay full value of money.Clean and hygienic stay.                Pleasant and nice room.,Doctor on Call|Parking Facility|Fire Safety,Costa Malabari
Delhi,The standard check-in time is 12:00 PM and the standard check-out time is 12:00 PM. Early check-in or late check-out is strictly subjected to availability and may be chargeable by the hotel. Any early check-in or late check-out request must be directed and reconfirmed with hotel directly Hotel may charge compulsory gala dinner supplement on Christmas / New Year's eve or other festive periods. Any such supplements need to be paid directly at the hotel.,"Airport Transfer Available / Surcharge|Ballroom|Banquet Facilities|Business Center |Currency Exchange|Doctor on Call|Dry Cleaning|Laundry Service Available|Lobby|Non Smoking Rooms|Parking Facilities Available|Front Desk|Local Tour / Travel Desk|Major Credit Cards Accepted|24 Hour Front Desk|Luggage Storage|Air-Conditioning - Central|Welcome Drinks|Power Backup|Express Check-In / Check-Out|Gardens|Wake-up Call / Service|Coffee Shop / Cafe|Conference Facility |Smoking Rooms|Wheelchair Accessibility - Room|Pick Up and Drop (Rly Station, Bus Stand, Temple)|Smoking Area |Vegetarian Food / Jain Food Available|Car Rental|Taxi Services|Food Facility|Newspapers In Lobby|Room Service (24 Hours)|Spa Services Nearby|Party hall|Baggage Room|Laptop Available on Hire|Internet / Fax (Reception area only)|RO Water Purification System",City Park Airport - A Boutique Hotel
Port Blair,"The standard check-in time is 09:00 AM and the standard check-out time is 08:00 AM. Early check-in or late check-out is strictly subjected to availability and may be chargeable by the hotel. Any early check-in or late check-out request must be directed and reconfirmed with hotel directly 1.ALL GUESTS ARE REQUIRED TO PRESENT PROPER PHOTO IDENTIFICATION UPON CHECK IN. 2.The identity proof would include a valid Driving license/voter identity card/PAN card, etc. Valid Passport mandatory for all Foreign guests. 3.Booking rates will not be valid for Christmas and New year dates High season and long weekend dates extra supplement will be charged over and above the paid rates as per actual and hotel discretion. No refund applicable in case of any cancellation of ferry due to weather condition and in case of natural calamity. Dinner Supplement compulsory for 20.12.15 till 20.01.2016  Extra to be paid at the hotel directly No refund would be applicable in case the hotel denies check-in under such circumstances.",Doctor on Call|Lobby|Parking Facilities Available|Front Desk|24 Hour Front Desk|Medical Assistance Available|Power Backup|Nature Walk|Newspapers In Lobby|Room Service (24 Hours)|STD / ISD|Internet / Fax (Reception area only)|Parking Facility|Fire Safety|CCTV|Fire Exit Signs|First-Aid Kit at Front Desk|Paid Transfers|Stamps and Mailing Facility,Coastal Breeze
Noida,The standard check-in time is 12:00 PM and the standard check-out time is 12:00 PM. Early check-in or late check-out is strictly subjected to availability and may be chargeable by the hotel. Any early check-in or late check-out request must be directed and reconfirmed with hotel directly,Banquet Facilities|Doctor on Call|Internet Access - Surcharge|Lobby|Parking Facilities Available|Multi Cuisine Restaurant |Power Backup|Express Laundry|Internet Access Free|Newspapers In Lobby|Room Service (24 Hours)|RO Water Purification System,Daisy Home
Agra,The standard check-in time is 12:00 PM and the standard check-out time is 12:00 PM. Early check-in or late check-out is strictly subjected to availability and may be chargeable by the hotel. Any early check-in or late check-out request must be directed and reconfirmed with hotel directly **Mandatory Supplement for 31st Dec.2014 is Rs.2500/- Per Couple. which will be Directly payable to the hotel by guest at the time of check inn.,Babysitting/ Child Care (surcharge)|Currency Exchange|Doctor on Call|Internet Access - Surcharge|Laundry Service Available|Lift / Elevator|Parking Facilities Available|Multi Cuisine Restaurant |Locker Facility|Local Tour / Travel Desk|Major Credit Cards Accepted|Power Backup|Conference Facility |Fax Machine|Massage Services |Room Service (24 Hours),Crystal Retreat
Bangalore,"The standard check-in time is 12:00 PM and the standard check-out time is 12:00 PM. Early check-in or late check-out is strictly subjected to availability and may be chargeable by the hotel. Any early check-in or late check-out request must be directed and reconfirmed with hotel directly 2 pieces Ironing per night. Cancel before 48 hours in order to avoid any retention charges. If cancelled within 48 hours, 1 night retention to be charged. No refunds would be made against any No Show Extra Child (5-12 years without bed) wiil be chargeble.  Extra Child (below 5 years) will be Complimentary",Bar / Lounge |Business Center |Disabled Friendly Facilities |Health Club / Gym Facility Available|Internet Access - Surcharge|Laundry Service Available|Lift / Elevator|Parking Facilities Available|Front Desk|Multi Cuisine Restaurant |Locker Facility|24 Hour Front Desk|Power Backup|Catering|Room Service (24 Hours)|Outdoor Parking - Secured|Parking Facility|Internet Access|Room Service|Porter Services Available|Public Restrooms|Speciality Restaurant,Citrus Cunningham Road Bangalore
Bangalore,The standard check-in time is 12:00 PM and the standard check-out time is 12:00 PM. Early check-in or late check-out is strictly subjected to availability and may be chargeable by the hotel. Any early check-in or late check-out request must be directed and reconfirmed with hotel directly Valid ID proof should be produced at the time of check-in.,Doctor on Call|Health Club / Gym Facility Available|Internet Access - Surcharge|Laundry Service Available|Lift / Elevator|Parking Facilities Available|Power Backup|Gardens|Kitchen available (home cook food on request)|Food Facility|Children's Park|Parking Facility|Room Service,Cosmos Guest Homes - Bellandur
Gurgaon,"The standard check-in time is 12:00 PM and the standard check-out time is 12:00 PM. Early check-in or late check-out is strictly subjected to availability and may be chargeable by the hotel. Any early check-in or late check-out request must be directed and reconfirmed with hotel directly 1. Any supplements need to be paid directly at the hotel. 2. All guests requested to carry Valid ID proof for Check Inn. 3. Couple Guests with Local ID's are not allowed to check inn. 4. Cancellation and prepayment policies vary according to room type. 5. All children under 5 years stay free of charge when using existing beds.  Within 48 hours 1 night retention, Up to 48 hours full refund, In case of No show 100% retention.",Doctor on Call|Laundry Service Available|Conference Facility |Kitchen available (home cook food on request)|Newspapers In Lobby,Cyber City Hotels
Corbett,The standard check-in time is 01:00 PM and the standard check-out time is 11:00 AM. Early check-in or late check-out is strictly subjected to availability and may be chargeable by the hotel. Any early check-in or late check-out request must be directed and reconfirmed with hotel directly Gala Dinner included in APAI meal plan on 24th of Dec. / 31st of Dec.2016,Swimming Pool|Airport Transfer Available / Surcharge|Disabled Friendly Facilities |Doctor on Call|Dry Cleaning|Internet Access - Surcharge|Laundry Service Available|Lobby|Non Smoking Rooms|Parking Facilities Available|Front Desk|Multi Cuisine Restaurant |Non Smoking Hotel|Welcome Drinks|Power Backup|Gardens|Room Service (24 Hours)|Parking Facility,"CORBETT AROMA PARK,CORBETT"
Kasaragod,The standard check-in time is 12:00 PM and the standard check-out time is 12:00 PM. Early check-in or late check-out is strictly subjected to availability and may be chargeable by the hotel. Any early check-in or late check-out request must be directed and reconfirmed with hotel directly We do not allow unmarried / unrelated couples to checkin. This is at full discretion of the hotel management. No refund would be applicable in case the checkin is denied under such circumstances. Customer Government approved Photo ID card is must to carry at the time of check in.,Doctor on Call|Front Desk|24 Hour Front Desk|Luggage Storage|Adjoining Rooms|RO Water Purification System|Outdoor Parking - Secured|Parking Facility|Room Service|Fire Safety|Recreation Zone|Anti-Slip Ramps|CCTV|First-Aid Kit at Front Desk,Deira city Residency Hotel
Katra,The standard check-in time is 02:00 PM and the standard check-out time is 12:00 PM. Early check-in or late check-out is strictly subjected to availability and may be chargeable by the hotel. Any early check-in or late check-out request must be directed and reconfirmed with hotel directly  Hotel may charge gala dinner supplement on Christmas/New Years eve or other festive periods. Which needs to be paid directly at the hotel.As per the govt. guidelines valid govt. issued id proofs are required to be presented at the Time of C/in. Any early arrival or late departure shall be subject to availability and additional charges as applicable. Pets not allowed in the hotel.,Swimming Pool|Ballroom|Banquet Facilities|Business Center |Concierge|Currency Exchange|Doctor on Call|Games Zone|Gift Shop |Health Club / Gym Facility Available|Internet Access - Surcharge|Laundry Service Available|Lift / Elevator|Lobby|Non Smoking Rooms|Parking Facilities Available|Front Desk|Multi Cuisine Restaurant |Locker Facility|Spa On Site - Chargeable|Table Tennis|24 Hour Front Desk|Air-Conditioning - Central|Welcome Drinks|Power Backup|Gardens|Audio - Visual Equipment|Wake-up Call / Service|Conference Facility |Electronic / Magnetic Keys|Wheelchair Accessibility - Room|Pool Table|Kids Play Zone|Badminttion Court|Board Room|Internet Access Free|Newspapers In Lobby|Room Service (24 Hours)|Spa Services Nearby|Outdoor Parking - Secured|Internet Access|Fire Safety|CCTV|Fire Exit Signs|Full Time Operation for All 7 Days|Paid Transfers,Country Inn and Suites By Carlson Vaishnodevi
Kollam,"The standard check-in time is 02:00 PM and the standard check-out time is 12:00 PM. Early check-in or late check-out is strictly subjected to availability and may be chargeable by the hotel. Any early check-in or late check-out request must be directed and reconfirmed with hotel directly Booking rates will not be valid for Christmas and New year dates, High season and long weekend dates  extra supplement will be charged over and above the paid rates as per actual and hotel discretion.",Doctor on Call|Lobby|Parking Facilities Available|Front Desk|Local Tour / Travel Desk|24 Hour Front Desk|Air-Conditioning - Central|Power Backup,Comfort Regency Hotel
Kolkata,The standard check-in time is 01:00 AM and the standard check-out time is 12:00 PM. Early check-in or late check-out is strictly subjected to availability and may be chargeable by the hotel. Any early check-in or late check-out request must be directed and reconfirmed with hotel directly Hotel may charge compulsory gala dinner supplement on Christmas / New Year's eve or other festive periods. Any such supplements need to be paid directly at the hotel.,Swimming Pool|Banquet Facilities|Bar / Lounge |Barbecue Area|Currency Exchange|Doctor on Call|Internet Access - Surcharge|Laundry Service Available|Library|Front Desk|Multi Cuisine Restaurant |Spa On Site - Chargeable|Conference Facility |Pool Table,Country Roads
Bangalore,The standard check-in time is 01:00 PM and the standard check-out time is 12:00 PM. Early check-in or late check-out is strictly subjected to availability and may be chargeable by the hotel. Any early check-in or late check-out request must be directed and reconfirmed with hotel directly Standard check-in checkout time applicable.,Laundry Service Available|Lift / Elevator|Lobby|Parking Facilities Available|Front Desk|Major Credit Cards Accepted|24 Hour Front Desk|Power Backup|Catering|Wake-up Call / Service|Separate Sitting Area|Coffee Shop / Cafe|Kitchen available (home cook food on request)|Wheelchair Accessibility - Room|Transfers Available|Vegetarian Food / Jain Food Available|Taxi Services|Food Facility|Internet Access Free|Newspapers In Lobby|Room Service (24 Hours)| Cook Services|Party hall|RO Water Purification System|Parking Facility|Room Service|Ayurvedic Facilities |CCTV|First-Aid Kit at Front Desk|Full Time Operation for All 7 Days|Paid Transfers,Credora Inn
Ooty,The standard check-in time is 02:00 PM and the standard check-out time is 10:00 AM. Early check-in or late check-out is strictly subjected to availability and may be chargeable by the hotel. Any early check-in or late check-out request must be directed and reconfirmed with hotel directly If Cancelled Before 31 days it will be Full Refund        If cancelled from 31 days to 15 Days it will be 50% Refund If cancelled from 14 days to day of arrival or No Show it will be NO Refund,Doctor on Call|Lobby|Parking Facilities Available|Front Desk|Multi Cuisine Restaurant,Club Mahindra Derby Green
Goa,The standard check-in time is 12:00 PM and the standard check-out time is 10:00 AM. Early check-in or late check-out is strictly subjected to availability and may be chargeable by the hotel. Any early check-in or late check-out request must be directed and reconfirmed with hotel directly 100% cancellation charges in case booking cancelled 24 hours before checkin and withing 24 hours of checkin 2 nights cancellation charges shall be applicable  NON REFUNDABLE BOOKING,Swimming Pool|Airport Transfer Available / Surcharge|Business Center |Currency Exchange|Doctor on Call|Laundry Service Available|Lift / Elevator|Parking Facilities Available|Front Desk|Multi Cuisine Restaurant |24 Hour Front Desk|Medical Assistance Available|Power Backup|Catering|Suitable For Children|Open Air Restaurant / Dining |Veg / Non Veg Kitchens Separate |Vegetarian Food / Jain Food Available|Car Rental|Pool Cafe|Food Facility|Room Service (24 Hours)|Air / Rail Booking|Guide / Sightseeing Service|Courtesy Coach|Outdoor Parking - Secured|Parking Facility|Restaurant|Room Service,De Sai Palace
Pune,The standard check-in time is 12:00 PM and the standard check-out time is 12:00 PM. Early check-in or late check-out is strictly subjected to availability and may be chargeable by the hotel. Any early check-in or late check-out request must be directed and reconfirmed with hotel directly Check in check out 12.00 noon,Airport Transfer Available / Surcharge|Banquet Facilities|Bar / Lounge |Beauty Salon - on charge|Business Center |Concierge|Currency Exchange|Doctor on Call|Laundry Service Available|Lobby|Parking Facilities Available|Front Desk|Multi Cuisine Restaurant |Locker Facility|Local Tour / Travel Desk|Major Credit Cards Accepted|24 Hour Front Desk|Luggage Storage|Air-Conditioning - Central|Welcome Drinks|Power Backup|Express Check-In / Check-Out|Wedding Services Facility|Wake-up Call / Service|Conference Facility |Smoking Rooms|Electronic / Magnetic Keys|Nature Walk|Car Rental|Express Laundry|Food Facility|Newspapers In Lobby|Room Service (24 Hours)| Cook Services|Party hall|STD / ISD|Baggage Room|Parking Facility,Cocoon Hotel
Pune,The standard check-in time is 12:00 PM and the standard check-out time is 12:00 PM. Early check-in or late check-out is strictly subjected to availability and may be chargeable by the hotel. Any early check-in or late check-out request must be directed and reconfirmed with hotel directly we need id proof at the time of check in. unmarried couples not allowed,Laundry Service Available|Parking Facilities Available|Front Desk|Car Rental|Internet Access|Room Service,Cosmos Luxury Kharadi
Delhi,The standard check-in time is 02:00 PM and the standard check-out time is 12:00 PM. Early check-in or late check-out is strictly subjected to availability and may be chargeable by the hotel. Any early check-in or late check-out request must be directed and reconfirmed with hotel directly We do not allow unmarried / unrelated couples to checkin. This is at full discretion of the hotel management. No refund would be applicable in case the checkin is denied under such circumstances,Bar / Lounge |Business Center |Health Club / Gym Facility Available|Laundry Service Available|Lift / Elevator|Parking Facilities Available|Front Desk|Multi Cuisine Restaurant |Locker Facility|Power Backup|Discotheque |Room Service (24 Hours)|Airport Transfer Free|Outdoor Parking - Secured|Parking Facility|Room Service|Porter Services Available|Public Restrooms|Speciality Restaurant |Suites,Christy Rooms
Goa,"The standard check-in time is 12:30 PM and the standard check-out time is 11:00 AM. Early check-in or late check-out is strictly subjected to availability and may be chargeable by the hotel. Any early check-in or late check-out request must be directed and reconfirmed with hotel directly AS PER GOVERNMENT DIRECTIVES IT IS MANDATORY FOR ALL GUEST TO SHOW THEIR PHOTO ID AT CHECK IN, WHICH CAN BE IN FORM OF PASSPORT AND VISA COPY/ DRIVING LICENSE/ VOTER ID CARD FAILING WHICH THE HOTEL RESERVES THE RIGHT OF REFUSAL.",Airport Transfer Available / Surcharge|Doctor on Call|Parking Facilities Available|Local Tour / Travel Desk|Luggage Storage| Bike on Rent|Village Visit ( Chargeable )|Car Rental|Taxi Services|Spa Services Nearby|Guide / Sightseeing Service|Outdoor Parking - Non Secured|Parking Facility|Full Time Operation for All 7 Days|Paid Transfers,Cosmos Apartment Calangute II
Delhi,"The standard check-in time is 12:00 PM and the standard check-out time is 12:00 PM. Early check-in or late check-out is strictly subjected to availability and may be chargeable by the hotel. Any early check-in or late check-out request must be directed and reconfirmed with hotel directly Booking rates will not be valid for Christmas and New year dates, High season and long weekend dates , extra supplement will be charged over and above the paid rates as per actual and hotel discretion",Barbecue Area|Business Center |Parking Facilities Available|24 Hour Front Desk|Doorman|Welcome Drinks|Power Backup|Gardens|Audio - Visual Equipment|Dance Performances (on demand)|Porter / Bellhop|Suitable For Children|Conference Facility |Veranda|Shopping Drop Facility (on fixed timings)|In House Events |Car Rental|Board Room|Amphitheatre|Campfire / Bon Fire|Newspapers In Lobby|Children's Park|Room Service (24 Hours)| Cook Services|Air / Rail Booking|Courier Service|Airport Transfer Free|Outdoor Parking - Secured|Parking Facility|Internet Access|Room Service|Recreation Zone|Full Time Operation for All 7 Days|Porter Services Available|Security at All Hotel Entrances|Stamps and Mailing Facility,Craft village
Ghaziabad,The standard check-in time is 12:00 PM and the standard check-out time is 12:00 PM. Early check-in or late check-out is strictly subjected to availability and may be chargeable by the hotel. Any early check-in or late check-out request must be directed and reconfirmed with hotel directly Hotel may charge compulsory gala dinner supplement on Christmas / New Year's eve or other festive periods. Any such supplements need to be paid directly at the hotel.,Doctor on Call|Dry Cleaning|Internet Access - Surcharge|Laundry Service Available|Lift / Elevator|Lobby|Parking Facilities Available|Front Desk|Multi Cuisine Restaurant |Non Smoking Hotel|Major Credit Cards Accepted|24 Hour Front Desk|Luggage Storage|Air-Conditioning - Central|Express Check-In / Check-Out|Conference Facility |Newspapers In Lobby,Clarks Inn Kaushambi
Bangalore,"The standard check-in time is 12:00 PM and the standard check-out time is 11:00 AM. Early check-in or late check-out is strictly subjected to availability and may be chargeable by the hotel. Any early check-in or late check-out request must be directed and reconfirmed with hotel directly Booking rates will not be valid for Christmas and New year dates, High season and long weekend dates,extra supplement will be charged over and above the paid rates as per actual and hotel discretion",Internet Access - Surcharge|Laundry Service Available|Lobby|Parking Facilities Available|Local Tour / Travel Desk|24 Hour Front Desk|Power Backup|Newspapers In Lobby|Parking Facility,Clover Suites
Kovalam,The standard check-in time is 12:00 PM and the standard check-out time is 11:00 AM. Early check-in or late check-out is strictly subjected to availability and may be chargeable by the hotel. Any early check-in or late check-out request must be directed and reconfirmed with hotel directly,Currency Exchange|Doctor on Call|Front Desk|Local Tour / Travel Desk|Major Credit Cards Accepted,Cosmic Leisure Resort
Gorakhpur,The standard check-in time is 12:01 PM and the standard check-out time is 11:59 AM. Early check-in or late check-out is strictly subjected to availability and may be chargeable by the hotel. Any early check-in or late check-out request must be directed and reconfirmed with hotel directly Government ID cards are mandatory during the time of check in.,Swimming Pool|Bar / Lounge |Health Club / Gym Facility Available|Internet Access - Surcharge|Laundry Service Available|Lift / Elevator|Parking Facilities Available|Front Desk|Multi Cuisine Restaurant |Locker Facility|Power Backup|Gardens|Internet Access Free|Room Service (24 Hours)|Outdoor Parking - Secured|Parking Facility,CLARKS GRAND
Chikmagalur,"The standard check-in time is 12:00 PM and the standard check-out time is 11:00 AM. Early check-in or late check-out is strictly subjected to availability and may be chargeable by the hotel. Any early check-in or late check-out request must be directed and reconfirmed with hotel directly Hotel Check-in Time is 12 PM, Check-out Time is 12 PM.",Doctor on Call|Internet Access - Surcharge|Parking Facilities Available|Front Desk|Locker Facility|Table Tennis|24 Hour Front Desk|Power Backup|Gardens|Nature Walk|Car Rental|Campfire / Bon Fire|Food Facility|Internet Access Free|Room Service (24 Hours)|Parking Facility,Coffee Land Homestay
Valparai,The standard check-in time is 10:00 AM and the standard check-out time is 09:30 AM. Early check-in or late check-out is strictly subjected to availability and may be chargeable by the hotel. Any early check-in or late check-out request must be directed and reconfirmed with hotel directly,Parking Facilities Available|Gardens|Kitchen available (home cook food on request)|Campfire / Bon Fire,Deepikas Garden Residence
Coorg,"The standard check-in time is 02:00 PM and the standard check-out time is 12:00 PM. Early check-in or late check-out is strictly subjected to availability and may be chargeable by the hotel. Any early check-in or late check-out request must be directed and reconfirmed with hotel directly Booking rates will not be valid for Christmas  New year dates, High season  long weekend dates  extra supplement will be charged over  above the paid rates as per actual  hotel discretion.",Swimming Pool|Parking Facilities Available|Front Desk|Power Backup|Gardens|Outdoor Parking - Secured|Parking Facility|Room Service|Public Restrooms|Speciality Restaurant,Coorg KoteKaad Dreams
Badami,The standard check-in time is 12:00 PM and the standard check-out time is 12:00 PM. Early check-in or late check-out is strictly subjected to availability and may be chargeable by the hotel. Any early check-in or late check-out request must be directed and reconfirmed with hotel directly Need Valid ID proof for all adults C/in in the hotel.,Airport Transfer Available / Surcharge|Beauty Salon - on charge|Business Center |Concierge|Doctor on Call|Laundry Service Available|Lobby|Parking Facilities Available|Front Desk|Multi Cuisine Restaurant |Locker Facility|Spa On Site - Chargeable|24 Hour Front Desk|Air-Conditioning - Central|Power Backup|Express Check-In / Check-Out|Private Beach|Car Rental|Room Service (24 Hours)|RO Water Purification System|Parking Facility|Internet Access|Restaurant|Public Restrooms,"Clarks Inn, Badami"
Alibag,The standard check-in time is 12:00 PM and the standard check-out time is 12:00 PM. Early check-in or late check-out is strictly subjected to availability and may be chargeable by the hotel. Any early check-in or late check-out request must be directed and reconfirmed with hotel directly We do not allow unmarried / unrelated couples to checkin. This is at full discretion of the hotel management. No refund would be applicable in case the checkin is denied under such circumstances.,Doctor on Call|Lobby|Front Desk|Power Backup|Suitable For Children|Veranda|Taxi Services|Newspapers In Lobby|Parking Facility|Room Service|Fire Safety|Anti-Slip Ramps|Fire Exit Signs|First-Aid Kit at Front Desk|Public Restrooms,Dalvi villa
Auli,"The standard check-in time is 12:00 PM and the standard check-out time is 09:30 AM. Early check-in or late check-out is strictly subjected to availability and may be chargeable by the hotel. Any early check-in or late check-out request must be directed and reconfirmed with hotel directly **Note :There will be Compulsory X Mas / New Year Gala Dinner Supplement Charges Extra at Rs. 3500/- Per Adult, at Rs. 2500/- per Kid which will be directly payable to the hotel at the time of check in by guest. Important Travel Advisory : Till further notice, Cable car is NOT operational and under maintenance. --------------------------------------------------------------------------------------------- In that case also, Guest MUST be in Joshimath by 3 PM in order to further drive 14 Km uptill Govt. Bungalow and catch  an enjoyable chairlift which will leave Guest few yards up from Cliff Top Club. Guests are suggested to call Resort before  boarding the same so that Room Boys can be sent to pickup luggage.",Airport Transfer Available / Surcharge|Banquet Facilities|Barbecue Area|Doctor on Call|Dry Cleaning|Games Zone|Internet Access - Surcharge|Laundry Service Available|Non Smoking Rooms|Parking Facilities Available|Front Desk|Multi Cuisine Restaurant |Locker Facility|Conference Facility |Room Service (24 Hours),Cliff Top Club Resort
Corbett,"The standard check-in time is 12:00 PM and the standard check-out time is 10:00 AM. Early check-in or late check-out is strictly subjected to availability and may be chargeable by the hotel. Any early check-in or late check-out request must be directed and reconfirmed with hotel directly BOOKING - To make advance booking, names, age and gender of all passengers is required. Also a photo id Card number of any ONE guest per jeep is required which the guest must carry with him at the time of going to safari. For foreigners - Names, age, gender, passport number and nationality is required for all guests. **Note : New Year cumpulsory suppliment charges (on 31 December Only) in addition to the room rent  Rs 4000 per couple and Rs. 1000/- per child. This will include, Gala evening, entertainment, cocktail snacks, Juices, Soft drinks, soda, Games, Unlimited hard drinks in the evening. (such charges will be directly payable to hotel at the time of check in)",Barbecue Area|Front Desk|Multi Cuisine Restaurant |Wedding Services Facility|Conference Facility |Safari|Parking Facility,Corbett Tiger huts
Goa,The standard check-in time is 12:00 PM and the standard check-out time is 10:00 AM. Early check-in or late check-out is strictly subjected to availability and may be chargeable by the hotel. Any early check-in or late check-out request must be directed and reconfirmed with hotel directly Photo identinty is mandatory for all the guest who crossed their minority Pancard is not valid as photo identity Pets not allowed  We do not allow unmarried / unrelated couples to checkin. This is at full discretion of the hotel management. No refund would be applicable in case the checkin is denied under such circumstances,Parking Facility,Coelho Guest House
Alleppey,The standard check-in time is 12:00 PM and the standard check-out time is 09:00 AM. Early check-in or late check-out is strictly subjected to availability and may be chargeable by the hotel. Any early check-in or late check-out request must be directed and reconfirmed with hotel directly  05.30 PM to 08.00 AM- Boat will Anchored and it will be idle in the lake.     As per GOVT. Rule- Village people need to put the net in the lake for fishing For Deluxe rooms A/c will be from 09.00 Pm to 6 AM,Front Desk|Power Backup|Parking Facility|Room Service,Danladic Houseboat
Panaji,The standard check-in time is 02:00 PM and the standard check-out time is 11:00 AM. Early check-in or late check-out is strictly subjected to availability and may be chargeable by the hotel. Any early check-in or late check-out request must be directed and reconfirmed with hotel directly Check in time is 1400hrs. Early check-ins are subject to availability and are chargeable. Check Out time is 1100hrs. Late departure requests are considered subject to availability. More than 2 hours is chargeable.,Swimming Pool|Ballroom|Banquet Facilities|Bar / Lounge |Business Center |Currency Exchange|Doctor on Call|Dry Cleaning|Health Club / Gym Facility Available|Laundry Service Available|Library|Lift / Elevator|Lobby|Parking Facilities Available|Front Desk|Multi Cuisine Restaurant |24 Hour Front Desk|Doorman|Medical Assistance Available|Welcome Drinks|Power Backup|Audio - Visual Equipment|Multi Lingual Staff|Wake-up Call / Service|Fitness Equipment|Porter / Bellhop|Suitable For Children|Coffee Shop / Cafe|Conference Facility |Smoking Rooms|ATM / Banking|Fax Machine|Smoking Area |In House Events |Vegetarian Food / Jain Food Available|Car Rental|Taxi Services|Board Room|Food Facility|Internet Access Free|Newspapers In Lobby|Room Service (24 Hours)|Parking (Surcharge)|STD / ISD|Guide / Sightseeing Service|Adjoining Rooms|Outdoor Parking - Secured|Parking Facility|Restaurant|Fire Exit Signs|Full Time Operation for All 7 Days|Security at All Hotel Entrances|Suites,Country Inn and  Suites By Carlson Goa Panjim
Hyderabad,The standard check-in time is 12:00 PM and the standard check-out time is 12:00 PM. Early check-in or late check-out is strictly subjected to availability and may be chargeable by the hotel. Any early check-in or late check-out request must be directed and reconfirmed with hotel directly,Swimming Pool|Airport Transfer Available / Surcharge|Banquet Facilities|Bar / Lounge |Beauty Salon - on charge|Concierge|Health Club / Gym Facility Available|Laundry Service Available|Lift / Elevator|Lobby|Night Club|Parking Facilities Available|Front Desk|Multi Cuisine Restaurant |Spa On Site - Chargeable|Local Tour / Travel Desk|Major Credit Cards Accepted|24 Hour Front Desk|Gardens|Wedding Services Facility|Multi Lingual Staff|In House Events |Kids Play Zone|Food Facility|Party hall|Parking Facility|Internet Access|Room Service|Ayurvedic Facilities |CCTV|Security at All Hotel Entrances,Country Club  Begumpet
Hyderabad,"The standard check-in time is 12:00 PM and the standard check-out time is 12:00 PM. Early check-in or late check-out is strictly subjected to availability and may be chargeable by the hotel. Any early check-in or late check-out request must be directed and reconfirmed with hotel directly According to government regulations, a valid Photo ID has to be carried by every person who stays at the hotel. The identification proofs accepted are Drivers License, Voters Card, Passport, Ration Card. Without valid ID the guest will not be allowed to check in. Note- PAN Cards will not be accepted as a valid ID card.   *   It is mandatory for guests to present valid photo identification at the time of check-in.   *   The primary guest checking in to the hotel must be at least 21 years of age.   *   The hotel reserves the right of admission. Accommodation can be denied to guests posing as a couple if suitable proof of identification is not presented at check-in.   *   The hotel reserves the right of admission for local residents. Accommodation can be denied to guests residing in the same city.   *   Local ID proof will not be valid.",Doctor on Call|Laundry Service Available|Lobby|Power Backup|Parking Facility,Deccan Classic Residency
Bangalore,The standard check-in time is 12:00 PM and the standard check-out time is 12:00 PM. Early check-in or late check-out is strictly subjected to availability and may be chargeable by the hotel. Any early check-in or late check-out request must be directed and reconfirmed with hotel directly Hotel may charge compulsory gala dinner supplement on Christmas / New Year's eve or other festive periods. Any such supplements need to be paid directly at the hotel. ALL GUESTS ARE REQUIRED TO PRESENT PROPER PHOTO IDENTIFICATION UPON CHECK IN. The identity proof would include a valid Driving license/voter identity card Photo ID/With address. Valid Passport mandatory for all Foreign guests,Airport Transfer Available / Surcharge|Bar / Lounge |Business Center |Concierge|Currency Exchange|Doctor on Call|Health Club / Gym Facility Available|Internet Access - Surcharge|Lift / Elevator|Non Smoking Rooms|Parking Facilities Available|Multi Cuisine Restaurant |Spa On Site - Chargeable|Local Tour / Travel Desk|Valet service|Major Credit Cards Accepted|24 Hour Front Desk|Smoking Area |Newspapers In Lobby|Room Service (24 Hours)|Adjoining Rooms,Coral Tree
Ganpatipule,The standard check-in time is 10:00 AM and the standard check-out time is 09:00 AM. Early check-in or late check-out is strictly subjected to availability and may be chargeable by the hotel. Any early check-in or late check-out request must be directed and reconfirmed with hotel directly,Laundry Service Available|Parking Facilities Available|Local Tour / Travel Desk,Daryasarang Palace
Corbett,The standard check-in time is 12:00 PM and the standard check-out time is 12:00 PM. Early check-in or late check-out is strictly subjected to availability and may be chargeable by the hotel. Any early check-in or late check-out request must be directed and reconfirmed with hotel directly 1) 02 Childrens upto 05 years complimentary (sharing parents bed) 2) Children above 05 years upto 12 yrs (sharing parents bed): INR1000 3) Children above 05 years upto 12 yrs (with Extra bed): INR1500,Doctor on Call|Lobby|Front Desk|Luggage Storage,Corbett Moon Resort
Gurgaon,The standard check-in time is 12:00 PM and the standard check-out time is 12:00 PM. Early check-in or late check-out is strictly subjected to availability and may be chargeable by the hotel. Any early check-in or late check-out request must be directed and reconfirmed with hotel directly 1.	All guests requested to carry Valid ID proof for Check In 2.	Couple Guests with Local ID's are not allowed to check in 3.	Cancellation and prepayment policies vary according to room type.,Airport Transfer Available / Surcharge|Doctor on Call|Dry Cleaning|Internet Access - Surcharge|Laundry Service Available|Lobby|Parking Facilities Available|Front Desk|Locker Facility|Major Credit Cards Accepted|24 Hour Front Desk|Medical Assistance Available|Welcome Drinks|Power Backup|Wake-up Call / Service|Conference Facility |Express Laundry|Taxi Services|Food Facility|Newspapers In Lobby|Room Service (24 Hours)| Cook Services|Outdoor Parking - Secured,Dahleez-A Boutique Hotel
Mhowgaon,The standard check-in time is 12:00 PM and the standard check-out time is 12:00 PM. Early check-in or late check-out is strictly subjected to availability and may be chargeable by the hotel. Any early check-in or late check-out request must be directed and reconfirmed with hotel directly,,Choral Resort
Morbi,"The standard check-in time is 12:00 PM and the standard check-out time is 12:00 PM. Early check-in or late check-out is strictly subjected to availability and may be chargeable by the hotel. Any early check-in or late check-out request must be directed and reconfirmed with hotel directly Hotel is located in a dry state, hence alocohol is strictly prohibited.",Swimming Pool|Business Center |Laundry Service Available|Parking Facilities Available|Front Desk|Multi Cuisine Restaurant |Power Backup|Gardens|Internet Access Free|Outdoor Parking - Secured|Parking Facility|Room Service,Darbargadh Palace  by Heritage Villas
Bangalore,The standard check-in time is 12:00 PM and the standard check-out time is 12:00 PM. Early check-in or late check-out is strictly subjected to availability and may be chargeable by the hotel. Any early check-in or late check-out request must be directed and reconfirmed with hotel directly Hotel may charge compulsory gala dinner supplement on Christmas / New Year's eve or other festive periods. Any such supplements need to be paid directly at the hotel.,Doctor on Call|Internet Access - Surcharge|Laundry Service Available|Parking Facilities Available|Secretarial Services|Major Credit Cards Accepted|Power Backup,Compact- Tea Pavilion
Bathinda,The standard check-in time is 12:00 PM and the standard check-out time is 12:00 PM. Early check-in or late check-out is strictly subjected to availability and may be chargeable by the hotel. Any early check-in or late check-out request must be directed and reconfirmed with hotel directly,Swimming Pool|Bar / Lounge |Business Center |Health Club / Gym Facility Available|Laundry Service Available|Lift / Elevator|Parking Facilities Available|Front Desk|Multi Cuisine Restaurant |Locker Facility|Power Backup|Gardens|Transfers Available|Internet Access Free|Room Service (24 Hours)|Outdoor Parking - Secured|Parking Facility|Room Service|Porter Services Available|Public Restrooms,Country Inn and Suites By Carlson Bathinda
Kohima,The standard check-in time is 12:00 PM and the standard check-out time is 12:00 PM. Early check-in or late check-out is strictly subjected to availability and may be chargeable by the hotel. Any early check-in or late check-out request must be directed and reconfirmed with hotel directly,Swimming Pool|Ballroom|Banquet Facilities|Lift / Elevator|Lobby|Parking Facilities Available|24 Hour Front Desk,De Oriental Grand
Chail,The standard check-in time is 12:00 PM and the standard check-out time is 12:00 PM. Early check-in or late check-out is strictly subjected to availability and may be chargeable by the hotel. Any early check-in or late check-out request must be directed and reconfirmed with hotel directly,,Deelux hotel chail
Lonavala,The standard check-in time is 12:00 PM and the standard check-out time is 10:00 AM. Early check-in or late check-out is strictly subjected to availability and may be chargeable by the hotel. Any early check-in or late check-out request must be directed and reconfirmed with hotel directly,Doctor on Call|Lobby|Front Desk|RO Water Purification System,Christy Kripa 3 BHK AC Villa
Chennai,The standard check-in time is 12:00 PM and the standard check-out time is 12:15 AM. Early check-in or late check-out is strictly subjected to availability and may be chargeable by the hotel. Any early check-in or late check-out request must be directed and reconfirmed with hotel directly Hotel may charge compulsory gala dinner supplement on Christmas / New Year's eve or other festive periods. Any such supplements need to be paid directly at the hotel.,Doctor on Call,Crescent Sea Cliff
Delhi,The standard check-in time is 02:00 PM and the standard check-out time is 12:00 PM. Early check-in or late check-out is strictly subjected to availability and may be chargeable by the hotel. Any early check-in or late check-out request must be directed and reconfirmed with hotel directly No Pets Allowed. Families are welcome.,"Swimming Pool|Airport Transfer Available / Surcharge|Babysitting/ Child Care (surcharge)|Ballroom|Banquet Facilities|Bar / Lounge |Beauty Salon - on charge|Business Center |Concierge|Currency Exchange|Doctor on Call|Dry Cleaning|Gift Shop |Health Club / Gym Facility Available|Laundry Service Available|Library|Lift / Elevator|Lobby|Non Smoking Rooms|Parking Facilities Available|Front Desk|Multi Cuisine Restaurant |Secretarial Services|Non Smoking Hotel|Spa On Site - Chargeable|Local Tour / Travel Desk|Valet service|Major Credit Cards Accepted|24 Hour Front Desk|Luggage Storage|Doorman|Medical Assistance Available|Air-Conditioning - Central|Welcome Drinks|Express Check-In / Check-Out|Gardens|Audio - Visual Equipment|Wedding Services Facility|Catering|Exhibit Space|Fitness Equipment|Sauna|Suitable For Children|Coffee Shop / Cafe|Conference Facility |Access Via Exterior Corridors|Electronic / Magnetic Keys|Multi - Line Phone|Fire Place Available |Floor Butler|Jacuzzi|Wheelchair Accessibility - Room|Massage Services |Pick Up and Drop (Rly Station, Bus Stand, Temple)|Nature Walk|Smoking Area |In House Events |Vegetarian Food / Jain Food Available|Extra Person / Child - Share the same room|Village Visit ( Chargeable )|Car Rental|Express Laundry|Kids Play Zone|Taxi Services|Board Room|Food Facility|Yoga Hall / Classes|Electronic Check-Out|Whirlpool Bath / Shower Cubicle|Postal / Parcel Services|Family Room|Room Service (24 Hours)|Spa Services Nearby|Voicemail|Party hall|Air / Rail Booking|STD / ISD|Baggage Room|Courier Service|Guide / Sightseeing Service|Adjoining Rooms",Dusit Devarana
Pratapgarh,The standard check-in time is 09:00 AM and the standard check-out time is 09:00 AM. Early check-in or late check-out is strictly subjected to availability and may be chargeable by the hotel. Any early check-in or late check-out request must be directed and reconfirmed with hotel directly We do not allow unmarried / unrelated couples to checkin. This is at full discretion of the hotel management. No refund would be applicable in case the checkin is denied under such circumstances. Customer Government approved Photo ID card is must to carry at the time of check in.,Bar / Lounge |Business Center |Doctor on Call|Internet Access - Surcharge|Laundry Service Available|Parking Facilities Available|Front Desk|Power Backup|Gardens|Outdoor Parking - Secured|Parking Facility|Room Service|Fire Safety|Fire Exit Signs,Fort Dhariyawad
Shantiniketan,The standard check-in time is 12:00 PM and the standard check-out time is 12:00 PM. Early check-in or late check-out is strictly subjected to availability and may be chargeable by the hotel. Any early check-in or late check-out request must be directed and reconfirmed with hotel directly Guests must report any loss of or damage to their property immediately,Concierge|Doctor on Call|Dry Cleaning|Parking Facilities Available|Locker Facility|24 Hour Front Desk|Luggage Storage|Doorman|Suitable For Children|Food Facility|Family Room|Room Service (24 Hours)|Parking Facility|Internet Access|Restaurant|Room Service,Farm Ville Boutique Resort
Chandigarh,"The standard check-in time is 12:00 PM and the standard check-out time is 12:00 PM. Early check-in or late check-out is strictly subjected to availability and may be chargeable by the hotel. Any early check-in or late check-out request must be directed and reconfirmed with hotel directly Early check-in / late check-out are subject to availability of rooms. Check-in / Check-out time is 12 noon. Aforesaid rates are per night, net non commissionable. Extension of stay is subject to availability of rooms.",Bar / Lounge |Doctor on Call|Golf Course|Parking Facilities Available|Multi Cuisine Restaurant |24 Hour Front Desk|Luggage Storage|Power Backup|Wedding Services Facility|Catering|Wake-up Call / Service|Suitable For Children|Separate Sitting Area|Coffee Shop / Cafe|Clubhouse|Nature Walk|Kids Play Zone|Food Facility|Newspapers In Lobby|Children's Park|Baggage Room|RO Water Purification System|Outdoor Parking - Secured|Parking Facility|Restaurant|Trekking,Forest Hill Resort &amp; Golf Club
Gurgaon,The standard check-in time is 12:00 PM and the standard check-out time is 12:00 PM. Early check-in or late check-out is strictly subjected to availability and may be chargeable by the hotel. Any early check-in or late check-out request must be directed and reconfirmed with hotel directly Hotel may charge compulsory gala dinner supplement on Christmas / New Year's eve or other festive periods. Any such supplements need to be paid directly at the hotel.Cancellation/amendment for booking advance Purchase offer Will be non refundable.,Banquet Facilities|Business Center |Doctor on Call|Dry Cleaning|Laundry Service Available|Multi Cuisine Restaurant |Locker Facility|Express Check-In / Check-Out|Car Rental|Taxi Services|Room Service (24 Hours)|Airport Transfer Free,Fortune Select Excalibur
Bandipur,The standard check-in time is 01:00 PM and the standard check-out time is 11:00 AM. Early check-in or late check-out is strictly subjected to availability and may be chargeable by the hotel. Any early check-in or late check-out request must be directed and reconfirmed with hotel directly Credit Card Payments at Hotel incur a credit card charge of 2.5% Hotel may charge compulsory gala dinner supplement on Christmas / New Year's eve or other festive periods. Any such supplements need to be paid directly at the hotel.,Airport Transfer Available / Surcharge|Concierge|Currency Exchange|Doctor on Call|Gift Shop |Internet Access - Surcharge|Laundry Service Available|Library|Lobby|Parking Facilities Available|Front Desk|Multi Cuisine Restaurant |Locker Facility|Major Credit Cards Accepted|Power Backup|Gardens|Safari|Smoking Area | Drivers Rest Room|Internet Access Free|RO Water Purification System|Outdoor Parking - Secured|Parking Facility|Internet Access|Room Service|Fire Safety|CCTV|Paid Transfers|Public Restrooms|Stamps and Mailing Facility,Dholes Den Bandipur
Hyderabad,"The standard check-in time is 12:00 PM and the standard check-out time is 12:00 PM. Early check-in or late check-out is strictly subjected to availability and may be chargeable by the hotel. Any early check-in or late check-out request must be directed and reconfirmed with hotel directly According to government regulations, a valid Photo ID has to be carried by every person who stays at the hotel. The identification proofs accepted are Drivers License, Voters Card, Passport, Ration Card. Without valid ID the guest will not be allowed to check in. Note- PAN Cards will not be accepted as a valid ID card.   *   It is mandatory for guests to present valid photo identification at the time of check-in.   *   The primary guest checking in to the hotel must be at least 21 years of age.   *   The hotel reserves the right of admission. Accommodation can be denied to guests posing as a couple if suitable proof of identification is not presented at check-in.   *   The hotel reserves the right of admission for local residents. Accommodation can be denied to guests residing in the same city.   *   Local ID proof will not be valid.",Business Center |Laundry Service Available|Parking Facilities Available|Front Desk|Multi Cuisine Restaurant |Major Credit Cards Accepted|24 Hour Front Desk|Medical Assistance Available|Welcome Drinks|Power Backup|Food Facility|Newspapers In Lobby|Room Service (24 Hours)|Parking Facility,Executel Begumpet
Chennai,The standard check-in time is 12:00 PM and the standard check-out time is 12:00 PM. Early check-in or late check-out is strictly subjected to availability and may be chargeable by the hotel. Any early check-in or late check-out request must be directed and reconfirmed with hotel directly It is mandatory for guests to present valid photo identification at the time of check-in. Payment with Debit Card/Credit Card will attract service charges as applicable.,Airport Transfer Available / Surcharge|Laundry Service Available|Parking Facilities Available|Front Desk|Newspapers In Lobby|Room Service (24 Hours)|Restaurant,Executive Comfort (T.Nagar)
Alleppey,The standard check-in time is 12:00 PM and the standard check-out time is 12:00 PM. Early check-in or late check-out is strictly subjected to availability and may be chargeable by the hotel. Any early check-in or late check-out request must be directed and reconfirmed with hotel directly We do not allow unmarried / unrelated couples to checkin. This is at full discretion of the hotel management. No refund would be applicable in case the checkin is denied under such circumstances,Doctor on Call|Parking Facilities Available|Front Desk|Medical Assistance Available|Public Restrooms,Focus Houseboat - Four Bedded
Alleppey,The standard check-in time is 12:00 PM and the standard check-out time is 12:00 PM. Early check-in or late check-out is strictly subjected to availability and may be chargeable by the hotel. Any early check-in or late check-out request must be directed and reconfirmed with hotel directly Hotel may charge compulsory gala dinner supplement on Christmas / New Year's eve or other festive periods. Any such supplements need to be paid directly at the hotel.,Airport Transfer Available / Surcharge|Banquet Facilities|Business Center |Disabled Friendly Facilities |Doctor on Call|Dry Cleaning|Laundry Service Available|Front Desk|Multi Cuisine Restaurant |Secretarial Services|Welcome Drinks|Conference Facility |Board Room|Newspapers In Lobby,Emarald Pristine Island
Karnal,The standard check-in time is 12:00 PM and the standard check-out time is 12:00 PM. Early check-in or late check-out is strictly subjected to availability and may be chargeable by the hotel. Any early check-in or late check-out request must be directed and reconfirmed with hotel directly Booking rates will not be valid for Christmas and New year dates High season and long weekend dates extra supplement will be charged over and above the paid rates as per actual and hotel discretion.,Doctor on Call|Parking Facilities Available|Front Desk|Room Service,Fidalgo hotel Pvt. Ltd.
Rishikesh,The standard check-in time is 01:00 PM and the standard check-out time is 11:00 AM. Early check-in or late check-out is strictly subjected to availability and may be chargeable by the hotel. Any early check-in or late check-out request must be directed and reconfirmed with hotel directly Hotel may charge compulsory gala dinner supplement on Christmas / New Year's eve or other festive periods. Any such supplements need to be paid directly at the hotel.,Concierge|Doctor on Call|Parking Facilities Available|Front Desk|Multi Cuisine Restaurant |Doorman,Forrest Raja Ji National Park
Mcleodganj,The standard check-in time is 12:00 PM and the standard check-out time is 12:00 PM. Early check-in or late check-out is strictly subjected to availability and may be chargeable by the hotel. Any early check-in or late check-out request must be directed and reconfirmed with hotel directly Pets are not allowed. Valid Photo ID required for check-in,Doctor on Call|Laundry Service Available|Lobby|Parking Facilities Available|Front Desk,Fontana  Hotel
Lucknow,The standard check-in time is 02:00 PM and the standard check-out time is 12:00 PM. Early check-in or late check-out is strictly subjected to availability and may be chargeable by the hotel. Any early check-in or late check-out request must be directed and reconfirmed with hotel directly The standard check-in time is 02:00 PM and the standard check-out time is 12:00 PM. Early check-in or late check-out is strictly subjected to availability and may be chargeable by the hotel. Any early check-in or late check-out request must be direct  We do not allow unmarried / unrelated couples to checkin. This is at full discretion of the hotel management. No refund would be applicable in case the checkin is denied under such circumstances,Bar / Lounge |Business Center |Internet Access - Surcharge|Laundry Service Available|Lift / Elevator|Parking Facilities Available|Front Desk|Locker Facility|Medical Assistance Available|Power Backup|Room Service (24 Hours)|Outdoor Parking - Secured|Parking Facility|Internet Access|Room Service,Function Inn Hotel
Bangalore,The standard check-in time is 12:00 PM and the standard check-out time is 11:00 AM. Early check-in or late check-out is strictly subjected to availability and may be chargeable by the hotel. Any early check-in or late check-out request must be directed and reconfirmed with hotel directly Our Inns reserve the right to admission. Accommodation can be denied to the guests posing as a couple if suitable identification and a non-local address proof is not presented at check-in. MAP plan includes limited menu meal.,Doctor on Call|Laundry Service Available|Lift / Elevator|Lobby|Non Smoking Rooms|Front Desk|Multi Cuisine Restaurant |Major Credit Cards Accepted|24 Hour Front Desk|Luggage Storage|Doorman|Medical Assistance Available|Power Backup|Multi Lingual Staff|Wake-up Call / Service|Separate Sitting Area|Smoking Rooms|Fire Place Available |Veg / Non Veg Kitchens Separate |Food Facility|Newspapers In Lobby|Whirlpool Bath / Shower Cubicle|Baggage Room|Internet / Fax (Reception area only)|RO Water Purification System|Internet Access|Restaurant|Room Service|Fire Safety|CCTV|Fire Exit Signs|First-Aid Kit at Front Desk,FabHotel Monarch Jayanagar
Mumbai,The standard check-in time is 12:00 PM and the standard check-out time is 11:00 AM. Early check-in or late check-out is strictly subjected to availability and may be chargeable by the hotel. Any early check-in or late check-out request must be directed and reconfirmed with hotel directly Our Inns reserve the right to admission. Accommodation can be denied to the guests posing as a couple if suitable identification and a non-local address proof is not presented at check-in. MAP plan includes limited menu meal.,Banquet Facilities|Concierge|Doctor on Call|Internet Access - Surcharge|Laundry Service Available|Lift / Elevator|Lobby|Parking Facilities Available|Front Desk|Multi Cuisine Restaurant |Locker Facility|Valet service|Major Credit Cards Accepted|24 Hour Front Desk|Luggage Storage|Doorman|Medical Assistance Available|Air-Conditioning - Central|Power Backup|Gardens|Multi Lingual Staff|Wake-up Call / Service|Suitable For Children|Separate Sitting Area|Coffee Shop / Cafe|Conference Facility |Smoking Rooms|Kitchen available (home cook food on request)|Vegetarian Food / Jain Food Available|Food Facility|Newspapers In Lobby|Whirlpool Bath / Shower Cubicle|Family Room|Room Service (24 Hours)|Spa Services Nearby|Baggage Room|Internet / Fax (Reception area only)|Parking Facility|Restaurant|Fire Safety|CCTV|Fire Exit Signs|First-Aid Kit at Front Desk|Speciality Restaurant,FabHotel Parimeet Navi Mumbai
Coimbatore,"The standard check-in time is 02:00 PM and the standard check-out time is 12:00 PM. Early check-in or late check-out is strictly subjected to availability and may be chargeable by the hotel. Any early check-in or late check-out request must be directed and reconfirmed with hotel directly Booking rates will not be valid for Christmas  New year dates, High season  long weekend dates  extra supplement will be charged over  above the paid rates as per actual  hotel discretion.",Doctor on Call|Parking Facilities Available|Medical Assistance Available|Wake-up Call / Service|Outdoor Parking - Secured|Parking Facility,DUNAG SPRINGS
Srinagar,The standard check-in time is 12:00 PM and the standard check-out time is 12:00 PM. Early check-in or late check-out is strictly subjected to availability and may be chargeable by the hotel. Any early check-in or late check-out request must be directed and reconfirmed with hotel directly,Doctor on Call|Front Desk|24 Hour Front Desk|Room Service (24 Hours)|RO Water Purification System,Dilshad group of Houseboats
Indore,"The standard check-in time is 12:00 PM and the standard check-out time is 11:00 AM. Early check-in or late check-out is strictly subjected to availability and may be chargeable by the hotel. Any early check-in or late check-out request must be directed and reconfirmed with hotel directly Pan Card is not considered as Valid I.D. Proof. Local I.D.'s are not acceptable. Unmarried Couples are not allowed. All Guests has to present Valid I,D. Proof at Check-In.",,Diamond Boutique Hotel
Kolkata,The standard check-in time is 12:00 PM and the standard check-out time is 11:00 AM. Early check-in or late check-out is strictly subjected to availability and may be chargeable by the hotel. Any early check-in or late check-out request must be directed and reconfirmed with hotel directly Married Couples should carry their proper Id prof.,Banquet Facilities|Business Center |Currency Exchange|Disabled Friendly Facilities |Doctor on Call|Dry Cleaning|Laundry Service Available|Lift / Elevator|Lobby|Non Smoking Rooms|Parking Facilities Available|Front Desk|Multi Cuisine Restaurant |Spa On Site - Chargeable|Local Tour / Travel Desk|Major Credit Cards Accepted|Power Backup|Conference Facility |Internet Access Free|Room Service|CCTV,Down Town Guest House
Mumbai,The standard check-in time is 12:00 PM and the standard check-out time is 12:00 PM. Early check-in or late check-out is strictly subjected to availability and may be chargeable by the hotel. Any early check-in or late check-out request must be directed and reconfirmed with hotel directly We do not allow unmarried / unrelated couples to check-in. This is at full discretion of the hotel management.  No refund would be applicable in case the checkin is denied under such circumstances,Doctor on Call|Lobby|Front Desk|Local Tour / Travel Desk|Major Credit Cards Accepted|24 Hour Front Desk|Medical Assistance Available|Air-Conditioning - Central|Power Backup| Cook Services|Parking Facility|Room Service,Famous Rest House
Chennai,The standard check-in time is 12:00 PM and the standard check-out time is 11:00 AM. Early check-in or late check-out is strictly subjected to availability and may be chargeable by the hotel. Any early check-in or late check-out request must be directed and reconfirmed with hotel directly Our Inns reserve the right to admission. Accommodation can be denied to the guests posing as a couple if suitable identification and a non-local address proof is not presented at check-in. MAP plan includes limited menu meal.,Banquet Facilities|Doctor on Call|Dry Cleaning|Internet Access - Surcharge|Laundry Service Available|Lift / Elevator|Lobby|Non Smoking Rooms|Parking Facilities Available|Front Desk|Multi Cuisine Restaurant |24 Hour Front Desk|Luggage Storage|Doorman|Welcome Drinks|Power Backup|Gardens|Multi Lingual Staff|Wake-up Call / Service|Conference Facility |Smoking Area |Food Facility|Newspapers In Lobby|Family Room|Room Service (24 Hours)|Parking Facility|Internet Access|Room Service|Fire Exit Signs|Security at All Hotel Entrances,FabHotel Blossom T. Nagar
Kolkata,"The standard check-in time is 11:00 AM and the standard check-out time is 11:00 AM. Early check-in or late check-out is strictly subjected to availability and may be chargeable by the hotel. Any early check-in or late check-out request must be directed and reconfirmed with hotel directly Booking rates will not be valid for Christmas and New year dates, High season and long weekend dates , extra supplement will be charged over and above the paid rates as per actual and hotel discretion",Business Center |Doctor on Call|Dry Cleaning|Laundry Service Available|Lift / Elevator|Parking Facilities Available|Multi Cuisine Restaurant |Wake-up Call / Service|Separate Sitting Area|Wheelchair Accessibility - Room|Extra Person / Child - Share the same room|Car Rental|Express Laundry|Taxi Services|Newspapers In Lobby|Room Service (24 Hours)|Outdoor Parking - Secured|Room Service,Falcon Guest House
Udaipur,The standard check-in time is 12:00 PM and the standard check-out time is 10:00 AM. Early check-in or late check-out is strictly subjected to availability and may be chargeable by the hotel. Any early check-in or late check-out request must be directed and reconfirmed with hotel directly There may be additional charges and taxes applicable. Pets are not allowed.,Banquet Facilities|Internet Access - Surcharge|Lift / Elevator|Lobby|Front Desk|Multi Cuisine Restaurant |Locker Facility|Local Tour / Travel Desk|Major Credit Cards Accepted|24 Hour Front Desk|Luggage Storage|Air-Conditioning - Central|Power Backup|Conference Facility |Vegetarian Food / Jain Food Available|Taxi Services|Food Facility| Drivers Rest Room|Newspapers In Lobby|Family Room|Party hall|Baggage Room|Guide / Sightseeing Service|Internet / Fax (Reception area only)|Outdoor Parking - Secured|Restaurant|Room Service|Fire Safety|CCTV|Security at All Hotel Entrances|Suites,Florence Continental Hotel
Thekkady,"The standard check-in time is 12:00 PM and the standard check-out time is 12:00 PM. Early check-in or late check-out is strictly subjected to availability and may be chargeable by the hotel. Any early check-in or late check-out request must be directed and reconfirmed with hotel directly 1.ALL GUESTS ARE REQUIRED TO PRESENT PROPER PHOTO IDENTIFICATION UPON CHECK IN. 2.The identity proof would include a valid Driving license/voter identity card/PAN card, etc. Valid Passport mandatory for all Foreign guests. 3.Booking rates will not be valid for Christmas and New year dates High season and long weekend dates extra supplement will be charged over and above the paid rates as per actual and hotel discretion. No refund would be applicable in case the hotel denies check-in under such circumstances.",Doctor on Call|Lobby|Front Desk|Power Backup|Veranda|Taxi Services|Newspapers In Lobby|Outdoor Parking - Secured|Parking Facility|Room Service|Fire Safety|Anti-Slip Ramps|Fire Exit Signs|First-Aid Kit at Front Desk,DOLPHIN HOMESTAY
Kumarakom,The standard check-in time is 02:00 PM and the standard check-out time is 12:00 PM. Early check-in or late check-out is strictly subjected to availability and may be chargeable by the hotel. Any early check-in or late check-out request must be directed and reconfirmed with hotel directly We do not allow unmarried / unrelated couples to checkin. This is at full discretion of the hotel management. No refund would be applicable in case the checkin is denied under such circumstances,Non Smoking Rooms|Front Desk|Local Tour / Travel Desk|24 Hour Front Desk|Smoking Rooms|Extra Person / Child - Share the same room|Room Service|First-Aid Kit at Front Desk,Fantasy Riverland
Hyderabad,The standard check-in time is 12:00 PM and the standard check-out time is 11:00 AM. Early check-in or late check-out is strictly subjected to availability and may be chargeable by the hotel. Any early check-in or late check-out request must be directed and reconfirmed with hotel directly Our Inns reserve the right to admission. Accommodation can be denied to the guests posing as a couple if suitable identification and a non-local address proof is not presented at check-in. MAP plan includes limited menu meal.,Banquet Facilities|Doctor on Call|Internet Access - Surcharge|Laundry Service Available|Lift / Elevator|Lobby|Parking Facilities Available|Front Desk|Multi Cuisine Restaurant |Locker Facility|24 Hour Front Desk|Luggage Storage|Doorman|Air-Conditioning - Central|Power Backup|Multi Lingual Staff|Wake-up Call / Service|Suitable For Children|Conference Facility |Food Facility|Newspapers In Lobby|Room Service (24 Hours)|RO Water Purification System|Outdoor Parking - Secured|Parking Facility|Internet Access|Restaurant|Room Service|CCTV|First-Aid Kit at Front Desk,FabHotel MyPlace Kondapur HICC
Shimla,"The standard check-in time is 12:00 PM and the standard check-out time is 11:00 AM. Early check-in or late check-out is strictly subjected to availability and may be chargeable by the hotel. Any early check-in or late check-out request must be directed and reconfirmed with hotel directly Smoking , Alcohol and Non vegetarian eatables are not allowed in rooms as well as outside the rooms.  Check -in at 12:00 Noon.  Check - Out at 11:00 Noon.  Home made food is served to the Guests.  During the stay Guests can attend Yoga Sessions .",Health Club / Gym Facility Available|Laundry Service Available|Parking Facilities Available|24 Hour Front Desk|Internet Access Free|Room Service (24 Hours)|Outdoor Parking - Secured,Dolphin cottages Shimla
Pune,The standard check-in time is 02:00 PM and the standard check-out time is 12:00 PM. Early check-in or late check-out is strictly subjected to availability and may be chargeable by the hotel. Any early check-in or late check-out request must be directed and reconfirmed with hotel directly We do not allow unmarried / unrelated couples to checkin. This is at full discretion of the hotel management. No refund would be applicable in case the checkin is denied under such circumstances,Doctor on Call|Non Smoking Rooms|Parking Facilities Available|Front Desk|Locker Facility|24 Hour Front Desk|Luggage Storage|Doorman|Smoking Rooms|Extra Person / Child - Share the same room|Baggage Room|Adjoining Rooms|Outdoor Parking - Secured|Outdoor Parking - Non Secured|Parking Facility|Room Service|First-Aid Kit at Front Desk,EliteNestle O2 Wellness Club &amp; Resort
Munnar,"The standard check-in time is 02:00 PM and the standard check-out time is 11:00 AM. Early check-in or late check-out is strictly subjected to availability and may be chargeable by the hotel. Any early check-in or late check-out request must be directed and reconfirmed with hotel directly Terms and Conditions: 1.Check-in at 12.00 noon and Check-out at 11.00 morning **** Compulsory Supplement charges to be paid **** Mandatory Christmas Gala Dinner charges on 24th Dec at Rs.1500 per person, to be paid at the hotel directly at the time of Check in Mandatory New Year Gala Dinner charges on 31st Dec at Rs.2500 per person, to be paid at the hotel directly at the time of Check in",Airport Transfer Available / Surcharge|Barbecue Area|Doctor on Call|Laundry Service Available|Parking Facilities Available|Front Desk|Multi Cuisine Restaurant |Non Smoking Hotel|24 Hour Front Desk|Luggage Storage|Power Backup|Gardens|Suitable For Children|Boating|Nature Walk|Smoking Area |Veranda| Bike on Rent|In House Events |Village Visit ( Chargeable )|Express Laundry|Meditation Room|Water Dispenser Available|Campfire / Bon Fire|Food Facility| Drivers Rest Room|Internet Access Free|Yoga Hall / Classes|Guide / Sightseeing Service|Outdoor Parking - Secured|Outdoor Parking - Non Secured|Parking Facility|Restaurant|Room Service,Ecotones Camps Pvt Ltd
Havelock,The standard check-in time is 11:00 AM and the standard check-out time is 09:00 AM. Early check-in or late check-out is strictly subjected to availability and may be chargeable by the hotel. Any early check-in or late check-out request must be directed and reconfirmed with hotel directly We do not allow unmarried / unrelated couples to checkin. This is at full discretion of the hotel management. No refund would be applicable in case the checkin is denied under such circumstances. No refund applicable in case of any cancellation of ferry due to weather condition and in case of natural calamity. Dinner Supplement compulsory for 20.12.15 till 20.01.2016  Extra to be paid at the hotel directly,Doctor on Call|Lobby|Front Desk|Local Tour / Travel Desk,Dolphin Resort
Nashik,"The standard check-in time is 12:00 PM and the standard check-out time is 12:00 PM. Early check-in or late check-out is strictly subjected to availability and may be chargeable by the hotel. Any early check-in or late check-out request must be directed and reconfirmed with hotel directly Government Approved Photo Ids required at the time of check in for all the room occupants. Check In and Check Out 12 Noon. Early check in subject to availability, may be chargeable.",Swimming Pool|Ballroom|Billiards|Business Center |Concierge|Doctor on Call|Internet Access - Surcharge|Laundry Service Available|Lift / Elevator|Lobby|Parking Facilities Available|Front Desk|Multi Cuisine Restaurant |Squash court|Table Tennis|Local Tour / Travel Desk,Express Inn The Business Luxury Hotel
Pondicherry,"The standard check-in time is 12:00 PM and the standard check-out time is 12:00 PM. Early check-in or late check-out is strictly subjected to availability and may be chargeable by the hotel. Any early check-in or late check-out request must be directed and reconfirmed with hotel directly Booking rates will not be valid for Christmas  New year dates, High season  long weekend dates  extra supplement will be charged over  above the paid rates as per actual  hotel discretion.",Business Center |Internet Access - Surcharge|Laundry Service Available|Gardens|Room Service (24 Hours)|Outdoor Parking - Secured|Parking Facility|Room Service|Public Restrooms,FRIENDS HOUSE
Goa,The standard check-in time is 12:00 PM and the standard check-out time is 10:30 AM. Early check-in or late check-out is strictly subjected to availability and may be chargeable by the hotel. Any early check-in or late check-out request must be directed and reconfirmed with hotel directly Please note that the hotel is charging a compulsory gala dinner surcharge on 24th Dec @ Rs 1000/- per person and on 31st Dec @ Rs 1000/- per head. This amount is payable directly on Check in or the hotel will deny check in.,Swimming Pool|Bar / Lounge |Business Center |Currency Exchange|Doctor on Call|Gift Shop |Internet Access - Surcharge|Laundry Service Available|Parking Facilities Available|Front Desk|Locker Facility|24 Hour Front Desk|Doorman|Power Backup|Gardens|Suitable For Children|Coffee Shop / Cafe|Conference Facility |ATM / Banking|Picnic Area|Poolside Bar|Veranda|Car Rental|Pool Cafe|Internet Access Free|Family Room|Spa Services Nearby|Baggage Room|Outdoor Parking - Secured|Parking Facility|Internet Access|Fire Safety|Fire Exit Signs|First-Aid Kit at Front Desk|Pest Control Facility|Security at All Hotel Entrances,Dona Alcina Resorts
Bangalore,The standard check-in time is 06:00 AM and the standard check-out time is 12:00 PM. Early check-in or late check-out is strictly subjected to availability and may be chargeable by the hotel. Any early check-in or late check-out request must be directed and reconfirmed with hotel directly,Business Center |Internet Access - Surcharge|Laundry Service Available|Parking Facilities Available|Front Desk|Secretarial Services|24 Hour Front Desk|Power Backup|Car Rental|Newspapers In Lobby|Room Service (24 Hours)|Air / Rail Booking|Courier Service|Outdoor Parking - Secured|Parking Facility,El-Shaddai Homes
Goa,The standard check-in time is 11:00 AM and the standard check-out time is 10:00 AM. Early check-in or late check-out is strictly subjected to availability and may be chargeable by the hotel. Any early check-in or late check-out request must be directed and reconfirmed with hotel directly Hotel may charge compulsory gala dinner supplement on Christmas / New Year's eve or other festive periods. Any such supplements need to be paid directly at the hotel.,"Airport Transfer Available / Surcharge|Barbecue Area|Laundry Service Available|Parking Facilities Available|Front Desk|Multi Cuisine Restaurant |Local Tour / Travel Desk|Major Credit Cards Accepted|24 Hour Front Desk|Luggage Storage|Gardens|Wake-up Call / Service|Wheelchair Accessibility - Room|Pick Up and Drop (Rly Station, Bus Stand, Temple)|Open Air Restaurant / Dining | Bike on Rent|Village Visit ( Chargeable )|Car Rental|Taxi Services|Food Facility|Air / Rail Booking|Outdoor Parking - Non Secured|Parking Facility|Restaurant|Room Service|CCTV|First-Aid Kit at Front Desk|Full Time Operation for All 7 Days|Paid Transfers|Public Restrooms",Downhill Village
Bangalore,"The standard check-in time is 02:00 PM and the standard check-out time is 12:00 PM. Early check-in or late check-out is strictly subjected to availability and may be chargeable by the hotel. Any early check-in or late check-out request must be directed and reconfirmed with hotel directly Booking rates will not be valid for Christmas and New year dates, High season and long weekend dates , extra supplement will be charged over and above the paid rates as per actual and hotel discretion.",Front Desk|24 Hour Front Desk|Luggage Storage|Room Service (24 Hours)|Room Service,DM Bluemoon Comforts
Katra,The standard check-in time is 12:00 PM and the standard check-out time is 12:00 PM. Early check-in or late check-out is strictly subjected to availability and may be chargeable by the hotel. Any early check-in or late check-out request must be directed and reconfirmed with hotel directly 1.   not allowed unmarried couple 2.   not allowed local person 3.   not allowed room for drinking and gambling porpose. 4.   allow married couple if they show both i.d proof.,Doctor on Call|Parking Facilities Available|Front Desk|Room Service,Dubey Guest House
Bangalore,"The standard check-in time is 02:00 PM and the standard check-out time is 12:00 PM. Early check-in or late check-out is strictly subjected to availability and may be chargeable by the hotel. Any early check-in or late check-out request must be directed and reconfirmed with hotel directly Booking rates will not be valid for Christmas and New year dates, High season and long weekend dates , extra supplement will be charged over and above the paid rates as per actual and hotel discretion",Doctor on Call|Parking Facilities Available|Outdoor Parking - Secured|Parking Facility|Public Restrooms,Falcon Suites-Residency Road
Tirupati,The standard check-in time is 12:00 PM and the standard check-out time is 12:00 PM. Early check-in or late check-out is strictly subjected to availability and may be chargeable by the hotel. Any early check-in or late check-out request must be directed and reconfirmed with hotel directly Check in time 12:00 noon. Check out time 12:00Noon. Valid photo ID required for all adult guests. Outside food and/or drinks are not allowed in the premises. Pets not allowed.,"Swimming Pool|Airport Transfer Available / Surcharge|Babysitting/ Child Care (surcharge)|Ballroom|Banquet Facilities|Bar / Lounge |Beauty Salon - on charge|Business Center |Concierge|Currency Exchange|Disabled Friendly Facilities |Doctor on Call|Dry Cleaning|Gift Shop |Health Club / Gym Facility Available|Laundry Service Available|Library|Lift / Elevator|Lobby|Non Smoking Rooms|Parking Facilities Available|Private / Plunge Pool|Front Desk|Multi Cuisine Restaurant |Locker Facility|Secretarial Services|Spa On Site - Chargeable|Local Tour / Travel Desk|Valet service|Major Credit Cards Accepted|24 Hour Front Desk|Luggage Storage|Doorman|Medical Assistance Available|Air-Conditioning - Central|Welcome Drinks|Power Backup|Express Check-In / Check-Out|Audio - Visual Equipment|Wedding Services Facility|Catering|Multi Lingual Staff|Exhibit Space|Wake-up Call / Service|Fitness Equipment|Porter / Bellhop|Suitable For Children|Coffee Shop / Cafe|Conference Facility |Smoking Rooms|Disabled Friendly Rooms|Fax Machine|Electronic / Magnetic Keys|Limousine Service Available|Multi - Line Phone|Fire Place Available |Cell Phone Rental|Wheelchair Accessibility - Room|Massage Services |Poolside Bar|Pick Up and Drop (Rly Station, Bus Stand, Temple)|Smoking Area |Veg / Non Veg Kitchens Separate |Vegetarian Food / Jain Food Available|Extra Person / Child - Share the same room|Car Rental|Express Laundry|Oxygen Cylinder (on request)|Taxi Services|Board Room|Campfire / Bon Fire|Food Facility| Drivers Rest Room|Newspapers In Lobby|Whirlpool Bath / Shower Cubicle|Room Service (24 Hours)|Spa Services Nearby|Voicemail|Party hall|Air / Rail Booking|STD / ISD|Baggage Room|Courier Service|Guide / Sightseeing Service|Adjoining Rooms|RO Water Purification System|Outdoor Parking - Secured|Parking Facility",Fortune Select Grand Ridge
Srinagar,The standard check-in time is 12:00 PM and the standard check-out time is 12:00 PM. Early check-in or late check-out is strictly subjected to availability and may be chargeable by the hotel. Any early check-in or late check-out request must be directed and reconfirmed with hotel directly,Laundry Service Available|Locker Facility|Power Backup|Airport Transfer Free,Firdous
Malvan,The standard check-in time is 12:00 PM and the standard check-out time is 10:00 AM. Early check-in or late check-out is strictly subjected to availability and may be chargeable by the hotel. Any early check-in or late check-out request must be directed and reconfirmed with hotel directly We do not allow unmarried / unrelated couples to check-in. This is at full discretion of the hotel management.  No refund would be applicable in case the checkin is denied under such circumstances,Doctor on Call|Front Desk|Parking Facility|Room Service,Fort View
Chennai,"The standard check-in time is 12:00 PM and the standard check-out time is 12:00 PM. Early check-in or late check-out is strictly subjected to availability and may be chargeable by the hotel. Any early check-in or late check-out request must be directed and reconfirmed with hotel directly **** Compulsory Supplement Charges to be Paid **** Mandatory New Year Gala Dinner Charges on 31st Dec at Rs.1500 per person,to be paid at the hotel directly at the time of check in. Mandatory Christmas Gala Dinner charges on 24th Dec at Rs.1500 per person,to be paid at the hotel directly at the time of check in.","Business Center |Internet Access - Surcharge|Laundry Service Available|Parking Facilities Available|Front Desk|Multi Cuisine Restaurant |Local Tour / Travel Desk|Medical Assistance Available|Air-Conditioning - Central|Welcome Drinks|Gardens|Conference Facility |Pick Up and Drop (Rly Station, Bus Stand, Temple)|Taxi Services|Room Service (24 Hours)|Parking Facility",Emarald Hotel
Indore,The standard check-in time is 12:00 PM and the standard check-out time is 12:00 PM. Early check-in or late check-out is strictly subjected to availability and may be chargeable by the hotel. Any early check-in or late check-out request must be directed and reconfirmed with hotel directly We are upgrading the product (Renovation in progress). Your room has been booked in the new block which is completely devoid of the renovation work happening in other parts of the hotel. There is a temporary passage in place to lead you to the Reception area.  Cancellation / Amendment for booking made under any offer will be non refundable. Hotel may charge compulsory gala dinner supplement on Christmas / New Year's eve or other festive periods. Any such supplements need to be paid directly at the hotel.,Swimming Pool|Airport Transfer Available / Surcharge|Babysitting/ Child Care (surcharge)|Ballroom|Banquet Facilities|Bar / Lounge |Beauty Salon - on charge|Business Center |Concierge|Currency Exchange|Disabled Friendly Facilities |Doctor on Call|Dry Cleaning|Health Club / Gym Facility Available|Internet Access - Surcharge|Laundry Service Available|Lift / Elevator|Lobby|Non Smoking Rooms|Parking Facilities Available|Front Desk|Multi Cuisine Restaurant |Locker Facility|Secretarial Services|Local Tour / Travel Desk|Valet service|Major Credit Cards Accepted|24 Hour Front Desk|Luggage Storage|Doorman|Medical Assistance Available|Air-Conditioning - Central|Power Backup|Express Check-In / Check-Out|Gardens|Wedding Services Facility|Catering|Exhibit Space|Wake-up Call / Service|Fitness Equipment|Porter / Bellhop|Sauna|Coffee Shop / Cafe|Conference Facility |Smoking Rooms|Disabled Friendly Rooms|Fax Machine|Electronic / Magnetic Keys|Limousine Service Available|Multi - Line Phone|Cell Phone Rental|Jacuzzi|Wheelchair Accessibility - Room|Massage Services |Poolside Bar|Smoking Area |Veranda|Open Air Restaurant / Dining |Extra Person / Child - Share the same room|Express Laundry|Mini Theatre|Board Room|Karaoke |Food Facility|Newspapers In Lobby|Electronic Check-Out|Children's Park|Whirlpool Bath / Shower Cubicle|Room Service (24 Hours)|Party hall|STD / ISD|Baggage Room|Adjoining Rooms|RO Water Purification System|Airport Transfer Free|Parking Facility,Fortune Landmark
Varanasi,The standard check-in time is 12:00 PM and the standard check-out time is 12:00 PM. Early check-in or late check-out is strictly subjected to availability and may be chargeable by the hotel. Any early check-in or late check-out request must be directed and reconfirmed with hotel directly Hotel may charge compulsory gala dinner supplement on Christmas / New Year's eve or other festive periods. Any such supplements need to be paid directly at the hotel. Check in and Check out - 12 Noon,Laundry Service Available|Lift / Elevator|Parking Facilities Available|Front Desk|Multi Cuisine Restaurant |24 Hour Front Desk|Doorman|Medical Assistance Available|Power Backup|Gardens|Porter / Bellhop|Suitable For Children|Vegetarian Food / Jain Food Available|Car Rental|Internet Access Free|Room Service (24 Hours)|Air / Rail Booking|Guide / Sightseeing Service|Parking Facility|Public Restrooms,Diamond Hotel
Thekkady,"The standard check-in time is 12:00 PM and the standard check-out time is 12:00 PM. Early check-in or late check-out is strictly subjected to availability and may be chargeable by the hotel. Any early check-in or late check-out request must be directed and reconfirmed with hotel directly It is mandatory for guests to present valid photo identification at the time of check-in. According to government regulations, a valid Photo ID has to be carried by every person above the age of 18 staying at the hotel. The identification proofs accepted are Driving License, Voter ID Card, and Passport. Without valid ID the guest will not be allowed to check-in. Hotel may charge compulsory gala dinner supplement on Christmas / New Year's eve or other festive periods. Any such supplements need to be paid directly at the hotel.",Doctor on Call|Parking Facilities Available|Local Tour / Travel Desk|Medical Assistance Available|Power Backup|Parking Facility|Room Service,Dreamland Homestay
Jaipur,The standard check-in time is 02:00 PM and the standard check-out time is 12:00 PM. Early check-in or late check-out is strictly subjected to availability and may be chargeable by the hotel. Any early check-in or late check-out request must be directed and reconfirmed with hotel directly,Doctor on Call|Lobby|Front Desk|Local Tour / Travel Desk|24 Hour Front Desk|Power Backup,Double Stays JLN Marg
Kullu,The standard check-in time is 12:00 PM and the standard check-out time is 12:00 PM. Early check-in or late check-out is strictly subjected to availability and may be chargeable by the hotel. Any early check-in or late check-out request must be directed and reconfirmed with hotel directly,Doctor on Call|Front Desk|24 Hour Front Desk|RO Water Purification System|Parking Facility,Devico Orchards &amp; Farm House Cottages
Pune,The standard check-in time is 12:00 PM and the standard check-out time is 11:00 AM. Early check-in or late check-out is strictly subjected to availability and may be chargeable by the hotel. Any early check-in or late check-out request must be directed and reconfirmed with hotel directly Our Inns reserve the right to admission. Accommodation can be denied to the guests posing as a couple if suitable identification and a non-local address proof is not presented at check-in. MAP plan includes limited menu meal.,Doctor on Call|Laundry Service Available|Lift / Elevator|Non Smoking Rooms|Parking Facilities Available|Front Desk|Multi Cuisine Restaurant |Locker Facility|24 Hour Front Desk|Air-Conditioning - Central|Power Backup|Vegetarian Food / Jain Food Available|Food Facility|Newspapers In Lobby|Room Service (24 Hours)|Parking Facility,FabHotel Lotus Koregaon Park
Dooars,The standard check-in time is 12:00 PM and the standard check-out time is 12:00 PM. Early check-in or late check-out is strictly subjected to availability and may be chargeable by the hotel. Any early check-in or late check-out request must be directed and reconfirmed with hotel directly We do not allow unmarried / unrelated couples to checkin. This is at full discretion of the hotel management. No refund would be applicable in case the checkin is denied under such circumstances,Doctor on Call|Front Desk|Parking Facility|Room Service|Fire Safety,Elephanta Forest Resort
Manali,The standard check-in time is 02:00 PM and the standard check-out time is 12:00 PM. Early check-in or late check-out is strictly subjected to availability and may be chargeable by the hotel. Any early check-in or late check-out request must be directed and reconfirmed with hotel directly all visitors to be accompanied by  ids,Laundry Service Available|Parking Facilities Available|Gardens|Kitchen available (home cook food on request)|Food Facility|Internet Access Free|Outdoor Parking - Secured|Parking Facility|Room Service|Porter Services Available|Suites,everest villa homestay
Dhanaulti,The standard check-in time is 02:00 PM and the standard check-out time is 12:00 PM. Early check-in or late check-out is strictly subjected to availability and may be chargeable by the hotel. Any early check-in or late check-out request must be directed and reconfirmed with hotel directly,,Dhanaulti Woods Mountain Camp
Thiruvananthapuram,The standard check-in time is 12:00 PM and the standard check-out time is 12:00 PM. Early check-in or late check-out is strictly subjected to availability and may be chargeable by the hotel. Any early check-in or late check-out request must be directed and reconfirmed with hotel directly Cancellation and Amendment for bookings made under any offer may be Non Refundable Hotel may charge compulsory Gala dinner supplement on Christmas / New Year's eve or other festive periods. Any such supplements need to be paid directly at the hotel.,"Swimming Pool|Airport Transfer Available / Surcharge|Babysitting/ Child Care (surcharge)|Banquet Facilities|Bar / Lounge |Beauty Salon - on charge|Business Center |Concierge|Currency Exchange|Disabled Friendly Facilities |Doctor on Call|Dry Cleaning|Gift Shop |Health Club / Gym Facility Available|Laundry Service Available|Lift / Elevator|Lobby|Non Smoking Rooms|Parking Facilities Available|Front Desk|Multi Cuisine Restaurant |Locker Facility|Non Smoking Hotel|Local Tour / Travel Desk|Valet service|Major Credit Cards Accepted|24 Hour Front Desk|Luggage Storage|Doorman|Medical Assistance Available|Air-Conditioning - Central|Power Backup|Express Check-In / Check-Out|Audio - Visual Equipment|Computer Rental|Wedding Services Facility|Catering|Wake-up Call / Service|Fitness Equipment|Porter / Bellhop|Suitable For Children|Coffee Shop / Cafe|Conference Facility |Smoking Rooms|Access Via Exterior Corridors|Disabled Friendly Rooms|Fax Machine|Electronic / Magnetic Keys|Multi - Line Phone|Wheelchair Accessibility - Room|Massage Services |Pick Up and Drop (Rly Station, Bus Stand, Temple)|Smoking Area |Vegetarian Food / Jain Food Available|Extra Person / Child - Share the same room|Village Visit ( Chargeable )|Car Rental|Express Laundry|Oxygen Cylinder (on request)|Taxi Services|Board Room|Food Facility| Drivers Rest Room|Newspapers In Lobby|Postal / Parcel Services|Family Room|Room Service (24 Hours)|Party hall|Air / Rail Booking|STD / ISD|Baggage Room|Courier Service|Laptop Available on Hire|Adjoining Rooms|Outdoor Parking - Secured|Parking Facility|Internet Access|Restaurant|Room Service|Fire Safety|Anti-Slip Ramps|CCTV|Fire Exit Signs|First-Aid Kit at Front Desk|Full Time Operation for All 7 Days|Hotel Trading License|Metal Detectors|Paid Transfers|Pest Control Facility|Porter Services Available|Public Restrooms|Security at All Hotel Entrances|Smoke Detector|Stamps and Mailing Facility|Suites",Fortune Hotel The South Park
Lonavala,The standard check-in time is 12:00 PM and the standard check-out time is 10:00 AM. Early check-in or late check-out is strictly subjected to availability and may be chargeable by the hotel. Any early check-in or late check-out request must be directed and reconfirmed with hotel directly The advance payment will be non refundable and will be carried forward as credit balance.,Airport Transfer Available / Surcharge|Banquet Facilities|Beauty Salon - on charge|Concierge|Currency Exchange|Doctor on Call|Dry Cleaning|Health Club / Gym Facility Available|Internet Access - Surcharge|Lobby|Parking Facilities Available|Front Desk|Major Credit Cards Accepted|24 Hour Front Desk|Doorman|Medical Assistance Available|Air-Conditioning - Central|Welcome Drinks|Power Backup|Wedding Services Facility|Wake-up Call / Service|Sauna|Coffee Shop / Cafe|Conference Facility |Electronic / Magnetic Keys|Jacuzzi|Pool Table|Veg / Non Veg Kitchens Separate |Car Rental|Kids Play Zone| Drivers Rest Room|Newspapers In Lobby|Party hall,Fariyas Resort
Coorg,"The standard check-in time is 12:00 PM and the standard check-out time is 12:00 PM. Early check-in or late check-out is strictly subjected to availability and may be chargeable by the hotel. Any early check-in or late check-out request must be directed and reconfirmed with hotel directly Booking rates will not be valid for Christmas and New year dates, High season and long weekend dates  extra supplement will be charged over and above the paid rates as per actual and hotel discretion.",Doctor on Call|Parking Facilities Available|Front Desk|Medical Assistance Available|Public Restrooms,Divine Park Homestay
Manali,The standard check-in time is 02:00 PM and the standard check-out time is 12:00 PM. Early check-in or late check-out is strictly subjected to availability and may be chargeable by the hotel. Any early check-in or late check-out request must be directed and reconfirmed with hotel directly We do not allow unmarried / unrelated couples to checkin. This is at full discretion of the hotel management. No refund would be applicable in case the checkin is denied under such circumstances,Business Center |Internet Access - Surcharge|Parking Facilities Available|Front Desk|24 Hour Front Desk|Doorman|Catering|Grocery|Coffee Shop / Cafe|Kitchen available (home cook food on request)|Open Air Restaurant / Dining |Car Rental|Food Facility|Family Room| Cook Services|Baggage Room|Adjoining Rooms|Outdoor Parking - Secured|Parking Facility|Room Service|First-Aid Kit at Front Desk|Suites,Forest View
Kottayam,"The standard check-in time is 12:00 PM and the standard check-out time is 12:00 PM. Early check-in or late check-out is strictly subjected to availability and may be chargeable by the hotel. Any early check-in or late check-out request must be directed and reconfirmed with hotel directly 1.ALL GUESTS ARE REQUIRED TO PRESENT PROPER PHOTO IDENTIFICATION UPON CHECK IN. 2.The identity proof would include a valid Driving license/voter identity card/PAN card, etc. Valid Passport mandatory for all Foreign guests. 3.Booking rates will not be valid for Christmas and New year dates High season and long weekend dates extra supplement will be charged over and above the paid rates as per actual and hotel discretion. No refund would be applicable in case the hotel denies check-in under such circumstances.",Bar / Lounge |Business Center |Doctor on Call|Health Club / Gym Facility Available|Laundry Service Available|Lift / Elevator|Lobby|Parking Facilities Available|Front Desk|Multi Cuisine Restaurant |Locker Facility|24 Hour Front Desk|Medical Assistance Available|Power Backup|Nature Walk|Newspapers In Lobby|STD / ISD|Internet / Fax (Reception area only)|Parking Facility|Room Service|Fire Safety|CCTV|Fire Exit Signs|First-Aid Kit at Front Desk|Paid Transfers|Stamps and Mailing Facility,EXCALIBUR
Bangalore,The standard check-in time is 02:00 PM and the standard check-out time is 12:00 PM. Early check-in or late check-out is strictly subjected to availability and may be chargeable by the hotel. Any early check-in or late check-out request must be directed and reconfirmed with hotel directly We do not allow unmarried / unrelated couples to checkin. This is at full discretion of the hotel management. No refund would be applicable in case the checkin is denied under such circumstances,Non Smoking Rooms|Parking Facilities Available|Smoking Rooms|Extra Person / Child - Share the same room|Outdoor Parking - Secured|Parking Facility|Room Service,Discovery Village Nandi Foot Hills
Cochin,The standard check-in time is 01:00 PM and the standard check-out time is 12:00 PM. Early check-in or late check-out is strictly subjected to availability and may be chargeable by the hotel. Any early check-in or late check-out request must be directed and reconfirmed with hotel directly,Doctor on Call|Internet Access - Surcharge|Laundry Service Available|Non Smoking Rooms|Parking Facilities Available|Local Tour / Travel Desk|Express Laundry|Taxi Services,Fort Bridge View Homestay
Munnar,The standard check-in time is 12:00 PM and the standard check-out time is 11:00 AM. Early check-in or late check-out is strictly subjected to availability and may be chargeable by the hotel. Any early check-in or late check-out request must be directed and reconfirmed with hotel directly **** Compulsory Supplement Charges to be paid **** Hotel May Charge the supplementary Amount For Gala Dinner On Christmas And New Year Evening.  There will be season hike for Oct/Nov/Dec Rs.1000 per Room/Per night will be payable directly at the hotel at the time of check-in,Laundry Service Available|Parking Facilities Available|Front Desk|Multi Cuisine Restaurant |Locker Facility|24 Hour Front Desk|Coffee Shop / Cafe|Conference Facility |Kids Play Zone|Campfire / Bon Fire|Room Service (24 Hours),Forest Haven Resort
Munnar,The standard check-in time is 01:00 PM and the standard check-out time is 11:00 AM. Early check-in or late check-out is strictly subjected to availability and may be chargeable by the hotel. Any early check-in or late check-out request must be directed and reconfirmed with hotel directly Compulsory CHRISTMAS and NEW YEAR EVE SUPPLEMENTARY CHARGES @ Rs.2500/ PER PERSON WITH GALA DINNER AND EVE PROGRAMS AND ARE APPLICABLE FOR CHILDREN AGED ABOVE 6 YEARS which shall be collected at the time of Check/in.,Barbecue Area|Doctor on Call|Dry Cleaning|Laundry Service Available|Lobby|Parking Facilities Available|Front Desk|Multi Cuisine Restaurant |Local Tour / Travel Desk|Medical Assistance Available|Welcome Drinks|Power Backup|Gardens|Wake-up Call / Service|Coffee Shop / Cafe|Vegetarian Food / Jain Food Available|Food Facility|Newspapers In Lobby|Guide / Sightseeing Service|Parking Facility|Room Service|Trekking|CCTV|Paid Transfers,Dream Catcher Plantation
Goa,The standard check-in time is 12:00 PM and the standard check-out time is 11:00 AM. Early check-in or late check-out is strictly subjected to availability and may be chargeable by the hotel. Any early check-in or late check-out request must be directed and reconfirmed with hotel directly non refundable,Swimming Pool|Bar / Lounge |Internet Access - Surcharge|Laundry Service Available|Lobby|Parking Facilities Available|Front Desk|Multi Cuisine Restaurant |24 Hour Front Desk|Welcome Drinks|Power Backup|Gardens|Poolside Bar|Open Air Restaurant / Dining |Vegetarian Food / Jain Food Available|Pool Cafe|Outdoor Parking - Secured|Parking Facility|Restaurant|Room Service|Porter Services Available|Speciality Restaurant,Dom Pedros Haven
Nainital,The standard check-in time is 12:30 PM and the standard check-out time is 11:00 AM. Early check-in or late check-out is strictly subjected to availability and may be chargeable by the hotel. Any early check-in or late check-out request must be directed and reconfirmed with hotel directly Booking rates will not be valid for Christmas and New year dates High season and long weekend dates extra supplement will be charged over and above the paid rates as per actual and hotel discretion.,Doctor on Call|Parking Facilities Available|Front Desk|Room Service|Public Restrooms,Ek Chidiya
Shimla,The standard check-in time is 12:00 PM and the standard check-out time is 12:00 PM. Early check-in or late check-out is strictly subjected to availability and may be chargeable by the hotel. Any early check-in or late check-out request must be directed and reconfirmed with hotel directly We do not allow unmarried / unrelated couples to checkin. This is at full discretion of the hotel management. No refund would be applicable in case the checkin is denied under such circumstances,Doctor on Call|Parking Facilities Available|Front Desk|Room Service|First-Aid Kit at Front Desk,Exotic Naturals Guest House
Ernakulam,The standard check-in time is 12:00 PM and the standard check-out time is 12:00 PM. Early check-in or late check-out is strictly subjected to availability and may be chargeable by the hotel. Any early check-in or late check-out request must be directed and reconfirmed with hotel directly,Internet Access - Surcharge|Front Desk|Multi Lingual Staff,Fort Manor
Sonipat,The standard check-in time is 09:00 AM and the standard check-out time is 12:00 PM. Early check-in or late check-out is strictly subjected to availability and may be chargeable by the hotel. Any early check-in or late check-out request must be directed and reconfirmed with hotel directly 1. All guests requested to carry Valid ID proof for Check Inn. 2. Couple Guests with Local ID's are not allowed to check inn.,Doctor on Call|Internet Access - Surcharge|Parking Facilities Available|Medical Assistance Available|Welcome Drinks|Power Backup|Food Facility|Restaurant|Room Service,Gaba Hotel
Durg,"The standard check-in time is 12:00 PM and the standard check-out time is 12:00 PM. Early check-in or late check-out is strictly subjected to availability and may be chargeable by the hotel. Any early check-in or late check-out request must be directed and reconfirmed with hotel directly Hotels may not allow local residents to check-in as guests. Hotels reserve the right of admission. Unmarried/unrelated couples may not be allowed to check in. The primary guest must be at least 18 years old to be able to check into the hotel. Check in time and check out time is as per hotel policy terms. Early check in or late check out request is subject to availability and the hotel might charge extra for it. Please note that the check in time is subject to change as per hotel policy seasonality. Your stay does not include additional personal expenses like telephone charges, meals that are not part of the meal plan, any hotel services used (like laundry and room service) or tips. The hotel will charge directly for these at the time of check out.  It is mandatory for guests to present valid photo identification at the time of check in. According to government regulations, a valid Photo ID has to be carried by every person above the age of 18 staying at the hotel. The identification proofs accepted are Drivers License, Voters Card, and Passport. Without valid ID the guest will not be allowed to check in. NOTE: PAN Cards will not be accepted as a valid ID card.  Hotels may charge a mandatory meal surcharge on festive periods e.g. Christmas, New Year Eve etc. All additional charges (including mandatory meal surcharges) need to be cleared directly at the hotel.",Currency Exchange|Internet Access - Surcharge|Front Desk|Local Tour / Travel Desk|Fax Machine|Open Air Restaurant / Dining |Parking (Surcharge)|Room Service,ELITE INN
Srinagar,The standard check-in time is 12:00 PM and the standard check-out time is 12:00 PM. Early check-in or late check-out is strictly subjected to availability and may be chargeable by the hotel. Any early check-in or late check-out request must be directed and reconfirmed with hotel directly We do not allow unmarried / unrelated couples to checkin. This is at full discretion of the hotel management. No refund would be applicable in case the checkin is denied under such circumstances,Doctor on Call|Parking Facilities Available|Front Desk|Local Tour / Travel Desk|Power Backup|Express Check-In / Check-Out|Porter / Bellhop|Extra Person / Child - Share the same room|Express Laundry|Room Service (24 Hours)|Parking Facility|Fire Exit Signs|Porter Services Available,Fiji Group of Houseboats
Bangalore,"The standard check-in time is 12:00 PM and the standard check-out time is 11:00 AM. Early check-in or late check-out is strictly subjected to availability and may be chargeable by the hotel. Any early check-in or late check-out request must be directed and reconfirmed with hotel directly Guest should carry Government Issued Photo Id Proof to be provided at the reception of all occupants staying in the room, as per the rules of the Indian Government. Hotel may charge compulsory gala dinner supplement on Christmas / New Year's eve or other festive periods. Any such supplements need to be paid directly at the hotel.",Swimming Pool|Airport Transfer Available / Surcharge|Banquet Facilities|Bar / Lounge |Barbecue Area|Basketball Court |Billiards|Business Center |Dry Cleaning|Games Zone|Internet Access - Surcharge|Laundry Service Available|Multi Cuisine Restaurant |Table Tennis|Local Tour / Travel Desk|Major Credit Cards Accepted|24 Hour Front Desk|Power Backup|Gardens|Wedding Services Facility|Wake-up Call / Service|Conference Facility |Poolside Bar|Nature Walk| Bike on Rent|Village Visit ( Chargeable )|Car Rental|Kids Play Zone|Badminttion Court|Board Room|Campfire / Bon Fire| Drivers Rest Room|Outdoor Parking - Secured|Parking Facility|Room Service,Fantasy Golf Resort
Chennai,The standard check-in time is 12:00 PM and the standard check-out time is 12:00 PM. Early check-in or late check-out is strictly subjected to availability and may be chargeable by the hotel. Any early check-in or late check-out request must be directed and reconfirmed with hotel directly It is mandatory for guests to present valid photo identification at the time of check-in. Payment with Debit Card/Credit Card will attract service charges as applicable. Hotel check in and check out time: 12:00PM,Laundry Service Available|Parking Facilities Available|Front Desk|24 Hour Front Desk|Internet Access Free|Newspapers In Lobby|Room Service (24 Hours)|Restaurant,Executive Comfort (Mylapore)
Navi Mumbai,The standard check-in time is 12:00 PM and the standard check-out time is 12:00 PM. Early check-in or late check-out is strictly subjected to availability and may be chargeable by the hotel. Any early check-in or late check-out request must be directed and reconfirmed with hotel directly,Doctor on Call|Laundry Service Available|Room Service (24 Hours)|Parking Facility|Internet Access,Executive Inn
Ahmedabad,The standard check-in time is 12:00 PM and the standard check-out time is 12:00 PM. Early check-in or late check-out is strictly subjected to availability and may be chargeable by the hotel. Any early check-in or late check-out request must be directed and reconfirmed with hotel directly We do not allow unmarried / unrelated couples to checkin. This is at full discretion of the hotel management. No refund would be applicable in case the checkin is denied under such circumstances),Doctor on Call|Laundry Service Available|Parking Facilities Available|Front Desk|Doorman|Extra Person / Child - Share the same room|Family Room|Outdoor Parking - Secured|Room Service|Fire Safety|Fire Exit Signs|First-Aid Kit at Front Desk|Public Restrooms,Elis Hospitality Narayan Krupa Arcade
Karnal,"The standard check-in time is 12:00 PM and the standard check-out time is 12:00 PM. Early check-in or late check-out is strictly subjected to availability and may be chargeable by the hotel. Any early check-in or late check-out request must be directed and reconfirmed with hotel directly Guests must report any loss of or damage to their property immediately on discovery to the Hotel  Reception or other appropriate staff members, and shall make themselves available to assist with any reports made by the hotel to the police.",Doctor on Call|Lobby|Front Desk|Local Tour / Travel Desk|Power Backup|Room Service (24 Hours)|RO Water Purification System|Room Service,DEVENTURE HOTEL
Udaipur,The standard check-in time is 12:00 PM and the standard check-out time is 10:00 AM. Early check-in or late check-out is strictly subjected to availability and may be chargeable by the hotel. Any early check-in or late check-out request must be directed and reconfirmed with hotel directly Hotel may charge supplement charges on Christmas / New Year's eve or other festive periods. Any such supplements need to be paid directly at the hotel. There may be additional charges and taxes applicable.,Doctor on Call|Internet Access - Surcharge|Laundry Service Available|Parking Facilities Available|Local Tour / Travel Desk|Welcome Drinks|Power Backup|Gardens|Dance Performances (on demand)|Nature Walk|Veranda|Horse Ride ( Chargeable ) |Car Rental|Newspapers In Lobby|Guide / Sightseeing Service|Outdoor Parking - Secured|Parking Facility,Devraj Villa - A Boutique Home Stay
Lucknow,The standard check-in time is 02:00 PM and the standard check-out time is 12:00 PM. Early check-in or late check-out is strictly subjected to availability and may be chargeable by the hotel. Any early check-in or late check-out request must be directed and reconfirmed with hotel directly,Swimming Pool|Basketball Court |Billiards|Business Center |Doctor on Call|Games Zone|Parking Facilities Available|Front Desk|Table Tennis|Gardens|Pool Table|Horse Ride ( Chargeable ) |Kids Play Zone|Badminttion Court|Room Service|Fishing|Public Restrooms,Dream World
Hyderabad,"The standard check-in time is 12:00 PM and the standard check-out time is 12:00 PM. Early check-in or late check-out is strictly subjected to availability and may be chargeable by the hotel. Any early check-in or late check-out request must be directed and reconfirmed with hotel directly According to government regulations, a valid Photo ID has to be carried by every person who stays at the hotel. The identification proofs accepted are Drivers License, Voters Card, Passport, Ration Card. Without valid ID the guest will not be allowed to check in. Note- PAN Cards will not be accepted as a valid ID card.   *   It is mandatory for guests to present valid photo identification at the time of check-in.   *   The primary guest checking in to the hotel must be at least 21 years of age.   *   The hotel reserves the right of admission. Accommodation can be denied to guests posing as a couple if suitable proof of identification is not presented at check-in.   *   The hotel reserves the right of admission for local residents. Accommodation can be denied to guests residing in the same city.   *   Local ID proof will not be valid.",Laundry Service Available|Lift / Elevator|Parking Facilities Available|Front Desk|Newspapers In Lobby|Parking Facility|Restaurant,Executel  Greenlands
Cochin,The standard check-in time is 12:00 PM and the standard check-out time is 12:00 PM. Early check-in or late check-out is strictly subjected to availability and may be chargeable by the hotel. Any early check-in or late check-out request must be directed and reconfirmed with hotel directly We do not allow unmarried / unrelated couples to checkin. This is at full discretion of the hotel management. No refund would be applicable in case the checkin is denied under such circumstances,Doctor on Call|Front Desk|Local Tour / Travel Desk|24 Hour Front Desk|Baggage Room|Adjoining Rooms|RO Water Purification System|Outdoor Parking - Secured|Room Service|Fire Safety|Recreation Zone|Anti-Slip Ramps|CCTV|First-Aid Kit at Front Desk,Evershine Residency
Lucknow,The standard check-in time is 12:00 PM and the standard check-out time is 12:00 PM. Early check-in or late check-out is strictly subjected to availability and may be chargeable by the hotel. Any early check-in or late check-out request must be directed and reconfirmed with hotel directly Like the policy for : We do not allow unmarried / unrelated couples to checkin. This is at full discretion of the hotel management. No refund would be applicable in case the checkin is denied under such circumstances,Business Center |Casino|Concierge|Currency Exchange|Disabled Friendly Facilities |Doctor on Call|Dry Cleaning|Games Zone|Gift Shop |Golf Course|Health Club / Gym Facility Available|Internet Access - Surcharge|Laundry Service Available|Library|Lift / Elevator|Lobby|Night Club|Non Smoking Rooms|Parking Facilities Available|Pets Allowed|Private / Plunge Pool|Front Desk|Multi Cuisine Restaurant |Locker Facility|Secretarial Services|Non Smoking Hotel|Spa On Site - Chargeable|Solarium|Squash court|Table Tennis|Tennis Court|Local Tour / Travel Desk|Valet service|Hookah Lounge|Major Credit Cards Accepted|24 Hour Front Desk,EXCEL PARADISE INN
Goa,The standard check-in time is 12:00 PM and the standard check-out time is 11:00 AM. Early check-in or late check-out is strictly subjected to availability and may be chargeable by the hotel. Any early check-in or late check-out request must be directed and reconfirmed with hotel directly Photo Identity is compulsary for all the guest who crossed their minority  Pancard is not valid as photo identity Pets not allowed,Doctor on Call|Laundry Service Available|Lobby|Non Smoking Rooms|Parking Facilities Available|Front Desk|Locker Facility|Non Smoking Hotel|Major Credit Cards Accepted|24 Hour Front Desk|Luggage Storage|Doorman|Air-Conditioning - Central|Power Backup|Multi Lingual Staff|Separate Sitting Area|Multi - Line Phone|Fire Place Available |Newspapers In Lobby|Whirlpool Bath / Shower Cubicle|Internet / Fax (Reception area only)|Outdoor Parking - Secured|Parking Facility|Internet Access|Room Service|Fire Safety|CCTV|Fire Exit Signs|First-Aid Kit at Front Desk,FabHotel Anjuna Beachfront
Agartala,The standard check-in time is 12:00 PM and the standard check-out time is 12:00 PM. Early check-in or late check-out is strictly subjected to availability and may be chargeable by the hotel. Any early check-in or late check-out request must be directed and reconfirmed with hotel directly,Doctor on Call,EXECUTIVE INN HOTEL
Ernakulam,The standard check-in time is 12:00 PM and the standard check-out time is 11:00 AM. Early check-in or late check-out is strictly subjected to availability and may be chargeable by the hotel. Any early check-in or late check-out request must be directed and reconfirmed with hotel directly Valid ID proof is mandatory at the time of check in,Doctor on Call|Dry Cleaning|Parking Facilities Available|Front Desk|Local Tour / Travel Desk|Power Backup|Multi Lingual Staff|Massage Services |Room Service (24 Hours),Dream Catcher
Srinagar,The standard check-in time is 12:00 PM and the standard check-out time is 12:00 PM. Early check-in or late check-out is strictly subjected to availability and may be chargeable by the hotel. Any early check-in or late check-out request must be directed and reconfirmed with hotel directly All children are welcome. Free! One child under 5 years stays free of charge when using existing beds.   The maximum number of extra beds in a room is 1. There is no capacity for cribs in the room. Additional fees are not calculated automatically in the total cost and will have to be paid for separately during your stay.,Doctor on Call|Dry Cleaning|Laundry Service Available|Lobby|Local Tour / Travel Desk,Flic Houseboat
Mysore,"The standard check-in time is 12:00 PM and the standard check-out time is 12:00 PM. Early check-in or late check-out is strictly subjected to availability and may be chargeable by the hotel. Any early check-in or late check-out request must be directed and reconfirmed with hotel directly No Show, Cancellation charges will be 100 % Cost. within 24 hrs of checkin, Cancellation charges will be 1 Night Cost. post 24 hours i.e. on and before 2 days of checkin, Cancellation charges will be Rs. 0 Fixed Cost.",Doctor on Call|Parking Facilities Available|Front Desk|Local Tour / Travel Desk|Room Service,Emerald Homes
Siliguri,The standard check-in time is 12:00 PM and the standard check-out time is 12:00 PM. Early check-in or late check-out is strictly subjected to availability and may be chargeable by the hotel. Any early check-in or late check-out request must be directed and reconfirmed with hotel directly Booking rates will not be valid for Christmas and New year dates High season and long weekend dates extra supplement will be charged over and above the paid rates as per actual and hotel discretion.,Doctor on Call|Lobby|Parking Facilities Available|Front Desk|Local Tour / Travel Desk|Power Backup|First-Aid Kit at Front Desk|Public Restrooms,Food &amp; Banquets ( Hotel Empees )
Gurgaon,The standard check-in time is 02:00 PM and the standard check-out time is 12:00 PM. Early check-in or late check-out is strictly subjected to availability and may be chargeable by the hotel. Any early check-in or late check-out request must be directed and reconfirmed with hotel directly We do not allow unmarried / unrelated couples to checkin. This is at full discretion of the hotel management. No refund would be applicable in case the checkin is denied under such circumstances,Doctor on Call|Dry Cleaning|Front Desk|Locker Facility|24 Hour Front Desk|Luggage Storage|Newspapers In Lobby|Room Service (24 Hours)|Parking Facility|Internet Access|Room Service|Fire Safety|CCTV|First-Aid Kit at Front Desk|Full Time Operation for All 7 Days,Enkay Residency M Block
Delhi,The standard check-in time is 12:00 PM and the standard check-out time is 11:00 AM. Early check-in or late check-out is strictly subjected to availability and may be chargeable by the hotel. Any early check-in or late check-out request must be directed and reconfirmed with hotel directly Our Inns reserve the right to admission. Accommodation can be denied to the guests posing as a couple if suitable identification and a non-local address proof is not presented at check-in. MAP plan includes limited menu meal.,Banquet Facilities|Doctor on Call|Laundry Service Available|Lift / Elevator|Lobby|Non Smoking Rooms|Parking Facilities Available|Front Desk|Multi Cuisine Restaurant |Non Smoking Hotel|24 Hour Front Desk|Doorman|Air-Conditioning - Central|Power Backup|Gardens|Multi Lingual Staff|Separate Sitting Area|Conference Facility |Fire Place Available |Veg / Non Veg Kitchens Separate |Board Room|Food Facility|Newspapers In Lobby|Whirlpool Bath / Shower Cubicle|Internet / Fax (Reception area only)|Parking Facility|Internet Access|Restaurant|Room Service|CCTV|Fire Exit Signs|First-Aid Kit at Front Desk,FabHotel Friends Colony
Chail,The standard check-in time is 12:00 PM and the standard check-out time is 10:00 AM. Early check-in or late check-out is strictly subjected to availability and may be chargeable by the hotel. Any early check-in or late check-out request must be directed and reconfirmed with hotel directly We allow early check-in at extra charge. Pets may be allowed in a particular category on request.,Doctor on Call|Laundry Service Available|Lobby|Parking Facilities Available|Multi Cuisine Restaurant |Welcome Drinks|Dance Performances (on demand)|Conference Facility |Extra Person / Child - Share the same room|Newspapers In Lobby|Family Room|RO Water Purification System|Outdoor Parking - Secured|Parking Facility|Room Service,Deventure Hotel Chail
Mumbai,The standard check-in time is 12:00 PM and the standard check-out time is 12:00 PM. Early check-in or late check-out is strictly subjected to availability and may be chargeable by the hotel. Any early check-in or late check-out request must be directed and reconfirmed with hotel directly We do not allow unmarried / unrelated couples to checkin. This is at full discretion of the hotel management. No refund would be applicable in case the checkin is denied under such circumstances,Doctor on Call|Dry Cleaning|Laundry Service Available|Lift / Elevator|Front Desk|Locker Facility|24 Hour Front Desk|Luggage Storage|Newspapers In Lobby|Outdoor Parking - Secured|Room Service|First-Aid Kit at Front Desk,Dragonfly Apartment
Delhi,"The standard check-in time is 12:00 PM and the standard check-out time is 12:15 PM. Early check-in or late check-out is strictly subjected to availability and may be chargeable by the hotel. Any early check-in or late check-out request must be directed and reconfirmed with hotel directly Booking rates will not be valid for Christmas and New year dates, High season and long weekend dates extra supplement will be charged over and above the paid rates as per actual and hotel discretion.",Internet Access - Surcharge|Laundry Service Available|Parking Facilities Available|Room Service (24 Hours)|Room Service,fazar residency
Pune,The standard check-in time is 12:00 PM and the standard check-out time is 12:00 PM. Early check-in or late check-out is strictly subjected to availability and may be chargeable by the hotel. Any early check-in or late check-out request must be directed and reconfirmed with hotel directly We need Valid Id Proof at the time of Check in.,,Emerald County Resort  &amp; Club
Munnar,The standard check-in time is 12:00 PM and the standard check-out time is 11:00 AM. Early check-in or late check-out is strictly subjected to availability and may be chargeable by the hotel. Any early check-in or late check-out request must be directed and reconfirmed with hotel directly Valid ID proof is required at the time of check in for all guests.,Bowling|Laundry Service Available|Parking Facilities Available|Front Desk|Multi Cuisine Restaurant |Locker Facility|Solarium|24 Hour Front Desk|Doorman|Welcome Drinks|Power Backup|Gardens|Multi Lingual Staff|Suitable For Children|Coffee Shop / Cafe|Kitchen available (home cook food on request)|Cell Phone Rental|Safari|Nature Walk|Veranda| Bike on Rent|Veg / Non Veg Kitchens Separate |Shopping Drop Facility (on fixed timings)|Vegetarian Food / Jain Food Available|Car Rental|City Shuttle Service|Campfire / Bon Fire|Food Facility|Newspapers In Lobby|Children's Park|Postal / Parcel Services|Room Service (24 Hours)| Cook Services|Spa Services Onsite - Free|Air / Rail Booking|Guide / Sightseeing Service|Internet / Fax (Reception area only)|Outdoor Parking - Secured|Parking Facility|Restaurant|Room Service|Fishing|Full Time Operation for All 7 Days|Hotel Trading License|Public Restrooms|Security at All Hotel Entrances|Speciality Restaurant |Suites,Dew Drops Farm Resorts
Lucknow,The standard check-in time is 12:00 PM and the standard check-out time is 12:00 PM. Early check-in or late check-out is strictly subjected to availability and may be chargeable by the hotel. Any early check-in or late check-out request must be directed and reconfirmed with hotel directly Check in and Check out - 12 Noon.,Banquet Facilities|Bar / Lounge |Business Center |Doctor on Call|Dry Cleaning|Internet Access - Surcharge|Laundry Service Available|Lift / Elevator|Lobby|Non Smoking Rooms|Parking Facilities Available|Front Desk|Multi Cuisine Restaurant |Major Credit Cards Accepted|24 Hour Front Desk|Air-Conditioning - Central|Power Backup|Conference Facility |Veranda|Internet Access Free|Room Service (24 Hours)|Party hall|Internet / Fax (Reception area only)|Outdoor Parking - Secured|Parking Facility,Edesia
Bangalore,The standard check-in time is 12:00 PM and the standard check-out time is 12:00 PM. Early check-in or late check-out is strictly subjected to availability and may be chargeable by the hotel. Any early check-in or late check-out request must be directed and reconfirmed with hotel directly Children Policy: Child 0 to 8 Years (Accompanied with parents without extra bed) If the guest looks for an extra bed or mattress (subject to availability) it will be on separate chargeable basis. The cost would be Rs 1000 plus Taxes (22.70%). Cancellation and amendment for bookings made under any offer may be non refundable. Hotel may charge compulsory gala dinner supplement on Christmas / New Year's eve or other festive periods. Any such supplements need to be paid directly at the hotel.,Swimming Pool|Airport Transfer Available / Surcharge|Babysitting/ Child Care (surcharge)|Banquet Facilities|Beauty Salon - on charge|Business Center |Concierge|Currency Exchange|Disabled Friendly Facilities |Doctor on Call|Health Club / Gym Facility Available|Internet Access - Surcharge|Laundry Service Available|Lift / Elevator|Lobby|Non Smoking Rooms|Parking Facilities Available|Front Desk|Multi Cuisine Restaurant |Locker Facility|Secretarial Services|Spa On Site - Chargeable|Local Tour / Travel Desk|Valet service|Major Credit Cards Accepted|24 Hour Front Desk|Luggage Storage|Doorman|Air-Conditioning - Central|Power Backup|Express Check-In / Check-Out|Audio - Visual Equipment|Wake-up Call / Service|Sauna|Coffee Shop / Cafe|Conference Facility |Smoking Rooms|Fax Machine|Electronic / Magnetic Keys|Wheelchair Accessibility - Room|Massage Services |Poolside Bar|Smoking Area |Express Laundry|Board Room|Newspapers In Lobby|Room Service (24 Hours)|STD / ISD|Baggage Room|Adjoining Rooms|Parking Facility,Fortune Select JP Cosmos(Unit of MICHPL)
Silvassa,The standard check-in time is 12:00 PM and the standard check-out time is 10:00 AM. Early check-in or late check-out is strictly subjected to availability and may be chargeable by the hotel. Any early check-in or late check-out request must be directed and reconfirmed with hotel directly,"Swimming Pool|Doctor on Call|Laundry Service Available|Local Tour / Travel Desk|24 Hour Front Desk|Air-Conditioning - Central|Jacuzzi|Pick Up and Drop (Rly Station, Bus Stand, Temple)|Vegetarian Food / Jain Food Available|Food Facility|Room Service (24 Hours)|Internet / Fax (Reception area only)|Parking Facility",Forest village holiday homes
Jamshedpur,The standard check-in time is 12:00 PM and the standard check-out time is 12:00 PM. Early check-in or late check-out is strictly subjected to availability and may be chargeable by the hotel. Any early check-in or late check-out request must be directed and reconfirmed with hotel directly Cancellation and Amendment Policy : Cancellation and amendment for bookings made under any offer will be non refundable. Hotel may charge compulsory gala dinner supplement on Christmas / New Year's eve or other festive periods. Any such supplements need to be paid directly at the hotel.,Airport Transfer Available / Surcharge|Business Center |Currency Exchange|Doctor on Call|Dry Cleaning|Health Club / Gym Facility Available|Internet Access - Surcharge|Laundry Service Available|Lift / Elevator|Front Desk|Multi Cuisine Restaurant |Non Smoking Hotel,Fortune Park Centre Point
Goa,The standard check-in time is 02:00 PM and the standard check-out time is 11:00 AM. Early check-in or late check-out is strictly subjected to availability and may be chargeable by the hotel. Any early check-in or late check-out request must be directed and reconfirmed with hotel directly,Swimming Pool|Airport Transfer Available / Surcharge|Bar / Lounge |Doctor on Call|Dry Cleaning|Games Zone|Internet Access - Surcharge|Laundry Service Available|Library|Parking Facilities Available|Front Desk|Multi Cuisine Restaurant |Locker Facility|Local Tour / Travel Desk|Major Credit Cards Accepted|24 Hour Front Desk|Power Backup|Multi Lingual Staff|Wake-up Call / Service|Car Rental|Express Laundry|Kids Play Zone|Room Service (24 Hours)|Guide / Sightseeing Service|Outdoor Parking - Secured|Internet Access,Estrela Do Mar Beach Resort - A Beach Property
Shimoga,The standard check-in time is 12:00 PM and the standard check-out time is 12:00 PM. Early check-in or late check-out is strictly subjected to availability and may be chargeable by the hotel. Any early check-in or late check-out request must be directed and reconfirmed with hotel directly,Parking Facilities Available|Front Desk,DEVANGI ATITHYA HOMESTAY
Wayanad,The standard check-in time is 12:00 PM and the standard check-out time is 11:00 AM. Early check-in or late check-out is strictly subjected to availability and may be chargeable by the hotel. Any early check-in or late check-out request must be directed and reconfirmed with hotel directly Check-in time : 12 pm Check-out time : 11 am Early check-in / Late check-out is subject to availabilty of rooms and is chargeable. There will be a hike of Rs.500 per head from Dec 21s to Jan 5th. Hotel may charge compulsory gala dinner supplement on Christmas / New Year's eve or other festive periods. Any such supplements need to be paid directly at the hotel. There will be season hike for Oct/Nov/Dec Rs.1000 per Room/Per night will be payable directly at the hotel at the  time of check-in,Banquet Facilities|Barbecue Area|Games Zone|Parking Facilities Available|Pets Allowed|Front Desk|Multi Cuisine Restaurant |Local Tour / Travel Desk|Hookah Lounge|Major Credit Cards Accepted|Welcome Drinks|Power Backup|Gardens|Multi Lingual Staff|Wake-up Call / Service|Suitable For Children|Coffee Shop / Cafe|Fire Place Available |Safari|Boating|Nature Walk|Veg / Non Veg Kitchens Separate |Vegetarian Food / Jain Food Available|Kids Play Zone|Taxi Services|Badminttion Court|Campfire / Bon Fire|Food Facility| Drivers Rest Room|Newspapers In Lobby|Children's Park|Family Room|Guide / Sightseeing Service|Internet / Fax (Reception area only)|Adjoining Rooms|Outdoor Parking - Secured|Parking Facility,Emarald Wild West Wayanad
Goa,"The standard check-in time is 12:00 PM and the standard check-out time is 10:00 AM. Early check-in or late check-out is strictly subjected to availability and may be chargeable by the hotel. Any early check-in or late check-out request must be directed and reconfirmed with hotel directly Photo ids are compulsory at the time of Ch-in, Hotel may reject confirm booking if fail to produce same",Doctor on Call|Car Rental|Room Service (24 Hours),Fraddie Guest House
Nainital,The standard check-in time is 12:00 PM and the standard check-out time is 10:00 AM. Early check-in or late check-out is strictly subjected to availability and may be chargeable by the hotel. Any early check-in or late check-out request must be directed and reconfirmed with hotel directly AMMENDMENT POLICY: Amendments will be treated as cancellation. Any refund will take at least 15 days to process. Hotel may charge compulsory gala dinner supplement on Christmas / New Year's eve or other festive periods. Any such supplements need to be paid directly at the hotel. Mandatory 31st Night Gala Event Supplement will be applicable as per Hotel Policy.,Banquet Facilities|Beauty Salon - on charge|Billiards|Business Center |Doctor on Call|Games Zone|Health Club / Gym Facility Available|Internet Access - Surcharge|Laundry Service Available|Lift / Elevator|Parking Facilities Available|Front Desk|Multi Cuisine Restaurant |Local Tour / Travel Desk|Major Credit Cards Accepted|Power Backup|Conference Facility |Internet Access Free|Children's Park|Room Service (24 Hours)|Spa Services Onsite - Free|Outdoor Parking - Secured|Parking Facility|Speciality Restaurant |Suites,"Dynasty Resort, Khurpatal"
Chennai,The standard check-in time is 12:00 PM and the standard check-out time is 12:00 PM. Early check-in or late check-out is strictly subjected to availability and may be chargeable by the hotel. Any early check-in or late check-out request must be directed and reconfirmed with hotel directly It is mandatory for guests to present valid photo identification at the time of check-in. Payment with Debit Card/Credit Card will attract service charges as applicable.,Laundry Service Available|Parking Facilities Available|Front Desk|24 Hour Front Desk|Power Backup|Gardens|Kitchen available (home cook food on request)|Smoking Area |Internet Access Free|Newspapers In Lobby|Family Room|Room Service (24 Hours)|Parking Facility,Executive Comfort (Guindy)
Pune,The standard check-in time is 12:00 PM and the standard check-out time is 11:00 AM. Early check-in or late check-out is strictly subjected to availability and may be chargeable by the hotel. Any early check-in or late check-out request must be directed and reconfirmed with hotel directly Our Inns reserve the right to admission. Accommodation can be denied to the guests posing as a couple if suitable identification and a non-local address proof is not presented at check-in. Unmarried couple Not allowed.,Doctor on Call|Dry Cleaning|Laundry Service Available|Lift / Elevator|Lobby|Parking Facilities Available|Front Desk|Local Tour / Travel Desk|Major Credit Cards Accepted|24 Hour Front Desk|Luggage Storage|Medical Assistance Available|Air-Conditioning - Central|Power Backup|Wake-up Call / Service|Fax Machine|Vegetarian Food / Jain Food Available|Extra Person / Child - Share the same room|Express Laundry|Water Dispenser Available|Food Facility|Newspapers In Lobby|Room Service (24 Hours)|Baggage Room|Parking Facility,FabHotel Blossoms Pune Airport
Sindhudurg,The standard check-in time is 12:00 PM and the standard check-out time is 12:00 PM. Early check-in or late check-out is strictly subjected to availability and may be chargeable by the hotel. Any early check-in or late check-out request must be directed and reconfirmed with hotel directly We do not allow unmarried / unrelated couples to checkin. This is at full discretion of the hotel management. No refund would be applicable in case the checkin is denied under such circumstances,Doctor on Call|Lift / Elevator|Lobby|Parking Facilities Available|Front Desk|Suitable For Children|Veranda|Taxi Services|Newspapers In Lobby|Room Service|Fire Safety|Anti-Slip Ramps|Fire Exit Signs,Dhuri Homestay
Alibaug,The standard check-in time is 12:00 PM and the standard check-out time is 10:30 AM. Early check-in or late check-out is strictly subjected to availability and may be chargeable by the hotel. Any early check-in or late check-out request must be directed and reconfirmed with hotel directly Galla Dinner will be charged for long weekend/ Christmas/ New year ad festival period should be charged directly at the Hotel,"Swimming Pool|Billiards|Doctor on Call|Games Zone|Laundry Service Available|Library|Parking Facilities Available|Multi Cuisine Restaurant |Spa On Site - Chargeable|Table Tennis|Local Tour / Travel Desk|Major Credit Cards Accepted|Welcome Drinks|Power Backup|Gardens|Wedding Services Facility|Suitable For Children|Massage Services |Pick Up and Drop (Rly Station, Bus Stand, Temple)| Bike on Rent|Veg / Non Veg Kitchens Separate |Vegetarian Food / Jain Food Available|Car Rental|Kids Play Zone|Badminttion Court| Drivers Rest Room|Newspapers In Lobby|Family Room|Party hall|Internet / Fax (Reception area only)|RO Water Purification System|Outdoor Parking - Secured|Parking Facility|Restaurant|Room Service|Ayurvedic Facilities |CCTV|First-Aid Kit at Front Desk|Public Restrooms|Security at All Hotel Entrances|Suites",Elysium Resorts
Kharapathar,The standard check-in time is 12:00 PM and the standard check-out time is 01:00 PM. Early check-in or late check-out is strictly subjected to availability and may be chargeable by the hotel. Any early check-in or late check-out request must be directed and reconfirmed with hotel directly 01 Nights / 01 Days  Children upto 5 years are free on the respective package without extra bed sharing parent's room 5- 12 years- 25%  above 12 years- 50% of the respective package with ( or without ) extra bed,Swimming Pool|Bar / Lounge |Barbecue Area|Internet Access - Surcharge|Laundry Service Available|Parking Facilities Available|Locker Facility|Table Tennis|Hookah Lounge|24 Hour Front Desk|Doorman|Medical Assistance Available|Welcome Drinks|Power Backup|Gardens|Dance Performances (on demand)|Catering|Suitable For Children|Grocery|Coffee Shop / Cafe|Kitchen available (home cook food on request)|Massage Services |Poolside Bar|Skiing Facility Available|Nature Walk|Veranda|Open Air Restaurant / Dining |Veg / Non Veg Kitchens Separate |Horse Ride ( Chargeable ) |Shopping Drop Facility (on fixed timings)|In House Events |Vegetarian Food / Jain Food Available|Car Rental|Badminttion Court|Pool Cafe|Karaoke |Campfire / Bon Fire|Food Facility|Children's Park|Postal / Parcel Services|Room Service (24 Hours)| Cook Services|Air / Rail Booking|Guide / Sightseeing Service|Outdoor Parking - Secured|Parking Facility|Restaurant|Room Service|Fishing|Full Time Operation for All 7 Days|Porter Services Available|Public Restrooms|Security at All Hotel Entrances|Speciality Restaurant |Suites,Dwarika Residency Shelapani
Udupi,The standard check-in time is 12:00 PM and the standard check-out time is 12:00 PM. Early check-in or late check-out is strictly subjected to availability and may be chargeable by the hotel. Any early check-in or late check-out request must be directed and reconfirmed with hotel directly We do not allow unmarried / unrelated couples to checkin. This is at full discretion of the hotel management. No refund would be applicable in case the checkin is denied under such circumstances,Doctor on Call|Parking Facilities Available|Front Desk|Room Service,Diana Hotel
Bodh Gaya,The standard check-in time is 02:00 PM and the standard check-out time is 12:00 PM. Early check-in or late check-out is strictly subjected to availability and may be chargeable by the hotel. Any early check-in or late check-out request must be directed and reconfirmed with hotel directly,,Dhamma Guest House
Thiruvananthapuram,The standard check-in time is 12:00 PM and the standard check-out time is 01:00 PM. Early check-in or late check-out is strictly subjected to availability and may be chargeable by the hotel. Any early check-in or late check-out request must be directed and reconfirmed with hotel directly,Doctor on Call|Laundry Service Available|Library|Guide / Sightseeing Service|Internet Access,Devikripa Homestay
Malappuram,"The standard check-in time is 12:00 PM and the standard check-out time is 12:00 PM. Early check-in or late check-out is strictly subjected to availability and may be chargeable by the hotel. Any early check-in or late check-out request must be directed and reconfirmed with hotel directly **** Compulsory Supplement Charges to be Paid **** Mandatory New Year Gala Dinner Charges on 31st Dec at Rs.1500 per person,to be paid at the hotel directly at the time of check in. Mandatory Christmas Gala Dinner charges on 24th Dec at Rs.1500 per person,to be paid at the hotel directly at the time of check in.",Doctor on Call|Health Club / Gym Facility Available|Internet Access - Surcharge|Room Service |Conference Facility,Emarald Ayurveda Resort (45 Mints From Calicut Airport)
Goa,"The standard check-in time is 12:00 PM and the standard check-out time is 10:00 AM. Early check-in or late check-out is strictly subjected to availability and may be chargeable by the hotel. Any early check-in or late check-out request must be directed and reconfirmed with hotel directly AS PER GOVERNMENT DIRECTIVES IT IS MANDATORY FOR ALL GUEST TO SHOW THEIR PHOTO ID AT CHECK IN, WHICH CAN BE IN FORM OF PASSPORT AND VISA COPY/ DRIVING LICENSE/ VOTER ID CARD FAILING WHICH THE HOTEL RESERVES THE RIGHT OF REFUSAL.","Airport Transfer Available / Surcharge|Doctor on Call|Internet Access - Surcharge|Laundry Service Available|Local Tour / Travel Desk|Luggage Storage|Power Backup|Pick Up and Drop (Rly Station, Bus Stand, Temple)|Extra Person / Child - Share the same room|Village Visit ( Chargeable )|Car Rental|Taxi Services|Food Facility|Room Service (24 Hours)|Parking (Surcharge)|Guide / Sightseeing Service|Parking Facility|Internet Access|Room Service|CCTV|First-Aid Kit at Front Desk|Full Time Operation for All 7 Days|Paid Transfers",Dreams Palm Beach Resort
Shimoga,"The standard check-in time is 12:00 PM and the standard check-out time is 12:00 PM. Early check-in or late check-out is strictly subjected to availability and may be chargeable by the hotel. Any early check-in or late check-out request must be directed and reconfirmed with hotel directly Booking rates will not be valid for Christmas and New year dates, High season and long weekend dates, extra supplement will be charged over and above the paid rates as per actual and hotel discretion.",Parking Facilities Available|Taxi Services|Food Facility,Gabadi River Edge Resort
Hyderabad,The standard check-in time is 12:00 PM and the standard check-out time is 11:00 AM. Early check-in or late check-out is strictly subjected to availability and may be chargeable by the hotel. Any early check-in or late check-out request must be directed and reconfirmed with hotel directly Our Inns reserve the right to admission. Accommodation can be denied to the guests posing as a couple if suitable identification and a non-local address proof is not presented at check-in. MAP plan includes limited menu meal.,Banquet Facilities|Doctor on Call|Lift / Elevator|Lobby|Non Smoking Rooms|Parking Facilities Available|Front Desk|Multi Cuisine Restaurant |Locker Facility|Major Credit Cards Accepted|24 Hour Front Desk|Doorman|Air-Conditioning - Central|Power Backup|Gardens|Multi Lingual Staff|Wake-up Call / Service|Separate Sitting Area|Conference Facility |Smoking Rooms|Fire Place Available |Board Room|Food Facility|Newspapers In Lobby|Whirlpool Bath / Shower Cubicle|Internet / Fax (Reception area only)|Parking Facility|Internet Access|Restaurant|Room Service|Fire Safety|CCTV|Fire Exit Signs|First-Aid Kit at Front Desk|Speciality Restaurant,FabHotel Majestica Inn Hitec City
Gurgaon,"The standard check-in time is 02:00 PM and the standard check-out time is 12:00 PM. Early check-in or late check-out is strictly subjected to availability and may be chargeable by the hotel. Any early check-in or late check-out request must be directed and reconfirmed with hotel directly Booking rates will not be valid for Christmas  New year dates, High season  long weekend dates  extra supplement will be charged over  above the paid rates as per actual  hotel discretion.",Doctor on Call|Laundry Service Available|Parking Facilities Available|Front Desk|Power Backup,First Choice Service Apartment
Patna,The standard check-in time is 12:00 PM and the standard check-out time is 12:00 PM. Early check-in or late check-out is strictly subjected to availability and may be chargeable by the hotel. Any early check-in or late check-out request must be directed and reconfirmed with hotel directly payment should be transfer before guest leave on guest house.,Business Center |Internet Access - Surcharge|Laundry Service Available|Parking Facilities Available|Front Desk|Power Backup|Gardens|Room Service (24 Hours)|Outdoor Parking - Secured|Parking Facility|Room Service|Public Restrooms|Suites,Executive Holiday
Joshimath,The standard check-in time is 11:00 AM and the standard check-out time is 02:00 PM. Early check-in or late check-out is strictly subjected to availability and may be chargeable by the hotel. Any early check-in or late check-out request must be directed and reconfirmed with hotel directly ID cards are mandatory during the time check in.,Doctor on Call|Parking Facilities Available|Front Desk|Locker Facility|Food Facility|Family Room|Parking Facility|Room Service|Fire Safety|Anti-Slip Ramps|Fire Exit Signs|First-Aid Kit at Front Desk|Public Restrooms,Dream Mountain Resort
Delhi,The standard check-in time is 12:00 PM and the standard check-out time is 12:00 PM. Early check-in or late check-out is strictly subjected to availability and may be chargeable by the hotel. Any early check-in or late check-out request must be directed and reconfirmed with hotel directly Govt Id's are mandatory at the time of check in,Doctor on Call|Dry Cleaning|Laundry Service Available|Lobby|Parking Facilities Available|Front Desk|Locker Facility|24 Hour Front Desk|Luggage Storage|Power Backup|Express Check-In / Check-Out|Audio - Visual Equipment|Fax Machine|Vegetarian Food / Jain Food Available|Extra Person / Child - Share the same room|Car Rental|Taxi Services|Newspapers In Lobby|Children's Park|Room Service (24 Hours)|Baggage Room|Parking Facility|Internet Access|Room Service|CCTV|First-Aid Kit at Front Desk|Public Restrooms|Stamps and Mailing Facility,Diplomat Home stay
Ahmedabad,The standard check-in time is 12:00 PM and the standard check-out time is 12:00 PM. Early check-in or late check-out is strictly subjected to availability and may be chargeable by the hotel. Any early check-in or late check-out request must be directed and reconfirmed with hotel directly Valid ID proof is required at the time  of check in for all guests. Unmarried couples are not allowed. *VALID IDENTIFICATION DOCUMENTS/ PROOF IS MANDATORY *IN CASE OF ANY UNUSUAL/IMPROPER/SUSPICIOUS ACT HOTEL CAN CANCEL ROOM  *CHECK INN AND CHECK OUT IS 12:00 NOON AFTER THAT HALF DAY CHARGES APPLICABLE *PETS ARE NOT ALLOWED,Doctor on Call|Internet Access - Surcharge|Laundry Service Available|Lift / Elevator|Parking Facilities Available|Front Desk|Luggage Storage|Wake-up Call / Service|Room Service,"Elis Hospitality Service Apartment,Prahladnagar"
Panchgani,The standard check-in time is 10:00 AM and the standard check-out time is 09:00 AM. Early check-in or late check-out is strictly subjected to availability and may be chargeable by the hotel. Any early check-in or late check-out request must be directed and reconfirmed with hotel directly SINGLE OCCUPANCY BOOKING IS NOT ACCEPTABLE AS THE PER THE LOCAL POLICE LAW AND THE SAME WOULD BE REJECTED WITHOUT ANY PRIOR INTIMATION. MINIMUM DOUBLE OCCUPANCY BOOKING IS TO BE MADE.. FOR A/C ROOM RS 500/- PER NIGHT EXTRA,Swimming Pool|Business Center |Internet Access - Surcharge|Laundry Service Available|Parking Facilities Available|Front Desk|Multi Cuisine Restaurant |Power Backup|Gardens|Internet Access Free|Outdoor Parking - Secured|Parking Facility,Dhanhills Hotel
Pahalgam,The standard check-in time is 12:00 PM and the standard check-out time is 12:00 PM. Early check-in or late check-out is strictly subjected to availability and may be chargeable by the hotel. Any early check-in or late check-out request must be directed and reconfirmed with hotel directly The hotel bookings are subject to confirmation. Check In time is 1300 Hours and Check out time is 12 Noon. Early check in / Late Check-out is subject to availability.  Above rates are as per availability and subjected to change.,Laundry Service Available|Parking Facilities Available|Front Desk|Power Backup|Gardens|Internet Access Free|Outdoor Parking - Secured|Parking Facility|Room Service|Porter Services Available|Speciality Restaurant,Dreamland Kashmir Cottage
Panaji,The standard check-in time is 10:00 AM and the standard check-out time is 11:00 AM. Early check-in or late check-out is strictly subjected to availability and may be chargeable by the hotel. Any early check-in or late check-out request must be directed and reconfirmed with hotel directly ID cards are mandatory during the time check in.,Swimming Pool|Health Club / Gym Facility Available|Laundry Service Available|Lift / Elevator|Parking Facilities Available|Locker Facility|Power Backup|Parking Facility,dreamgoa holiday homes
Srikalahasti,"The standard check-in time is 12:00 PM and the standard check-out time is 12:00 PM. Early check-in or late check-out is strictly subjected to availability and may be chargeable by the hotel. Any early check-in or late check-out request must be directed and reconfirmed with hotel directly The standard check-in time is 12:00 PM and the standard check-out time is 12:00 PM. Early check-in or late check-out is strictly subjected to availability and may be chargeable by the hotel. Any early check-in or late check-out request must be directed and reconfirmed with hotel directly. According to government regulations, a valid Photo ID has to be carried by every person who stays at the hotel. The identification proofs accepted are Drivers License, Voters Card, Passport, Ration Card. Without valid ID the guest will not be allowed to check in. Note- PAN Cards will not be accepted as a valid ID card.   *   It is mandatory for guests to present valid photo identification at the time of check-in.   *   The primary guest checking in to the hotel must be at least 21 years of age.   *   The hotel reserves the right of admission. Accommodation can be denied to guests posing as a couple if suitable proof of identification is not presented at check-in.   *   The hotel reserves the right of admission for local residents. Accommodation can be denied to guests residing in the same city.   *   Local ID proof will not be valid.",Lobby|Front Desk|Parking Facility|Room Service,Eswar Residency
Delhi,The standard check-in time is 12:00 PM and the standard check-out time is 11:00 AM. Early check-in or late check-out is strictly subjected to availability and may be chargeable by the hotel. Any early check-in or late check-out request must be directed and reconfirmed with hotel directly Pets are not allowed. Check-in at 12:00 pm Check-out at 11:00 am One valid govt.i.d proof with address and photograph at the time of check-in(pan card not accepted),"Business Center |Concierge|Currency Exchange|Disabled Friendly Facilities |Doctor on Call|Dry Cleaning|Internet Access - Surcharge|Laundry Service Available|Lift / Elevator|Lobby|Parking Facilities Available|Front Desk|Multi Cuisine Restaurant |Locker Facility|Non Smoking Hotel|Local Tour / Travel Desk|24 Hour Front Desk|Luggage Storage|Doorman|Air-Conditioning - Central|Power Backup|Express Check-In / Check-Out|Gardens|Wake-up Call / Service|Suitable For Children|Separate Sitting Area|Coffee Shop / Cafe|ATM / Banking|Fax Machine|Kitchen available (home cook food on request)|Electronic / Magnetic Keys|Cell Phone Rental|Pick Up and Drop (Rly Station, Bus Stand, Temple)|Extra Person / Child - Share the same room|Car Rental|Express Laundry|Water Dispenser Available|Taxi Services|City Shuttle Service|Food Facility| Drivers Rest Room|Newspapers In Lobby|Postal / Parcel Services|Room Service (24 Hours)|Air / Rail Booking|Courier Service|Internet / Fax (Reception area only)|Adjoining Rooms|RO Water Purification System|Outdoor Parking - Secured|Parking Facility",Evergreen Suites Defence Colony
Srinagar,The standard check-in time is 12:00 PM and the standard check-out time is 12:00 PM. Early check-in or late check-out is strictly subjected to availability and may be chargeable by the hotel. Any early check-in or late check-out request must be directed and reconfirmed with hotel directly,Airport Transfer Available / Surcharge|Doctor on Call|Laundry Service Available|Lobby|Front Desk|Local Tour / Travel Desk|Power Backup|Wake-up Call / Service,Divine Holiday Home
Bangalore,The standard check-in time is 12:00 PM and the standard check-out time is 12:00 PM. Early check-in or late check-out is strictly subjected to availability and may be chargeable by the hotel. Any early check-in or late check-out request must be directed and reconfirmed with hotel directly 1.  RIGHT OF ADMISSION RESERVED.   2.  THE DAILY CHARGES ARE FOR 24 HRS AND PART OF THE DAY IS CONSIDERED AS FULL DAY.   3.  CHEQUES ARE NOT ACCEPTED VISITORS ARE NOT ALLOWED  4.  A SUM OF RUPEES 500 WILL BE CHARGED FOR THE LOSS OF KEY.,Laundry Service Available|Lift / Elevator|Parking Facilities Available|Front Desk|Power Backup|Room Service (24 Hours),EVEREST COMFORTS
Munnar,The standard check-in time is 12:00 PM and the standard check-out time is 11:00 AM. Early check-in or late check-out is strictly subjected to availability and may be chargeable by the hotel. Any early check-in or late check-out request must be directed and reconfirmed with hotel directly There will be a seasonal hike from Oct/ Nov/ Dec on the Room tariff to be paid directly at the hotel.,Banquet Facilities|Currency Exchange|Doctor on Call|Dry Cleaning|Laundry Service Available|Front Desk|Multi Cuisine Restaurant |24 Hour Front Desk|Medical Assistance Available|Welcome Drinks|Power Backup|Fax Machine|Newspapers In Lobby,Eagle Mountain
Rishikesh,The standard check-in time is 12:00 PM and the standard check-out time is 12:00 PM. Early check-in or late check-out is strictly subjected to availability and may be chargeable by the hotel. Any early check-in or late check-out request must be directed and reconfirmed with hotel directly We do not allow unmarried / unrelated couples to checkin. This is at full discretion of the hotel management. No refund would be applicable in case the checkin is denied under such circumstances,Doctor on Call|Dry Cleaning|Front Desk|Locker Facility|24 Hour Front Desk|Newspapers In Lobby|Room Service (24 Hours)|Parking Facility|Internet Access|Room Service|Fire Safety|CCTV|Fire Exit Signs|First-Aid Kit at Front Desk|Full Time Operation for All 7 Days,Feel Factor
Bangalore,The standard check-in time is 11:00 PM and the standard check-out time is 11:00 PM. Early check-in or late check-out is strictly subjected to availability and may be chargeable by the hotel. Any early check-in or late check-out request must be directed and reconfirmed with hotel directly,Doctor on Call|Laundry Service Available|Lift / Elevator|Lobby|Parking Facilities Available|Front Desk|Locker Facility|Power Backup|Newspapers In Lobby|Outdoor Parking - Secured|Parking Facility|Room Service,Even Suites - Koramangala
Goa,The standard check-in time is 12:00 PM and the standard check-out time is 12:00 PM. Early check-in or late check-out is strictly subjected to availability and may be chargeable by the hotel. Any early check-in or late check-out request must be directed and reconfirmed with hotel directly Hotel may charge compulsory gala dinner supplement on Christmas / New Year's eve or other festive periods. Any such supplements need to be paid directly at the hotel.,Doctor on Call|Local Tour / Travel Desk| Bike on Rent|Car Rental,Dom Joao's Guest House
Thrissur,The standard check-in time is 12:00 PM and the standard check-out time is 12:00 PM. Early check-in or late check-out is strictly subjected to availability and may be chargeable by the hotel. Any early check-in or late check-out request must be directed and reconfirmed with hotel directly We do not allow unmarried / unrelated couples to checkin. This is at full discretion of the hotel management. No refund would be applicable in case the checkin is denied under such circumstances,Lobby|Parking Facilities Available|Front Desk|Local Tour / Travel Desk|24 Hour Front Desk|Air-Conditioning - Central|Power Backup|First-Aid Kit at Front Desk,ECOGREEN HOMESTAY
Medinipur,The standard check-in time is 02:00 PM and the standard check-out time is 12:00 PM. Early check-in or late check-out is strictly subjected to availability and may be chargeable by the hotel. Any early check-in or late check-out request must be directed and reconfirmed with hotel directly Booking rates will not be valid for Christmas and New year dates High season and long weekend dates extra supplement will be charged over and above the paid rates as per actual and hotel discretion.,Doctor on Call|Parking Facilities Available|Front Desk|24 Hour Front Desk|Baggage Room|Adjoining Rooms|RO Water Purification System|Outdoor Parking - Secured|Parking Facility|Room Service|Recreation Zone|Anti-Slip Ramps|First-Aid Kit at Front Desk|Public Restrooms,Eshani Guest House
Bahraich,The standard check-in time is 02:00 PM and the standard check-out time is 12:00 PM. Early check-in or late check-out is strictly subjected to availability and may be chargeable by the hotel. Any early check-in or late check-out request must be directed and reconfirmed with hotel directly The standard check-in time is 12:00 PM and the standard check-out time is 12:00 PM. Early check-in or late check-out is strictly subjected to availability and may be chargeable by the hotel.,Doctor on Call|Front Desk|Power Backup|Wake-up Call / Service|Parking Facility|Room Service,DUDHWA TIGERHINO RESORT
Munnar,The standard check-in time is 01:00 PM and the standard check-out time is 11:00 AM. Early check-in or late check-out is strictly subjected to availability and may be chargeable by the hotel. Any early check-in or late check-out request must be directed and reconfirmed with hotel directly Pets are not allowed. In room cooking not allowed. **** Mandatory Supplement Charges to be paid at the hotel directly at the time of check-in **** Rs.3000/- per pax will be charged for X Mas (24th Dec) and New Year Dinner (31st Dec) - Rs.1500/- per child between 6-12 yrs.,Doctor on Call|Dry Cleaning|Health Club / Gym Facility Available|Internet Access - Surcharge|Laundry Service Available|Lift / Elevator|Non Smoking Rooms|Parking Facilities Available|Multi Cuisine Restaurant |Major Credit Cards Accepted|24 Hour Front Desk|Luggage Storage|Medical Assistance Available|Welcome Drinks|Power Backup|Gardens|Smoking Rooms|Disabled Friendly Rooms|Express Laundry|Internet Access Free|Newspapers In Lobby|Parking Facility|Room Service,Devonshire Greens
Barnala,The standard check-in time is 12:00 PM and the standard check-out time is 12:00 PM. Early check-in or late check-out is strictly subjected to availability and may be chargeable by the hotel. Any early check-in or late check-out request must be directed and reconfirmed with hotel directly Like the policy for : We do not allow unmarried / unrelated couples to checkin. This is at full discretion of the hotel management. No refund would be applicable in case the checkin is denied under such circumstances,Doctor on Call|Parking Facilities Available|Front Desk|Power Backup|Newspapers In Lobby|Family Room|Outdoor Parking - Secured|Parking Facility|Room Service|Public Restrooms,Erica Ocean Barnala
Coorg,The standard check-in time is 12:00 PM and the standard check-out time is 11:00 AM. Early check-in or late check-out is strictly subjected to availability and may be chargeable by the hotel. Any early check-in or late check-out request must be directed and reconfirmed with hotel directly,,Ever Green Estate Stay
Pahalgam,"The standard check-in time is 12:00 PM and the standard check-out time is 12:00 PM. Early check-in or late check-out is strictly subjected to availability and may be chargeable by the hotel. Any early check-in or late check-out request must be directed and reconfirmed with hotel directly 1.ALL GUESTS ARE REQUIRED TO PRESENT PROPER PHOTO IDENTIFICATION UPON CHECK IN. 2.The identity proof would include a valid Driving license/voter identity card/PAN card, etc. Valid Passport mandatory for all Foreign guests. 3.Booking rates will not be valid for Christmas and New year dates High season and long weekend dates extra supplement will be charged over and above the paid rates as per actual and hotel discretion. No refund would be applicable in case the hotel denies check-in under such circumstances.",Doctor on Call|Lobby|Parking Facilities Available|Front Desk|24 Hour Front Desk|Medical Assistance Available|Power Backup|Nature Walk|Newspapers In Lobby|Room Service (24 Hours)|STD / ISD|Internet / Fax (Reception area only)|Parking Facility|Fire Safety|CCTV|Fire Exit Signs|First-Aid Kit at Front Desk|Paid Transfers|Stamps and Mailing Facility,Eden Garden Guest House
Pune,"The standard check-in time is 12:00 PM and the standard check-out time is 11:00 AM. Early check-in or late check-out is strictly subjected to availability and may be chargeable by the hotel. Any early check-in or late check-out request must be directed and reconfirmed with hotel directly Booking rates will not be valid for Christmas  New year dates, High season  long weekend dates  extra supplement will be charged over  above the paid rates as per management discretion",Banquet Facilities|Doctor on Call|Dry Cleaning|Internet Access - Surcharge|Laundry Service Available|Lift / Elevator|Lobby|Parking Facilities Available|Front Desk|Locker Facility|Luggage Storage|Doorman|Power Backup|Gardens|Wake-up Call / Service|Suitable For Children|Conference Facility |Kitchen available (home cook food on request)|Smoking Area |Food Facility|Newspapers In Lobby|Room Service (24 Hours)|Baggage Room|RO Water Purification System|Outdoor Parking - Secured|Parking Facility|Internet Access|Room Service|Fire Safety|Fire Exit Signs|First-Aid Kit at Front Desk|Full Time Operation for All 7 Days|Public Restrooms,FabHotel Sumati Baner
Chikmagalur,The standard check-in time is 12:00 PM and the standard check-out time is 12:00 PM. Early check-in or late check-out is strictly subjected to availability and may be chargeable by the hotel. Any early check-in or late check-out request must be directed and reconfirmed with hotel directly,Front Desk|Power Backup|Room Service (24 Hours)|Parking Facility|Internet Access,F J Comforts Inn
Pelling,The standard check-in time is 12:00 PM and the standard check-out time is 11:00 AM. Early check-in or late check-out is strictly subjected to availability and may be chargeable by the hotel. Any early check-in or late check-out request must be directed and reconfirmed with hotel directly Children below 5 yrs of age will be complimentary. Need valid photo Id Proof of all guest at the time of check-in Check-in Time-12:00 Noon Check-out Time- 11:00 Noon,Parking Facilities Available|Front Desk,Floret Hotels and Resorts
Havelock,The standard check-in time is 12:00 PM and the standard check-out time is 12:00 PM. Early check-in or late check-out is strictly subjected to availability and may be chargeable by the hotel. Any early check-in or late check-out request must be directed and reconfirmed with hotel directly  We do not allow unmarried / unrelated couples to checkin. This is at full discretion of the hotel management. No refund would be applicable in case the checkin is denied under such circumstances  No refund applicable in case of any cancellation of ferry due to weather condition and in case of natural calamity. Dinner Supplement compulsory for 20.12.15 till 20.01.2016  Extra to be paid at the hotel directly,Doctor on Call|Doorman|Room Service (24 Hours)|Outdoor Parking - Secured|Fire Safety,Dreamland Resort
Mandi,"The standard check-in time is 12:00 PM and the standard check-out time is 11:00 AM. Early check-in or late check-out is strictly subjected to availability and may be chargeable by the hotel. Any early check-in or late check-out request must be directed and reconfirmed with hotel directly Check-in time  12:00 PM Check-out time 11:00 AM In case of early check in prior to 09:00 am, an extra 100% charge of a room tariff per night will be added to your accommodation bill.",,Durga Guest House
Bangalore,"The standard check-in time is 11:00 PM and the standard check-out time is 11:00 PM. Early check-in or late check-out is strictly subjected to availability and may be chargeable by the hotel. Any early check-in or late check-out request must be directed and reconfirmed with hotel directly Booking rates will not be valid for Christmas  New year dates, High season  long weekend dates  extra supplement will be charged over  above the paid rates as per actual  hotel discretion.",Laundry Service Available|Lift / Elevator|Parking Facilities Available|Front Desk|Locker Facility|Power Backup|Airport Transfer Free|Outdoor Parking - Secured|Parking Facility|Room Service,Devashree Comforts
Wayanad,The standard check-in time is 12:00 PM and the standard check-out time is 11:00 AM. Early check-in or late check-out is strictly subjected to availability and may be chargeable by the hotel. Any early check-in or late check-out request must be directed and reconfirmed with hotel directly We do not allow unmarried / unrelated couples to checkin. This is at full discretion of the hotel management. No refund would be applicable in case the checkin is denied under such circumstances,Barbecue Area|Laundry Service Available|Parking Facilities Available|Front Desk|Table Tennis|Welcome Drinks|Gardens|Kitchen available (home cook food on request)|Nature Walk|Veranda|Open Air Restaurant / Dining |Badminttion Court|Campfire / Bon Fire|Food Facility|Internet Access Free|Newspapers In Lobby|Outdoor Parking - Secured|Parking Facility|Restaurant|Fishing|Speciality Restaurant,DHANAGIRI HOMESTAY
Jaipur,"The standard check-in time is 12:00 PM and the standard check-out time is 11:00 AM. Early check-in or late check-out is strictly subjected to availability and may be chargeable by the hotel. Any early check-in or late check-out request must be directed and reconfirmed with hotel directly Valid Photo ID (Driver's License, Voters Card, Passport) required at the time of check-in. Hotel reserves right to admission. This may include cases such as denial of admission to local residents, and to unmarried, unrelated couples, among others.",Banquet Facilities|Concierge|Doctor on Call|Internet Access - Surcharge|Laundry Service Available|Lift / Elevator|Lobby|Non Smoking Rooms|Parking Facilities Available|Front Desk|Multi Cuisine Restaurant |Locker Facility|Valet service|Major Credit Cards Accepted|24 Hour Front Desk|Luggage Storage|Doorman|Medical Assistance Available|Air-Conditioning - Central|Power Backup|Gardens|Multi Lingual Staff|Wake-up Call / Service|Suitable For Children|Separate Sitting Area|Coffee Shop / Cafe|Conference Facility |Smoking Rooms|Kitchen available (home cook food on request)|Vegetarian Food / Jain Food Available|Food Facility|Newspapers In Lobby|Whirlpool Bath / Shower Cubicle|Room Service (24 Hours)|Spa Services Nearby|Baggage Room|Internet / Fax (Reception area only)|Parking Facility|Internet Access|Restaurant|Fire Safety|CCTV|Fire Exit Signs|First-Aid Kit at Front Desk|Speciality Restaurant,FabHotel Epic C Scheme
Hyderabad,The standard check-in time is 12:00 PM and the standard check-out time is 12:00 PM. Early check-in or late check-out is strictly subjected to availability and may be chargeable by the hotel. Any early check-in or late check-out request must be directed and reconfirmed with hotel directly Terms and Conditions: It is mandatory for guests to present valid photo identification at the time of check-in.,Airport Transfer Available / Surcharge|Business Center |Currency Exchange|Laundry Service Available|Non Smoking Rooms|Parking Facilities Available|Front Desk|24 Hour Front Desk|Welcome Drinks|Power Backup|Car Rental|Newspapers In Lobby|Room Service (24 Hours)|Outdoor Parking - Secured|Parking Facility,Fig n Olive Service Apartment
Shimla,The standard check-in time is 12:00 PM and the standard check-out time is 11:00 AM. Early check-in or late check-out is strictly subjected to availability and may be chargeable by the hotel. Any early check-in or late check-out request must be directed and reconfirmed with hotel directly,Parking Facilities Available|Internet Access Free|Outdoor Parking - Secured,Fariview Homestay
Thekkady,"The standard check-in time is 12:00 PM and the standard check-out time is 12:00 PM. Early check-in or late check-out is strictly subjected to availability and may be chargeable by the hotel. Any early check-in or late check-out request must be directed and reconfirmed with hotel directly **** Compulsory Supplement charges to be paid **** Mandatory Christmas and New Year Celebration Charges on 24th Dec and 31st Dec at Rs.1000 per person,to be paid at the hotel directly at the time of checkin. NO REFUND FOR RESERVATION BETWEEN 15TH DECEMBER TO 5TH JANUARY. It is mandatory for guests to present valid photo identification at the time of check-in. According to government regulations, a valid Photo ID has to be carried by every person above the age of 18 staying at the hotel. The identification proofs accepted are Driving License, Voter ID Card, and Passport. Without valid ID the guest will not be allowed to check-in. Hotel may charge compulsory gala dinner supplement on Christmas / New Year's eve or other festive periods. Any such supplements need to be paid directly at the hotel. There will be a season hike for Oct/Nov/Dec on Room Tariff which needs to be paid directly to the hotel.",Swimming Pool|Business Center |Front Desk|Multi Cuisine Restaurant |24 Hour Front Desk|Room Service (24 Hours),Eletaria Resorts
Pune,The standard check-in time is 01:00 PM and the standard check-out time is 10:00 AM. Early check-in or late check-out is strictly subjected to availability and may be chargeable by the hotel. Any early check-in or late check-out request must be directed and reconfirmed with hotel directly,Swimming Pool|Barbecue Area|Basketball Court |Billiards|Games Zone|Health Club / Gym Facility Available|Parking Facilities Available|Pets Allowed|Front Desk|Table Tennis|Tennis Court|Power Backup|Gardens|Fitness Equipment|Suitable For Children|Coffee Shop / Cafe|Conference Facility |Picnic Area|Pool Table|Massage Services |Nature Walk|Open Air Restaurant / Dining | Bike on Rent|Vegetarian Food / Jain Food Available|Kids Play Zone|Badminttion Court|Pool Cafe|Karaoke |Food Facility|Children's Park|Family Room|Spa Services Nearby| Cook Services|Internet / Fax (Reception area only)|Outdoor Parking - Secured|Parking Facility|Restaurant|Room Service,Frangipani Farm Stay
Ernakulam,The standard check-in time is 12:00 PM and the standard check-out time is 11:00 AM. Early check-in or late check-out is strictly subjected to availability and may be chargeable by the hotel. Any early check-in or late check-out request must be directed and reconfirmed with hotel directly Terms and Conditions: It is mandatory for guests to present valid photo identification at the time of check-in.,Business Center |Doctor on Call|Laundry Service Available|Parking Facilities Available|Front Desk|Multi Cuisine Restaurant |Local Tour / Travel Desk|Valet service|Power Backup|Kitchen available (home cook food on request)|Internet Access Free|Outdoor Parking - Secured|Parking Facility|Room Service|Public Restrooms|Speciality Restaurant,Fort Castle
Gurgaon,The standard check-in time is 12:00 PM and the standard check-out time is 12:00 PM. Early check-in or late check-out is strictly subjected to availability and may be chargeable by the hotel. Any early check-in or late check-out request must be directed and reconfirmed with hotel directly Hotel may charge compulsory gala dinner supplement on Christmas / New Year's eve or other festive periods. Any such supplements need to be paid directly at the hotel.,Bar / Lounge |Health Club / Gym Facility Available|Internet Access - Surcharge|Lift / Elevator|Lobby|Parking Facilities Available|Front Desk|Multi Cuisine Restaurant |Major Credit Cards Accepted|Air-Conditioning - Central|Power Backup|Express Check-In / Check-Out|Conference Facility |Board Room|Room Service (24 Hours)| Cook Services,Executive Residence- Sec 27
Udaipur,The standard check-in time is 02:00 PM and the standard check-out time is 12:00 PM. Early check-in or late check-out is strictly subjected to availability and may be chargeable by the hotel. Any early check-in or late check-out request must be directed and reconfirmed with hotel directly Hotel may charge supplement charges on Christmas / New Year's eve or other festive periods. Any such supplements need to be paid directly at the hotel. There may be additional charges and taxes applicable. Pets are not allowed.,Doctor on Call|Front Desk|24 Hour Front Desk|Medical Assistance Available,double stay gulabbagh
Bangalore,The standard check-in time is 12:00 PM and the standard check-out time is 12:00 PM. Early check-in or late check-out is strictly subjected to availability and may be chargeable by the hotel. Any early check-in or late check-out request must be directed and reconfirmed with hotel directly,Airport Transfer Available / Surcharge|Currency Exchange|Doctor on Call|Laundry Service Available|Parking Facilities Available|Front Desk|Locker Facility|Local Tour / Travel Desk|24 Hour Front Desk|Power Backup|Express Check-In / Check-Out|Wake-up Call / Service|Free Local Calls|Car Rental|Taxi Services| Drivers Rest Room|Newspapers In Lobby|Internet Access|Room Service,Eco Comforts Bangalore New Airport
Bhopal,The standard check-in time is 12:00 PM and the standard check-out time is 12:00 PM. Early check-in or late check-out is strictly subjected to availability and may be chargeable by the hotel. Any early check-in or late check-out request must be directed and reconfirmed with hotel directly  We do not allow unmarried / unrelated couples to checkin. This is at full discretion of the hotel management. No refund would be applicable in case the checkin is denied under such circumstances,Doctor on Call|Front Desk|24 Hour Front Desk|Family Room|Fire Safety,Dream Ocean Resort
Port Blair,"The standard check-in time is 12:00 PM and the standard check-out time is 10:00 AM. Early check-in or late check-out is strictly subjected to availability and may be chargeable by the hotel. Any early check-in or late check-out request must be directed and reconfirmed with hotel directly Hotel will charge compulsory gala dinner supplement of Rs.2000 Plus 9.80% S.tax per person and Rs.1000 Plus 9.80% S.Tax for 05-12 hyrs on New Year's eve periods. Any such supplements need to be paid directly at the hotel. Mandatory Gala Dinner on 31 Dec at Rs 2000 plus 9.8% Per Person will be paid directly at the hotel Mandatory Gala Dinner on 31 Dec at Rs 1000 plus 9.8% for 05-12 yrs child, will be paid directly at the hotel",Airport Transfer Available / Surcharge|Banquet Facilities|Bar / Lounge |Business Center |Currency Exchange|Doctor on Call|Games Zone|Gift Shop |Internet Access - Surcharge|Laundry Service Available|Lobby|Non Smoking Rooms|Parking Facilities Available|Front Desk|Multi Cuisine Restaurant |Locker Facility|Non Smoking Hotel|Table Tennis|Local Tour / Travel Desk|Major Credit Cards Accepted|24 Hour Front Desk|Luggage Storage|Medical Assistance Available|Power Backup|Gardens|Wake-up Call / Service|Porter / Bellhop|Suitable For Children|Conference Facility |Wheelchair Accessibility - Room|Smoking Area | Bike on Rent|Vegetarian Food / Jain Food Available|Extra Person / Child - Share the same room|Car Rental|Badminttion Court|Mini Theatre|City Shuttle Service|Postal / Parcel Services|Party hall|STD / ISD|Baggage Room|Courier Service|Guide / Sightseeing Service|Adjoining Rooms|RO Water Purification System|Parking Facility|Room Service,Fortune Resort Bay Island
Ooty,The standard check-in time is 12:00 PM and the standard check-out time is 12:00 PM. Early check-in or late check-out is strictly subjected to availability and may be chargeable by the hotel. Any early check-in or late check-out request must be directed and reconfirmed with hotel directly It is mandatory for guests to present valid photo identification at the time of check-in. Early check-in or late check-out is subject to availability and may be chargeable by the hotel. The standard check-in time is 12 PM and the standard check-out time is 12 PM.,Parking Facilities Available|Front Desk|Room Service (24 Hours)|Parking Facility,Divvaesh Residency
Kanha,The standard check-in time is 12:00 PM and the standard check-out time is 12:00 PM. Early check-in or late check-out is strictly subjected to availability and may be chargeable by the hotel. Any early check-in or late check-out request must be directed and reconfirmed with hotel directly Check the availability of Safari and Room . Check in time and Check out time is 12 noon,Separate Sitting Area|Campfire / Bon Fire|Guide / Sightseeing Service,Flame of the Forest
Bangalore,The standard check-in time is 12:00 PM and the standard check-out time is 11:00 AM. Early check-in or late check-out is strictly subjected to availability and may be chargeable by the hotel. Any early check-in or late check-out request must be directed and reconfirmed with hotel directly NO Pets. Government ID cards are mandatory during the time of check in.,Business Center |Laundry Service Available|Lift / Elevator|Parking Facilities Available|Front Desk|Multi Cuisine Restaurant |Locker Facility|Power Backup|Rooftop Garden|Outdoor Parking - Secured|Parking Facility|Room Service|Porter Services Available|Public Restrooms|Suites,FabHotel Legacy Brigade Road
Shillong,The standard check-in time is 12:00 PM and the standard check-out time is 12:00 PM. Early check-in or late check-out is strictly subjected to availability and may be chargeable by the hotel. Any early check-in or late check-out request must be directed and reconfirmed with hotel directly,,Eldorado Guest House
Bangalore,The standard check-in time is 12:00 PM and the standard check-out time is 11:00 AM. Early check-in or late check-out is strictly subjected to availability and may be chargeable by the hotel. Any early check-in or late check-out request must be directed and reconfirmed with hotel directly Our Inns reserve the right to admission. Accommodation can be denied to the guests posing as a couple if suitable identification and a non-local address proof is not presented at check-in. MAP plan includes limited menu meal.,Doctor on Call|Dry Cleaning|Laundry Service Available|Lift / Elevator|Lobby|Non Smoking Rooms|Front Desk|Multi Cuisine Restaurant |Locker Facility|Major Credit Cards Accepted|24 Hour Front Desk|Doorman|Air-Conditioning - Central|Power Backup|Multi Lingual Staff|Separate Sitting Area|Smoking Rooms|Food Facility|Newspapers In Lobby|Whirlpool Bath / Shower Cubicle|Internet / Fax (Reception area only)|Internet Access|Restaurant|Room Service|Fire Safety|CCTV|Fire Exit Signs|First-Aid Kit at Front Desk|Speciality Restaurant,FabHotel Maruthi Domlur
Diveagar,The standard check-in time is 10:00 AM and the standard check-out time is 10:30 AM. Early check-in or late check-out is strictly subjected to availability and may be chargeable by the hotel. Any early check-in or late check-out request must be directed and reconfirmed with hotel directly Customer has to pay 50% advance booking.  Rupees 100/- for additional person.,Doctor on Call|Dry Cleaning|Parking Facilities Available|Front Desk|Locker Facility|24 Hour Front Desk|Food Facility|Internet Access Free|Newspapers In Lobby|Room Service (24 Hours)|Outdoor Parking - Secured|Parking Facility|Internet Access|Room Service|Fire Safety|CCTV|First-Aid Kit at Front Desk|Full Time Operation for All 7 Days|Public Restrooms,Dwarkamai
Pachmarhi,The standard check-in time is 12:00 PM and the standard check-out time is 12:00 PM. Early check-in or late check-out is strictly subjected to availability and may be chargeable by the hotel. Any early check-in or late check-out request must be directed and reconfirmed with hotel directly,,Evelyns Own
Guruvayoor,The standard check-in time is 12:00 PM and the standard check-out time is 12:00 PM. Early check-in or late check-out is strictly subjected to availability and may be chargeable by the hotel. Any early check-in or late check-out request must be directed and reconfirmed with hotel directly Valid ID Proof is mandatory at the time of check in,Banquet Facilities|Bar / Lounge |Business Center |Disabled Friendly Facilities |Doctor on Call|Internet Access - Surcharge|Laundry Service Available|Lobby|Parking Facilities Available|Front Desk|Multi Cuisine Restaurant |Locker Facility|Local Tour / Travel Desk|Major Credit Cards Accepted|24 Hour Front Desk|Air-Conditioning - Central|Power Backup|Wedding Services Facility|Catering|Multi Lingual Staff|Wake-up Call / Service|Conference Facility |Smoking Area |Newspapers In Lobby|Room Service (24 Hours)|Restaurant|Suites,Devasura inn(80 Kms From Thrissur)
Chennai,The standard check-in time is 12:00 PM and the standard check-out time is 12:00 PM. Early check-in or late check-out is strictly subjected to availability and may be chargeable by the hotel. Any early check-in or late check-out request must be directed and reconfirmed with hotel directly NO Check in with out ID Proof,,Empire Guest House
Pune,The standard check-in time is 12:00 PM and the standard check-out time is 11:00 AM. Early check-in or late check-out is strictly subjected to availability and may be chargeable by the hotel. Any early check-in or late check-out request must be directed and reconfirmed with hotel directly Our Inns reserve the right to admission. Accommodation can be denied to the guests posing as a couple if suitable identification and a non-local address proof is not presented at check-in. MAP plan includes limited menu meal.,Internet Access - Surcharge|Laundry Service Available|Parking Facilities Available|Front Desk|Power Backup|Veranda|Veg / Non Veg Kitchens Separate |Food Facility|Newspapers In Lobby|Room Service (24 Hours)|Outdoor Parking - Secured|Internet Access|Room Service|Speciality Restaurant,FabHotel Bhagyashree Magarpatta
Udaipur,The standard check-in time is 12:00 PM and the standard check-out time is 12:00 PM. Early check-in or late check-out is strictly subjected to availability and may be chargeable by the hotel. Any early check-in or late check-out request must be directed and reconfirmed with hotel directly We do not allow unmarried / unrelated couples to checkin. This is at full discretion of the hotel management. No refund would be applicable in case the checkin is denied under such circumstances,Lobby|Non Smoking Rooms|Front Desk|24 Hour Front Desk|Medical Assistance Available|Nature Walk|Veranda|Food Facility|Room Service (24 Hours)|RO Water Purification System|Outdoor Parking - Secured|Parking Facility|Room Service|First-Aid Kit at Front Desk|Full Time Operation for All 7 Days,Dungla House
Ooty,The standard check-in time is 12:00 PM and the standard check-out time is 12:00 PM. Early check-in or late check-out is strictly subjected to availability and may be chargeable by the hotel. Any early check-in or late check-out request must be directed and reconfirmed with hotel directly,Doctor on Call|Front Desk|Room Service (24 Hours)|Guide / Sightseeing Service|Outdoor Parking - Secured,Ever Fresh Cottages ( Amaravati Gardens )
Jaipur,The standard check-in time is 12:00 PM and the standard check-out time is 12:00 PM. Early check-in or late check-out is strictly subjected to availability and may be chargeable by the hotel. Any early check-in or late check-out request must be directed and reconfirmed with hotel directly Hotel may charge gala dinner supplement on Christmas/New Years eve or other festive periods. Which needs to be paid directly at the hotel.As per the govt. guidelines valid govt. issued id proofs are required to be presented at the Time of C/in,Airport Transfer Available / Surcharge|Banquet Facilities|Currency Exchange|Doctor on Call|Laundry Service Available|Lift / Elevator|Lobby|Front Desk|Locker Facility|Local Tour / Travel Desk|Major Credit Cards Accepted|24 Hour Front Desk|Luggage Storage|Air-Conditioning - Central|Power Backup|Electronic / Magnetic Keys|Taxi Services|Food Facility|Newspapers In Lobby|Room Service (24 Hours)|Party hall|Baggage Room|Internet Access|Restaurant|Room Service,Flute Boutique Hotel
Thrissur,The standard check-in time is 02:00 PM and the standard check-out time is 12:00 PM. Early check-in or late check-out is strictly subjected to availability and may be chargeable by the hotel. Any early check-in or late check-out request must be directed and reconfirmed with hotel directly Valid ID proof is required at the time of check in for all guests. Locals and unmarried couples are not allowed ( 30 KM area radius from hotel  take as a local area.,Doctor on Call|Parking Facilities Available|Outdoor Parking - Secured|Parking Facility|Public Restrooms,Devasura Inn
Goa,The standard check-in time is 11:00 AM and the standard check-out time is 10:30 AM. Early check-in or late check-out is strictly subjected to availability and may be chargeable by the hotel. Any early check-in or late check-out request must be directed and reconfirmed with hotel directly Guests are required to show a photo identification with address proof upon check in .Please note that all special requests are subject to availability and additional charges may apply.,"Swimming Pool|Airport Transfer Available / Surcharge|Doctor on Call|Parking Facilities Available|Locker Facility|24 Hour Front Desk|Air-Conditioning - Central|Power Backup|Gardens|Suitable For Children|Pick Up and Drop (Rly Station, Bus Stand, Temple)|Car Rental|Taxi Services|Food Facility|Internet Access Free|Air / Rail Booking|Outdoor Parking - Secured|Parking Facility|Room Service",Elegant Shades
Mumbai,The standard check-in time is 12:00 PM and the standard check-out time is 11:00 AM. Early check-in or late check-out is strictly subjected to availability and may be chargeable by the hotel. Any early check-in or late check-out request must be directed and reconfirmed with hotel directly Unmarried couple not allowed,Doctor on Call,Dreamhome Serviced Apartments
Jaisalmer,The standard check-in time is 10:00 AM and the standard check-out time is 10:00 AM. Early check-in or late check-out is strictly subjected to availability and may be chargeable by the hotel. Any early check-in or late check-out request must be directed and reconfirmed with hotel directly Hotel may charge compulsory gala dinner supplement on Christmas / New Year's eve or other festive periods. Any such supplements need to be paid directly at the hotel.,Airport Transfer Available / Surcharge|Business Center |Currency Exchange|Doctor on Call|Dry Cleaning|Gift Shop |Internet Access - Surcharge|Laundry Service Available|Lobby|Non Smoking Rooms|Parking Facilities Available|Pets Allowed|Front Desk|Multi Cuisine Restaurant |Locker Facility|Non Smoking Hotel|Local Tour / Travel Desk|24 Hour Front Desk|Welcome Drinks|Power Backup|Camel Ride|Shopping Drop Facility (on fixed timings)|Car Rental|City Shuttle Service|Newspapers In Lobby|Room Service (24 Hours)| Cook Services|Air / Rail Booking|Courier Service|Guide / Sightseeing Service|Outdoor Parking - Secured|Parking Facility|Internet Access|Room Service|Suites,Dylan Cafe and Guest House
Palampur,The standard check-in time is 12:00 PM and the standard check-out time is 12:00 PM. Early check-in or late check-out is strictly subjected to availability and may be chargeable by the hotel. Any early check-in or late check-out request must be directed and reconfirmed with hotel directly Pets are not allowed. Valid Photo ID required for check-in,Doctor on Call|Lobby|Front Desk|24 Hour Front Desk|Power Backup,Ekant Resort
Goa,The standard check-in time is 12:00 PM and the standard check-out time is 12:00 PM. Early check-in or late check-out is strictly subjected to availability and may be chargeable by the hotel. Any early check-in or late check-out request must be directed and reconfirmed with hotel directly Photo identity is mandatory for all the guest who crossed their minority Pancard is not valid as photo identity Pets not allowed,Doctor on Call|Lobby|Local Tour / Travel Desk|24 Hour Front Desk|Power Backup|Room Service (24 Hours)|Room Service|Fishing|Fire Safety|First-Aid Kit at Front Desk,Exotic Home Stay - Goa
Cochin,"The standard check-in time is 01:00 PM and the standard check-out time is 11:00 AM. Early check-in or late check-out is strictly subjected to availability and may be chargeable by the hotel. Any early check-in or late check-out request must be directed and reconfirmed with hotel directly Facilities offered on request: Telephone and Internet services Bus tickets, Train tickets and Flight tickets booking Doctor on call Houseboat for overnight cruise Kathakali tickets Indian classical dance training Travel desk Yoga training",Currency Exchange|Laundry Service Available|Parking Facilities Available|Front Desk|24 Hour Front Desk|Power Backup|Gardens|Guide / Sightseeing Service|Outdoor Parking - Secured|Parking Facility|Room Service|Ayurvedic Facilities,Elim Homestay
Kolkata,The standard check-in time is 12:00 PM and the standard check-out time is 12:00 PM. Early check-in or late check-out is strictly subjected to availability and may be chargeable by the hotel. Any early check-in or late check-out request must be directed and reconfirmed with hotel directly We do not allow unmarried / unrelated couples to checkin. This is at full discretion of the hotel management. No refund would be applicable in case the checkin is denied under such circumstances,Parking Facilities Available|Front Desk|Secretarial Services|24 Hour Front Desk|RO Water Purification System|Outdoor Parking - Secured|Fire Safety|Fire Exit Signs|First-Aid Kit at Front Desk|Security at All Hotel Entrances,Enclave Guest House
Ernakulam,The standard check-in time is 12:00 PM and the standard check-out time is 12:00 PM. Early check-in or late check-out is strictly subjected to availability and may be chargeable by the hotel. Any early check-in or late check-out request must be directed and reconfirmed with hotel directly We do not allow unmarried / unrelated couples to checkin. This is at full discretion of the hotel management. No refund would be applicable in case the checkin is denied under such circumstances,Doctor on Call|Parking Facilities Available|Front Desk|Medical Assistance Available|Room Service|Public Restrooms,DWARAKA HOTEL
Patna,The standard check-in time is 12:00 PM and the standard check-out time is 12:00 PM. Early check-in or late check-out is strictly subjected to availability and may be chargeable by the hotel. Any early check-in or late check-out request must be directed and reconfirmed with hotel directly Rates are subject to change without notice. Above rates are valid until further advice. Pets not allowed. Check out time - 12 PM Noon Need to provide valid ID Proof at the time of check-in for Primary Guest.,Front Desk|Power Backup|Conference Facility |Newspapers In Lobby|Parking Facility,Fortune Inn
Chennai,The standard check-in time is 12:00 PM and the standard check-out time is 12:00 PM. Early check-in or late check-out is strictly subjected to availability and may be chargeable by the hotel. Any early check-in or late check-out request must be directed and reconfirmed with hotel directly Terms and Conditions: It is mandatory for guests to present valid photo identification at the time of check-in. Hotel may charge compulsory gala dinner supplement on Christmas / New Year's eve or other festive periods. Any such supplements need to be paid directly at the hotel. Visitors are not permitted in guest rooms any time of the day.,"Airport Transfer Available / Surcharge|Ballroom|Banquet Facilities|Bar / Lounge |Beauty Salon - on charge|Business Center |Concierge|Currency Exchange|Disabled Friendly Facilities |Doctor on Call|Dry Cleaning|Gift Shop |Health Club / Gym Facility Available|Internet Access - Surcharge|Laundry Service Available|Lift / Elevator|Lobby|Night Club|Non Smoking Rooms|Parking Facilities Available|Front Desk|Multi Cuisine Restaurant |Locker Facility|Valet service|Major Credit Cards Accepted|24 Hour Front Desk|Luggage Storage|Doorman|Medical Assistance Available|Air-Conditioning - Central|Welcome Drinks|Power Backup|Gardens|Wake-up Call / Service|Fitness Equipment|Porter / Bellhop|Coffee Shop / Cafe|Conference Facility |Smoking Rooms|ATM / Banking|Disabled Friendly Rooms|Electronic / Magnetic Keys|Fire Place Available |Wheelchair Accessibility - Room|Pick Up and Drop (Rly Station, Bus Stand, Temple)|Smoking Area |Vegetarian Food / Jain Food Available|Car Rental|Express Laundry|Kids Play Zone|Taxi Services|Internet Access Free|Newspapers In Lobby|Family Room|Room Service (24 Hours)|Spa Services Nearby|Party hall|STD / ISD|Baggage Room|Courier Service|Adjoining Rooms|RO Water Purification System|Parking Facility|Internet Access|Restaurant|Fire Safety|CCTV|Fire Exit Signs|Full Time Operation for All 7 Days|Porter Services Available|Security at All Hotel Entrances|Smoke Detector",E Hotel
Aurangabad,The standard check-in time is 12:00 PM and the standard check-out time is 12:00 PM. Early check-in or late check-out is strictly subjected to availability and may be chargeable by the hotel. Any early check-in or late check-out request must be directed and reconfirmed with hotel directly The standard check-in/check out  time is 24 hrs  Early check-in or late check-out is strictly subjected to availability and may be chargeable by the hotel.,Lobby|Parking Facilities Available|Front Desk|Power Backup|Car Rental|Kids Play Zone|Internet Access Free|Newspapers In Lobby|Room Service (24 Hours)|Party hall|Parking Facility|Internet Access,"Ellora heritage resort, Ellora"
Chikmagalur,"The standard check-in time is 02:00 PM and the standard check-out time is 11:00 AM. Early check-in or late check-out is strictly subjected to availability and may be chargeable by the hotel. Any early check-in or late check-out request must be directed and reconfirmed with hotel directly The prices displayed on the Websites are an average per night per person until a rate is selected.  ALL GUESTS ARE REQUIRED TO PRESENT PROPER PHOTO IDENTIFICATION UPON CHECK IN. The identity proof would include a valid Driving license/voter identity card/PAN card, etc. Valid Passport mandatory for all Foreign guests. Hotel is not allow unmarried / unrelated couples to check-in. This is at full discretion of the hotel management. No refund would be applicable in case the hotel denies check-in under such circumstances.","Airport Transfer Available / Surcharge|Doctor on Call|Games Zone|Parking Facilities Available|Pets Allowed|Spa On Site - Chargeable|Local Tour / Travel Desk|Valet service|Welcome Drinks|Power Backup|Wake-up Call / Service|Separate Sitting Area|Access Via Exterior Corridors|Fire Place Available |Picnic Area|Safari|Pick Up and Drop (Rly Station, Bus Stand, Temple)|Nature Walk|Extra Person / Child - Share the same room|Village Visit ( Chargeable )|Kids Play Zone|Taxi Services| Drivers Rest Room|Trekking",Forest Homestay-Aldur
Mumbai,The standard check-in time is 02:00 PM and the standard check-out time is 12:00 PM. Early check-in or late check-out is strictly subjected to availability and may be chargeable by the hotel. Any early check-in or late check-out request must be directed and reconfirmed with hotel directly Right to Admission Reserved,Doctor on Call|Laundry Service Available|Lift / Elevator|Parking Facilities Available|ATM / Banking|Kitchen available (home cook food on request)|Newspapers In Lobby|Room Service (24 Hours)|Parking Facility|Internet Access,Executive Service Apartments Goregaon West
Goa,The standard check-in time is 12:00 PM and the standard check-out time is 12:00 PM. Early check-in or late check-out is strictly subjected to availability and may be chargeable by the hotel. Any early check-in or late check-out request must be directed and reconfirmed with hotel directly Hotel may charge compulsory gala dinner supplement on Christmas / New Year's eve or other festive periods. Any such supplements need to be paid directly at the hotel.,Currency Exchange|Doctor on Call|Multi Cuisine Restaurant |Major Credit Cards Accepted| Bike on Rent|Car Rental,Don Joao Resort
Noida,The standard check-in time is 12:00 PM and the standard check-out time is 12:00 PM. Early check-in or late check-out is strictly subjected to availability and may be chargeable by the hotel. Any early check-in or late check-out request must be directed and reconfirmed with hotel directly Hotel may charge compulsory gala dinner supplement on Christmas / New Year's eve or other festive periods. Any such supplements need to be paid directly at the hotel.,Swimming Pool|Banquet Facilities|Internet Access - Surcharge|Multi Cuisine Restaurant |Fitness Equipment|Sauna|Massage Services,"Fortune Inn Grazia, Noida"
Mount Abu,The standard check-in time is 11:00 AM and the standard check-out time is 09:00 AM. Early check-in or late check-out is strictly subjected to availability and may be chargeable by the hotel. Any early check-in or late check-out request must be directed and reconfirmed with hotel directly Non Veg is not served n allowed in the premises only couples n families are allowed any damage to property by guest will be borne by guest rights of admission reserved All the room is Non AC for Ac to be switched on in the rooms there is an Extra Charge of Rs 850 at the hotel.,Doctor on Call|Games Zone|Laundry Service Available|Non Smoking Rooms|Parking Facilities Available|Front Desk|Local Tour / Travel Desk|24 Hour Front Desk|Power Backup|Gardens|Wake-up Call / Service|Picnic Area|Nature Walk| Bike on Rent|Vegetarian Food / Jain Food Available|Car Rental|Taxi Services|Campfire / Bon Fire|Internet Access Free|Family Room|Guide / Sightseeing Service|RO Water Purification System|Outdoor Parking - Secured|Parking Facility|Room Service|Trekking,Forest Eco Lodge
Hyderabad,"The standard check-in time is 12:00 PM and the standard check-out time is 12:00 PM. Early check-in or late check-out is strictly subjected to availability and may be chargeable by the hotel. Any early check-in or late check-out request must be directed and reconfirmed with hotel directly Terms and Conditions: According to government regulations, a valid Photo ID has to be carried by every person who stays at the hotel. The identification proofs accepted are Drivers License, Voters Card, Passport, Ration Card. Without valid ID the guest will not be allowed to check in. Note- PAN Cards will not be accepted as a valid ID card.   *   It is mandatory for guests to present valid photo identification at the time of check-in.   *   The primary guest checking in to the hotel must be at least 21 years of age.   *   The hotel reserves the right of admission. Accommodation can be denied to guests posing as a couple if suitable proof of identification is not presented at check-in.   *   The hotel reserves the right of admission for local residents. Accommodation can be denied to guests residing in the same city.   *   Local ID proof will not be valid.",Airport Transfer Available / Surcharge,Eeshwarillu Cool Rooms
Ranikhet,The standard check-in time is 02:00 PM and the standard check-out time is 12:00 PM. Early check-in or late check-out is strictly subjected to availability and may be chargeable by the hotel. Any early check-in or late check-out request must be directed and reconfirmed with hotel directly  Evening Snacks (02 veg and 02 non veg) @ INR 450 per person inclusive of taxes.  Soft Drinks and Juices as per actual charges  Angling/ Fishing/ Bird Watching and Adventure activities (subject to permission on chargeable). Corbett Safari on the day of departure ( Subject to pre reservation basis),Doctor on Call|Lobby|Front Desk|Local Tour / Travel Desk|24 Hour Front Desk|Power Backup|Campfire / Bon Fire|Room Service (24 Hours)|RO Water Purification System|Room Service,Essence of Nature
Sangrur,The standard check-in time is 12:00 PM and the standard check-out time is 12:00 PM. Early check-in or late check-out is strictly subjected to availability and may be chargeable by the hotel. Any early check-in or late check-out request must be directed and reconfirmed with hotel directly We do not allow unmarried / unrelated couples to checkin. This is at full discretion of the hotel management. No refund would be applicable in case the checkin is denied under such circumstances,Airport Transfer Available / Surcharge|Babysitting/ Child Care (surcharge)|Banquet Facilities|Business Center |Concierge|Currency Exchange|Disabled Friendly Facilities |Doctor on Call|Dry Cleaning|Health Club / Gym Facility Available|Internet Access - Surcharge|Laundry Service Available|Lift / Elevator|Lobby,"EATING MALL, HOTELS AND PARTY HALL"
Ahmedabad,The standard check-in time is 10:00 AM and the standard check-out time is 12:00 PM. Early check-in or late check-out is strictly subjected to availability and may be chargeable by the hotel. Any early check-in or late check-out request must be directed and reconfirmed with hotel directly Valid ID proof is required at the time of check in for all guests. Unmarried couples are not allowed.,Business Center |Currency Exchange|Doctor on Call|Dry Cleaning|Health Club / Gym Facility Available|Laundry Service Available|Lift / Elevator|Lobby|Parking Facilities Available|Front Desk|Local Tour / Travel Desk|Major Credit Cards Accepted|24 Hour Front Desk|Luggage Storage|Medical Assistance Available|Power Backup|Audio - Visual Equipment|Wake-up Call / Service|Fitness Equipment|Conference Facility |Smoking Rooms|Smoking Area |Veranda|Extra Person / Child - Share the same room|Car Rental|Board Room| Drivers Rest Room|Newspapers In Lobby|Air / Rail Booking|Baggage Room|RO Water Purification System|Outdoor Parking - Secured|Parking Facility|Internet Access,FabHotel Oriental Ellisbridge
Hyderabad,The standard check-in time is 12:00 PM and the standard check-out time is 12:00 PM. Early check-in or late check-out is strictly subjected to availability and may be chargeable by the hotel. Any early check-in or late check-out request must be directed and reconfirmed with hotel directly,Laundry Service Available|Lift / Elevator|Front Desk|Power Backup|Parking Facility|Room Service,Dwaraka Inn
Mysore,The standard check-in time is 11:00 AM and the standard check-out time is 05:00 AM. Early check-in or late check-out is strictly subjected to availability and may be chargeable by the hotel. Any early check-in or late check-out request must be directed and reconfirmed with hotel directly Government ID cards are mandatory during the time of check in.,Lobby|Front Desk|24 Hour Front Desk|Power Backup|Wake-up Call / Service|Extra Person / Child - Share the same room|Car Rental|Newspapers In Lobby|Family Room|Room Service (24 Hours)|Outdoor Parking - Non Secured|Room Service|CCTV|Full Time Operation for All 7 Days,Dhanawantri Comforts
Gurgaon,The standard check-in time is 12:00 PM and the standard check-out time is 11:00 AM. Early check-in or late check-out is strictly subjected to availability and may be chargeable by the hotel. Any early check-in or late check-out request must be directed and reconfirmed with hotel directly Our Inns reserve the right to admission. Accommodation can be denied to the guests posing as a couple if suitable identification and a non-local address proof is not presented at check-in. MAP plan includes limited menu meal.,Doctor on Call|Internet Access - Surcharge|Lift / Elevator|Lobby|Non Smoking Rooms|Parking Facilities Available|Front Desk|Multi Cuisine Restaurant |Locker Facility|24 Hour Front Desk|Luggage Storage|Air-Conditioning - Central|Welcome Drinks|Power Backup|Multi Lingual Staff|Wake-up Call / Service|Conference Facility |Smoking Rooms|Food Facility|Newspapers In Lobby|Whirlpool Bath / Shower Cubicle|Room Service (24 Hours)|RO Water Purification System|Outdoor Parking - Secured|Parking Facility|Internet Access|Restaurant|CCTV|Fire Exit Signs|First-Aid Kit at Front Desk,FabHotel Cyber Park
Ernakulam,"The standard check-in time is 12:00 PM and the standard check-out time is 12:00 PM. Early check-in or late check-out is strictly subjected to availability and may be chargeable by the hotel. Any early check-in or late check-out request must be directed and reconfirmed with hotel directly Booking rates will not be valid for Christmas  New year dates, High season  long weekend dates  extra supplement will be charged over above the paid rates as per actual  hotel discretion.",Parking Facilities Available|Front Desk|Parking Facility|Room Service|First-Aid Kit at Front Desk,FURNISHED 3BHK FLAT
Delhi,"The standard check-in time is 12:00 PM and the standard check-out time is 12:00 PM. Early check-in or late check-out is strictly subjected to availability and may be chargeable by the hotel. Any early check-in or late check-out request must be directed and reconfirmed with hotel directly As per the Government directives it is Mandatory for all the guest (Foreign Nationals , NRI and Indian Nationals) to show their Photo ID proof at the time of Check-In which can be in form of Passport and Visa Copy, Driving License, Voter ID Card.",Business Center |Doctor on Call|Dry Cleaning|Internet Access - Surcharge|Laundry Service Available|Lift / Elevator|Lobby|Parking Facilities Available|Front Desk|Multi Cuisine Restaurant |Local Tour / Travel Desk|Major Credit Cards Accepted|24 Hour Front Desk|Air-Conditioning - Central|Power Backup|Wake-up Call / Service|Car Rental|Newspapers In Lobby|Room Service (24 Hours)|Voicemail|STD / ISD|RO Water Purification System,Florence Inn
Jaipur,The standard check-in time is 12:00 PM and the standard check-out time is 12:00 PM. Early check-in or late check-out is strictly subjected to availability and may be chargeable by the hotel. Any early check-in or late check-out request must be directed and reconfirmed with hotel directly,,Doodle Rack
Port Blair,The standard check-in time is 08:00 AM and the standard check-out time is 08:00 AM. Early check-in or late check-out is strictly subjected to availability and may be chargeable by the hotel. Any early check-in or late check-out request must be directed and reconfirmed with hotel directly,Doctor on Call|Dry Cleaning|Laundry Service Available|Lobby|Parking Facilities Available|Front Desk|Multi Cuisine Restaurant |Local Tour / Travel Desk|24 Hour Front Desk|Welcome Drinks|Power Backup|Nature Walk|Newspapers In Lobby|Room Service (24 Hours)| Cook Services|Parking Facility,DREAM PALACE
Navi Mumbai,The standard check-in time is 12:00 PM and the standard check-out time is 12:00 PM. Early check-in or late check-out is strictly subjected to availability and may be chargeable by the hotel. Any early check-in or late check-out request must be directed and reconfirmed with hotel directly Hotel may charge compulsory gala dinner supplement on Christmas / New Year's eve or other festive periods. Any such supplements need to be paid directly at the hotel.,Banquet Facilities|Bar / Lounge |Currency Exchange|Doctor on Call|Laundry Service Available|Lift / Elevator|Lobby|Parking Facilities Available|Front Desk|Multi Cuisine Restaurant |Locker Facility|Local Tour / Travel Desk|Valet service|Major Credit Cards Accepted|24 Hour Front Desk|Doorman|Medical Assistance Available|Wedding Services Facility|Multi - Line Phone|Veg / Non Veg Kitchens Separate |Vegetarian Food / Jain Food Available|Extra Person / Child - Share the same room|Newspapers In Lobby|Room Service (24 Hours)|Party hall|Parking Facility,Devanshi Inn
Hyderabad,The standard check-in time is 12:00 PM and the standard check-out time is 12:00 PM. Early check-in or late check-out is strictly subjected to availability and may be chargeable by the hotel. Any early check-in or late check-out request must be directed and reconfirmed with hotel directly   *   It is mandatory for guests to present valid photo identification at the time of check-in.   *   The primary guest checking in to the hotel must be at least 21 years of age.   *   The hotel reserves the right of admission. Accommodation can be denied to guests posing as a couple if suitable proof of identification is not presented at check-in.   *   The hotel reserves the right of admission for local residents. Accommodation can be denied to guests residing in the same city.   *   Local ID proof will not be valid.,Power Backup|Food Facility|Internet Access,Eashwar Lodge
Ahmedabad,"The standard check-in time is 12:00 PM and the standard check-out time is 12:00 PM. Early check-in or late check-out is strictly subjected to availability and may be chargeable by the hotel. Any early check-in or late check-out request must be directed and reconfirmed with hotel directly *Valid Identification Documents/ Proof is Mandatory. *In case of any unusual/ improper/ suspicious act, Hotel can cancel Room. *Check Inn and Check Out is 12:00 Noon. After that half day charges will be applicable. *Early check-in or late check-out is strictly subjected to availability and may be chargeable by the hotel.  *Unmarried and unrelated couples will not be allowed to check in due to security reason. *Pets are not allowed.",Doctor on Call|Internet Access - Surcharge|Laundry Service Available|Lift / Elevator|Parking Facilities Available|Front Desk|Local Tour / Travel Desk|Luggage Storage|Medical Assistance Available|Wake-up Call / Service|Food Facility|Room Service,Elis Hospitality Shivam Bunglow
Delhi,The standard check-in time is 12:00 PM and the standard check-out time is 12:00 PM. Early check-in or late check-out is strictly subjected to availability and may be chargeable by the hotel. Any early check-in or late check-out request must be directed and reconfirmed with hotel directly We do not allow unmarried / unrelated couples to checkin. This is at full discretion of the hotel management. No refund would be applicable in case the checkin is denied under such circumstances,Doctor on Call|Parking Facility|Room Service,Dhawan Guest House
Gurgaon,The standard check-in time is 12:30 PM and the standard check-out time is 12:30 PM. Early check-in or late check-out is strictly subjected to availability and may be chargeable by the hotel. Any early check-in or late check-out request must be directed and reconfirmed with hotel directly,Internet Access - Surcharge|Laundry Service Available|Parking Facilities Available|24 Hour Front Desk|Power Backup|Room Service (24 Hours)|Parking Facility,Friends Residency
Kolkata,"The standard check-in time is 12:00 PM and the standard check-out time is 12:00 PM. Early check-in or late check-out is strictly subjected to availability and may be chargeable by the hotel. Any early check-in or late check-out request must be directed and reconfirmed with hotel directly Booking rates will not be valid for Christmas and New year dates, High season and long weekend dates  extra supplement will be charged over and above the paid rates as per actual and hotel discretion.",Doctor on Call,Esplanade Inn
Agra,"The standard check-in time is 02:00 PM and the standard check-out time is 12:00 PM. Early check-in or late check-out is strictly subjected to availability and may be chargeable by the hotel. Any early check-in or late check-out request must be directed and reconfirmed with hotel directly It is mandatory for all adults to carry a valid photo id /Address proof .For Indian Resident : Drivers Licence, Voters ID, Aadhar Card or Passport (PAN Card not accepted).Foreign Nationals and Non Resident Indians : Passport / Visa (Mandatory) .  Summer Offer for all on line bookings. Free late checkout till 2 pm subject to availability only. Get free UPG from Standard City Facing to Standard Taj Facing room, subject to availability at check-in. 25% discount on SPA. 15% discounts on Food and Beverage including IRD, Mini Bar and Laundry",Swimming Pool|Airport Transfer Available / Surcharge|Banquet Facilities|Bar / Lounge |Barbecue Area|Concierge|Currency Exchange|Disabled Friendly Facilities |Doctor on Call|Dry Cleaning|Gift Shop |Health Club / Gym Facility Available|Internet Access - Surcharge|Laundry Service Available|Lift / Elevator|Lobby|Non Smoking Rooms|Parking Facilities Available|Front Desk|Multi Cuisine Restaurant |Locker Facility|Non Smoking Hotel|Spa On Site - Chargeable|Local Tour / Travel Desk|Valet service|Major Credit Cards Accepted|24 Hour Front Desk|Luggage Storage|Doorman|Medical Assistance Available|Air-Conditioning - Central|Welcome Drinks|Power Backup|Express Check-In / Check-Out|Audio - Visual Equipment|Wedding Services Facility|Wake-up Call / Service|Fitness Equipment|Porter / Bellhop|Suitable For Children|Coffee Shop / Cafe|Conference Facility |Smoking Rooms|Disabled Friendly Rooms|Fax Machine|Electronic / Magnetic Keys|Multi - Line Phone|Fire Place Available |Wheelchair Accessibility - Room|Massage Services |Poolside Bar|Smoking Area |Open Air Restaurant / Dining |Vegetarian Food / Jain Food Available|Extra Person / Child - Share the same room|Car Rental|Express Laundry|Kids Play Zone|Oxygen Cylinder (on request)|Taxi Services|Board Room|Newspapers In Lobby|Postal / Parcel Services|Room Service (24 Hours)|Voicemail|Party hall|Spa Services Onsite - Free|Air / Rail Booking|STD / ISD|Baggage Room|Internet / Fax (Reception area only)|Outdoor Parking - Secured|Parking Facility|Internet Access|Restaurant|Room Service|Ayurvedic Facilities |Fire Safety|CCTV|Fire Exit Signs|First-Aid Kit at Front Desk|Full Time Operation for All 7 Days|Metal Detectors|Paid Transfers|Pest Control Facility|Porter Services Available|Public Restrooms|Security at All Hotel Entrances|Smoke Detector|Speciality Restaurant |Stamps and Mailing Facility|Suites|X-Ray Machine at Entrance,Four Points By Sheraton
Delhi,The standard check-in time is 12:00 PM and the standard check-out time is 12:00 PM. Early check-in or late check-out is strictly subjected to availability and may be chargeable by the hotel. Any early check-in or late check-out request must be directed and reconfirmed with hotel directly,Internet Access - Surcharge|Laundry Service Available|Lift / Elevator|Power Backup|Room Service (24 Hours),Express 66
Goa,The standard check-in time is 12:00 PM and the standard check-out time is 12:00 PM. Early check-in or late check-out is strictly subjected to availability and may be chargeable by the hotel. Any early check-in or late check-out request must be directed and reconfirmed with hotel directly Like the policy for : We do not allow unmarried / unrelated couples to checkin. This is at full discretion of the hotel management. No refund would be applicable in case the checkin is denied under such circumstances,Doctor on Call|24 Hour Front Desk|Parking Facility|Room Service|Fire Safety|CCTV|First-Aid Kit at Front Desk,Dsouzas Holiday Homes
Lucknow,The standard check-in time is 12:00 PM and the standard check-out time is 12:00 PM. Early check-in or late check-out is strictly subjected to availability and may be chargeable by the hotel. Any early check-in or late check-out request must be directed and reconfirmed with hotel directly 1. All guests requested to carry Valid ID proof for Check Inn. 2. Couple Guests with Local ID's are not allowed to check inn. 3. Cancellation and prepayment policies vary according to room type.,"Swimming Pool|Banquet Facilities|Billiards|Business Center |Doctor on Call|Dry Cleaning|Health Club / Gym Facility Available|Laundry Service Available|Lift / Elevator|Lobby|Non Smoking Rooms|Parking Facilities Available|Front Desk|Multi Cuisine Restaurant |Locker Facility|Non Smoking Hotel|Local Tour / Travel Desk|Major Credit Cards Accepted|24 Hour Front Desk|Luggage Storage|Medical Assistance Available|Power Backup|Gardens|Wedding Services Facility|Wake-up Call / Service|Conference Facility |Smoking Rooms|Pool Table|Pick Up and Drop (Rly Station, Bus Stand, Temple)|Smoking Area |Shopping Drop Facility (on fixed timings)|Extra Person / Child - Share the same room|Car Rental|Express Laundry|Taxi Services|Food Facility|Internet Access Free|Newspapers In Lobby|Room Service (24 Hours)|Party hall|RO Water Purification System|Outdoor Parking - Secured|Parking Facility",Diamond Resort &amp; Club
Bhimavaram,"The standard check-in time is 12:00 PM and the standard check-out time is 12:00 PM. Early check-in or late check-out is strictly subjected to availability and may be chargeable by the hotel. Any early check-in or late check-out request must be directed and reconfirmed with hotel directly According to government regulations, a valid Photo ID has to be carried by every person who stays at the hotel. The identification proofs accepted are Drivers License, Voters Card, Passport, Ration Card. Without valid ID the guest will not be allowed to check in. Note- PAN Cards will not be accepted as a valid ID card.   *   It is mandatory for guests to present valid photo identification at the time of check-in.   *   The primary guest checking in to the hotel must be at least 21 years of age.   *   The hotel reserves the right of admission. Accommodation can be denied to guests posing as a couple if suitable proof of identification is not presented at check-in.   *   The hotel reserves the right of admission for local residents. Accommodation can be denied to guests residing in the same city.   *   Local ID proof will not be valid.",24 Hour Front Desk|Room Service (24 Hours)|Parking Facility,Falcons nest
Kottayam,The standard check-in time is 12:00 PM and the standard check-out time is 12:00 PM. Early check-in or late check-out is strictly subjected to availability and may be chargeable by the hotel. Any early check-in or late check-out request must be directed and reconfirmed with hotel directly,Parking Facilities Available|Kitchen available (home cook food on request)|Internet Access,FENN HALL
Goa,The standard check-in time is 12:00 PM and the standard check-out time is 10:00 AM. Early check-in or late check-out is strictly subjected to availability and may be chargeable by the hotel. Any early check-in or late check-out request must be directed and reconfirmed with hotel directly,Currency Exchange|Doctor on Call|Laundry Service Available|Parking Facilities Available|Front Desk|Multi Cuisine Restaurant |Locker Facility|Local Tour / Travel Desk|24 Hour Front Desk|Luggage Storage|Gardens| Bike on Rent|Village Visit ( Chargeable )|Car Rental|Taxi Services|Outdoor Parking - Secured|Parking Facility|Room Service|CCTV|Full Time Operation for All 7 Days,Flowers Guest House
Chikmagalur,The standard check-in time is 12:00 PM and the standard check-out time is 12:00 PM. Early check-in or late check-out is strictly subjected to availability and may be chargeable by the hotel. Any early check-in or late check-out request must be directed and reconfirmed with hotel directly We do not allow unmarried / unrelated couples to checkin. This is at full discretion of the hotel management. No refund would be applicable in case the checkin is denied under such circumstances,Doctor on Call|Parking Facilities Available|Front Desk|Power Backup|Gardens,Foothill Homestay
Jaipur,The standard check-in time is 12:00 PM and the standard check-out time is 11:00 AM. Early check-in or late check-out is strictly subjected to availability and may be chargeable by the hotel. Any early check-in or late check-out request must be directed and reconfirmed with hotel directly Hotel may charge gala dinner supplement on Christmas/New Years eve or other festive periods. Which needs to be paid directly at the hotel.As per the govt. guidelines valid govt. issued id proofs are required to be presented at the Time of C/in.,Laundry Service Available|Lobby|Front Desk|Local Tour / Travel Desk|Major Credit Cards Accepted|24 Hour Front Desk|Power Backup|Taxi Services|Parking Facility,Divine-A Boutique Hotel
Lonavala,The standard check-in time is 12:00 PM and the standard check-out time is 12:00 PM. Early check-in or late check-out is strictly subjected to availability and may be chargeable by the hotel. Any early check-in or late check-out request must be directed and reconfirmed with hotel directly,Doctor on Call|Laundry Service Available|Lobby|Parking Facilities Available|Front Desk|24 Hour Front Desk|Doorman|Newspapers In Lobby|Room Service (24 Hours)|Baggage Room|Parking Facility,Fantasy Villas
Lucknow,The standard check-in time is 12:00 PM and the standard check-out time is 12:00 PM. Early check-in or late check-out is strictly subjected to availability and may be chargeable by the hotel. Any early check-in or late check-out request must be directed and reconfirmed with hotel directly The standard check-in time is 12:00 PM and the standard check-out time is 12:00 PM. Early check-in or late check-out is strictly subjected to availability and may be chargeable by the hotel.,Doctor on Call|Lobby|Front Desk|Local Tour / Travel Desk|24 Hour Front Desk|Medical Assistance Available|Power Backup,G REST Hotel and Resort
Goa,The standard check-in time is 12:00 PM and the standard check-out time is 11:00 AM. Early check-in or late check-out is strictly subjected to availability and may be chargeable by the hotel. Any early check-in or late check-out request must be directed and reconfirmed with hotel directly NO CHECK OUTS ON 31/12/2015	 no pets allowed,Bar / Lounge |Doctor on Call|Laundry Service Available|Lift / Elevator|Lobby|Non Smoking Rooms|Parking Facilities Available|Front Desk|Multi Cuisine Restaurant |Locker Facility|24 Hour Front Desk|Luggage Storage|Doorman|Air-Conditioning - Central|Power Backup|Gardens|Multi Lingual Staff|Wake-up Call / Service|Separate Sitting Area|Smoking Rooms|Fire Place Available |Veg / Non Veg Kitchens Separate |Food Facility|Newspapers In Lobby|Whirlpool Bath / Shower Cubicle|Internet / Fax (Reception area only)|RO Water Purification System|Outdoor Parking - Secured|Parking Facility|Restaurant|Room Service|Fire Safety|CCTV|Fire Exit Signs|First-Aid Kit at Front Desk|Speciality Restaurant,FabHotel Tahira Ashwem Beachfront
Lonavala,The standard check-in time is 12:00 PM and the standard check-out time is 12:00 PM. Early check-in or late check-out is strictly subjected to availability and may be chargeable by the hotel. Any early check-in or late check-out request must be directed and reconfirmed with hotel directly The rates are for 6 people. after that extra charge will applicable.,Airport Transfer Available / Surcharge|Doctor on Call|Parking Facilities Available|Suitable For Children|Grocery|Extra Person / Child - Share the same room|Car Rental,Dream Holiday Bungalow
Pune,The standard check-in time is 12:00 PM and the standard check-out time is 11:00 AM. Early check-in or late check-out is strictly subjected to availability and may be chargeable by the hotel. Any early check-in or late check-out request must be directed and reconfirmed with hotel directly Government ID cards are mandatory during the time of check in.,"Ballroom|Banquet Facilities|Business Center |Doctor on Call|Dry Cleaning|Internet Access - Surcharge|Laundry Service Available|Lift / Elevator|Lobby|Parking Facilities Available|Front Desk|Multi Cuisine Restaurant |Locker Facility|Local Tour / Travel Desk|Major Credit Cards Accepted|Medical Assistance Available|Air-Conditioning - Central|Power Backup|Conference Facility |Multi - Line Phone|Pick Up and Drop (Rly Station, Bus Stand, Temple)|Express Laundry|Taxi Services|Newspapers In Lobby|Room Service (24 Hours)|STD / ISD",FabHotel Shivajinagar
Secunderabad,The standard check-in time is 12:00 PM and the standard check-out time is 12:00 PM. Early check-in or late check-out is strictly subjected to availability and may be chargeable by the hotel. Any early check-in or late check-out request must be directed and reconfirmed with hotel directly,Front Desk|Room Service (24 Hours)|Parking Facility,Dhola-Ri-Dhani
Bomdila,The standard check-in time is 12:00 PM and the standard check-out time is 12:00 PM. Early check-in or late check-out is strictly subjected to availability and may be chargeable by the hotel. Any early check-in or late check-out request must be directed and reconfirmed with hotel directly We do not allow unmarried / unrelated couples to checkin. This is at full discretion of the hotel management. No refund would be applicable in case the checkin is denied under such circumstances.,Doctor on Call|Parking Facilities Available|Front Desk|Room Service|Public Restrooms,Dolma Cottage
Lavasa,The standard check-in time is 02:00 PM and the standard check-out time is 12:00 PM. Early check-in or late check-out is strictly subjected to availability and may be chargeable by the hotel. Any early check-in or late check-out request must be directed and reconfirmed with hotel directly,"Airport Transfer Available / Surcharge|Banquet Facilities|Bar / Lounge |Barbecue Area|Beauty Salon - on charge|Concierge|Currency Exchange|Disabled Friendly Facilities |Doctor on Call|Dry Cleaning|Games Zone|Health Club / Gym Facility Available|Laundry Service Available|Lobby|Non Smoking Rooms|Parking Facilities Available|Pets Allowed|Front Desk|Multi Cuisine Restaurant |Local Tour / Travel Desk|Valet service|Major Credit Cards Accepted|24 Hour Front Desk|Luggage Storage|Medical Assistance Available|Welcome Drinks|Power Backup|Express Check-In / Check-Out|Gardens|Wedding Services Facility|Catering|Multi Lingual Staff|Exhibit Space|Wake-up Call / Service|Fitness Equipment|Porter / Bellhop|Separate Sitting Area|Coffee Shop / Cafe|Conference Facility |Smoking Rooms|Access Via Exterior Corridors|Disabled Friendly Rooms|Electronic / Magnetic Keys|Picnic Area|Wheelchair Accessibility - Room|Massage Services |Clubhouse|Boating|Pick Up and Drop (Rly Station, Bus Stand, Temple)|Nature Walk|Smoking Area |Veranda| Bike on Rent|In House Events |Vegetarian Food / Jain Food Available|Extra Person / Child - Share the same room|Village Visit ( Chargeable )|Car Rental|Express Laundry|Kids Play Zone|Taxi Services|Board Room|City Shuttle Service|Campfire / Bon Fire|Food Facility|Newspapers In Lobby|Children's Park|Postal / Parcel Services|Family Room|Room Service (24 Hours)|Spa Services Nearby|Party hall|Air / Rail Booking|STD / ISD|Courier Service|Guide / Sightseeing Service|Internet / Fax (Reception area only)|Adjoining Rooms|RO Water Purification System|Outdoor Parking - Secured|Internet Access",Ekaant The Retreat
Kinnaur,"The standard check-in time is 12:00 PM and the standard check-out time is 12:00 PM. Early check-in or late check-out is strictly subjected to availability and may be chargeable by the hotel. Any early check-in or late check-out request must be directed and reconfirmed with hotel directly Booking rates will not be valid for Christmas and New year dates, High season and long weekend dates  extra supplement will be charged over and above the paid rates as per actual and hotel discretion.",Doctor on Call|Power Backup|Wake-up Call / Service|Parking Facility|Room Service,"Dumber Cottage, Sangla"
Cochin,"The standard check-in time is 12:00 PM and the standard check-out time is 11:00 AM. Early check-in or late check-out is strictly subjected to availability and may be chargeable by the hotel. Any early check-in or late check-out request must be directed and reconfirmed with hotel directly There will be season hike for Oct/Nov/Dec Rs.1000 per room per night, will be payable directly at the hotel at the time of Check In. Hotel may charge compulsory gala dinner supplement on Christmas / New Year's eve or other festive periods. Any such supplements need to be paid directly at the hotel. The primary guest must be at least 18 years of age to be able to check-in the hotel. It is mandatory for guests to present valid photo identification at the time of check-in. According to government regulations, a valid Photo ID has to be carried by every person above the age of 18 staying at the hotel. The identification proofs accepted are Driving License, Voter ID Card, and Passport. Without valid ID the guest will not be allowed to check-in.",Parking Facilities Available|24 Hour Front Desk|Newspapers In Lobby,ECO Lodge
Coorg,"The standard check-in time is 12:00 PM and the standard check-out time is 11:00 AM. Early check-in or late check-out is strictly subjected to availability and may be chargeable by the hotel. Any early check-in or late check-out request must be directed and reconfirmed with hotel directly Only two guest shall be allowed in the bed room. If required, 1 extra mattress for additional guest.This policy is negotiable when the guest checks in.",Business Center |Internet Access - Surcharge|Parking Facilities Available|Front Desk|Locker Facility|24 Hour Front Desk|Welcome Drinks|Power Backup|Gardens|Conference Facility |Cell Phone Rental|Transfers Available|Taxi Services|Internet Access Free|Newspapers In Lobby|Room Service (24 Hours)|Parking Facility|Internet Access|Room Service|Trekking|CCTV,Flora Homes
Gurgaon,The standard check-in time is 02:00 PM and the standard check-out time is 12:00 PM. Early check-in or late check-out is strictly subjected to availability and may be chargeable by the hotel. Any early check-in or late check-out request must be directed and reconfirmed with hotel directly Accommodation can be denied to guests posing as a couple if suitable proof of identification is not presented at check-in.  The hotel reserves the right of admission for local residents.,Airport Transfer Available / Surcharge|Business Center |Doctor on Call|Dry Cleaning|Laundry Service Available|Parking Facilities Available|Front Desk|Major Credit Cards Accepted|24 Hour Front Desk|Luggage Storage|Welcome Drinks|Power Backup|Conference Facility |Newspapers In Lobby|Room Service (24 Hours)|Parking Facility,Elevate Residency
Goa,The standard check-in time is 01:00 PM and the standard check-out time is 12:00 PM. Early check-in or late check-out is strictly subjected to availability and may be chargeable by the hotel. Any early check-in or late check-out request must be directed and reconfirmed with hotel directly As per Govt.'s norms it is mandatory to carry Photo ID proof at the time of check in.,Bar / Lounge |Laundry Service Available|Multi Cuisine Restaurant | Bike on Rent|Taxi Services,Dewa Goa Apartments
Cochin,The standard check-in time is 12:00 PM and the standard check-out time is 11:00 AM. Early check-in or late check-out is strictly subjected to availability and may be chargeable by the hotel. Any early check-in or late check-out request must be directed and reconfirmed with hotel directly Pets not allowed,"Airport Transfer Available / Surcharge|Banquet Facilities|Business Center |Concierge|Currency Exchange|Doctor on Call|Gift Shop |Internet Access - Surcharge|Laundry Service Available|Lobby|Parking Facilities Available|Front Desk|Multi Cuisine Restaurant |Locker Facility|Non Smoking Hotel|Spa On Site - Chargeable|Local Tour / Travel Desk|Major Credit Cards Accepted|24 Hour Front Desk|Luggage Storage|Medical Assistance Available|Air-Conditioning - Central|Welcome Drinks|Power Backup|Express Check-In / Check-Out|Audio - Visual Equipment|Dance Performances (on demand)|Multi Lingual Staff|Wake-up Call / Service|Porter / Bellhop|Sauna|Suitable For Children|Separate Sitting Area|Conference Facility |Electronic / Magnetic Keys|Multi - Line Phone|Picnic Area|Massage Services |Pick Up and Drop (Rly Station, Bus Stand, Temple)|Private Beach|Smoking Area |Veranda|Vegetarian Food / Jain Food Available|Extra Person / Child - Share the same room|Village Visit ( Chargeable )|Express Laundry|Meditation Room|Taxi Services|Board Room|City Shuttle Service|Karaoke |Campfire / Bon Fire|Food Facility|Newspapers In Lobby|Yoga Hall / Classes|Postal / Parcel Services|Room Service (24 Hours)|Air / Rail Booking|STD / ISD|Baggage Room|Guide / Sightseeing Service|Internet / Fax (Reception area only)|Adjoining Rooms|RO Water Purification System|Outdoor Parking - Secured|Parking Facility|Internet Access|Restaurant|Room Service|Ayurvedic Facilities |Fire Safety|CCTV|First-Aid Kit at Front Desk|Full Time Operation for All 7 Days|Paid Transfers|Pest Control Facility|Porter Services Available|Public Restrooms|Security at All Hotel Entrances|Speciality Restaurant |Stamps and Mailing Facility|Suites",ESHA HERITAGE INN
Nellore,The standard check-in time is 12:00 PM and the standard check-out time is 12:00 PM. Early check-in or late check-out is strictly subjected to availability and may be chargeable by the hotel. Any early check-in or late check-out request must be directed and reconfirmed with hotel directly Terms and Conditions: It is mandatory for guests to present valid photo identification at the time of check-in.,Lift / Elevator|Major Credit Cards Accepted|24 Hour Front Desk|Luggage Storage|Power Backup|Room Service (24 Hours)|Parking Facility,DSR Paradise
Munnar,The standard check-in time is 02:00 PM and the standard check-out time is 02:00 PM. Early check-in or late check-out is strictly subjected to availability and may be chargeable by the hotel. Any early check-in or late check-out request must be directed and reconfirmed with hotel directly,,Fragrant Nature Munnar
Mahabaleshwar,The standard check-in time is 11:00 AM and the standard check-out time is 09:00 AM. Early check-in or late check-out is strictly subjected to availability and may be chargeable by the hotel. Any early check-in or late check-out request must be directed and reconfirmed with hotel directly Hotel may charge compulsory gala dinner supplement on Christmas / New Year's eve or other festive periods. Any such supplements need to be paid directly at the hotel.,Swimming Pool|Doctor on Call|Games Zone|Laundry Service Available|Non Smoking Rooms|Parking Facilities Available|Multi Cuisine Restaurant |Locker Facility|Power Backup|Parking Facility|Room Service,Fountain Village
Chikmagalur,The standard check-in time is 12:00 PM and the standard check-out time is 12:00 PM. Early check-in or late check-out is strictly subjected to availability and may be chargeable by the hotel. Any early check-in or late check-out request must be directed and reconfirmed with hotel directly We do not allow unmarried / unrelated couples to checkin. This is at full discretion of the hotel management. No refund would be applicable in case the checkin is denied under such circumstances),Doctor on Call|Dry Cleaning|Laundry Service Available|Parking Facilities Available|Front Desk|24 Hour Front Desk|Doorman|Power Backup|Extra Person / Child - Share the same room|Family Room|RO Water Purification System|Outdoor Parking - Secured|Parking Facility|Room Service|Fire Safety|Fire Exit Signs|First-Aid Kit at Front Desk,Emgee's Residency
Udaipur,The standard check-in time is 11:00 AM and the standard check-out time is 10:00 AM. Early check-in or late check-out is strictly subjected to availability and may be chargeable by the hotel. Any early check-in or late check-out request must be directed and reconfirmed with hotel directly first book first get,"Airport Transfer Available / Surcharge|Babysitting/ Child Care (surcharge)|Banquet Facilities|Barbecue Area|Beauty Salon - on charge|Business Center |Currency Exchange|Disabled Friendly Facilities |Doctor on Call|Dry Cleaning|Games Zone|Gift Shop |Internet Access - Surcharge|Laundry Service Available|Library|Lobby|Night Club|Non Smoking Rooms|Parking Facilities Available|Pets Allowed|Front Desk|Multi Cuisine Restaurant |Locker Facility|Secretarial Services|Spa On Site - Chargeable|Local Tour / Travel Desk|Hookah Lounge|Major Credit Cards Accepted|24 Hour Front Desk|Luggage Storage|Medical Assistance Available|Welcome Drinks|Express Check-In / Check-Out|Audio - Visual Equipment|Computer Rental|Wedding Services Facility|Dance Performances (on demand)|Catering|Translation Services|Multi Lingual Staff|Exhibit Space|Wake-up Call / Service|Sauna|Suitable For Children|Coffee Shop / Cafe|Smoking Rooms|Access Via Exterior Corridors|ATM / Banking|Disabled Friendly Rooms|Fax Machine|Kitchen available (home cook food on request)|Fire Place Available |Floor Butler|Massage Services |Poolside Bar|Discotheque |Safari|Boating|Pick Up and Drop (Rly Station, Bus Stand, Temple)|Nature Walk|Smoking Area |Camel Ride|Open Air Restaurant / Dining | Bike on Rent|Veg / Non Veg Kitchens Separate |Horse Ride ( Chargeable ) |Shopping Drop Facility (on fixed timings)|In House Events |Vegetarian Food / Jain Food Available|Extra Person / Child - Share the same room|Village Visit ( Chargeable )|Car Rental|Express Laundry|Kids Play Zone|Oxygen Cylinder (on request)|Water Dispenser Available|Self Check - In|Taxi Services|Board Room|City Shuttle Service|Karaoke |Food Facility| Drivers Rest Room|Newspapers In Lobby|Yoga Hall / Classes|Electronic Check-Out|Postal / Parcel Services|Family Room|Room Service (24 Hours)|Spa Services Nearby|Parking (Surcharge)| Cook Services|Party hall|Air / Rail Booking|STD / ISD|Baggage Room|Courier Service|Ski Storage|Guide / Sightseeing Service|Internet / Fax (Reception area only)|Adjoining Rooms|RO Water Purification System|Outdoor Parking - Secured|Outdoor Parking - Non Secured",Devi Vilas
Delhi,The standard check-in time is 12:00 PM and the standard check-out time is 12:00 PM. Early check-in or late check-out is strictly subjected to availability and may be chargeable by the hotel. Any early check-in or late check-out request must be directed and reconfirmed with hotel directly,Doctor on Call|Laundry Service Available|Lobby|Parking Facilities Available|Front Desk|Locker Facility|Major Credit Cards Accepted|24 Hour Front Desk|Air-Conditioning - Central|Power Backup|Gardens|ATM / Banking|Kitchen available (home cook food on request)|Express Laundry|Water Dispenser Available|Taxi Services| Drivers Rest Room|Newspapers In Lobby|Room Service (24 Hours)|Outdoor Parking - Secured|Parking Facility|Internet Access,Excellency Corporate House
Mumbai,The standard check-in time is 12:00 PM and the standard check-out time is 12:00 PM. Early check-in or late check-out is strictly subjected to availability and may be chargeable by the hotel. Any early check-in or late check-out request must be directed and reconfirmed with hotel directly Unmarried couples not allowed,,FAMOUS REST HOME
Gurgaon,The standard check-in time is 12:00 PM and the standard check-out time is 12:00 PM. Early check-in or late check-out is strictly subjected to availability and may be chargeable by the hotel. Any early check-in or late check-out request must be directed and reconfirmed with hotel directly Cancellation and Amendent for bookings made under any offer may be Non Refundable Hotel may charge compulsory gala dinner supplement on Christmas / New Year's eve or other festive periods. Any such supplements need to be paid directly at the hotel. Cancellation/amendment for booking made under advance Purchase offer Will be non refundable.,Swimming Pool|Airport Transfer Available / Surcharge|Banquet Facilities|Bar / Lounge |Business Center |Concierge|Currency Exchange|Disabled Friendly Facilities |Doctor on Call|Health Club / Gym Facility Available|Internet Access - Surcharge|Laundry Service Available|Lobby|Non Smoking Rooms|Parking Facilities Available|Front Desk|Multi Cuisine Restaurant |Valet service|24 Hour Front Desk|Luggage Storage|Doorman|Air-Conditioning - Central|Express Check-In / Check-Out|Catering|Fitness Equipment|Porter / Bellhop|Coffee Shop / Cafe|Conference Facility |Smoking Rooms|ATM / Banking|Fax Machine|Massage Services |Board Room|Newspapers In Lobby|Family Room|Room Service (24 Hours)|STD / ISD|Adjoining Rooms|Outdoor Parking - Secured|Parking Facility,"Fortune Select Global, Gurgaon"
Thiruvananthapuram,The standard check-in time is 12:00 PM and the standard check-out time is 12:00 PM. Early check-in or late check-out is strictly subjected to availability and may be chargeable by the hotel. Any early check-in or late check-out request must be directed and reconfirmed with hotel directly Our hotel provides good services with value money,Doctor on Call|Internet Access - Surcharge|Lift / Elevator|Parking Facilities Available|Front Desk|24 Hour Front Desk|Power Backup|Food Facility|Outdoor Parking - Secured|Parking Facility|Room Service,Dreamz Hotel
Munnar,"The standard check-in time is 01:00 PM and the standard check-out time is 11:00 AM. Early check-in or late check-out is strictly subjected to availability and may be chargeable by the hotel. Any early check-in or late check-out request must be directed and reconfirmed with hotel directly Booking rates will not be valid for Christmas and New year dates, High season and long weekend dates,extra supplement will be charged over and above the paid rates as per actual and hotel discretion Pets are allowed",Barbecue Area|Doctor on Call|Internet Access - Surcharge|Laundry Service Available|Parking Facilities Available|Front Desk|Multi Cuisine Restaurant |Locker Facility|Welcome Drinks|Power Backup|Gardens|Safari|Open Air Restaurant / Dining |Campfire / Bon Fire|Newspapers In Lobby|Internet / Fax (Reception area only)|Outdoor Parking - Secured|Parking Facility|Internet Access|Restaurant|Porter Services Available|Public Restrooms,Ela Ecoland Nature Retreat
Chennai,"The standard check-in time is 02:00 PM and the standard check-out time is 12:00 PM. Early check-in or late check-out is strictly subjected to availability and may be chargeable by the hotel. Any early check-in or late check-out request must be directed and reconfirmed with hotel directly Booking rates will not be valid for Christmas  New year dates, High season  long weekend dates  extra supplement will be charged over  above the paid rates as per actual  hotel discretion.",Doctor on Call|Parking Facilities Available|Outdoor Parking - Secured|Parking Facility|Public Restrooms,Fortel
Nagpur,The standard check-in time is 12:00 PM and the standard check-out time is 12:00 PM. Early check-in or late check-out is strictly subjected to availability and may be chargeable by the hotel. Any early check-in or late check-out request must be directed and reconfirmed with hotel directly  We do not allow unmarried / unrelated couples to checkin. This is at full discretion of the hotel management. No refund would be applicable in case the checkin is denied under such circumstances,Internet Access - Surcharge|Front Desk|Locker Facility|Newspapers In Lobby|Internet / Fax (Reception area only)|Airport Transfer Free|Outdoor Parking - Non Secured|Room Service|Public Restrooms,Flexistays
Tirupati,The standard check-in time is 12:00 PM and the standard check-out time is 10:00 AM. Early check-in or late check-out is strictly subjected to availability and may be chargeable by the hotel. Any early check-in or late check-out request must be directed and reconfirmed with hotel directly Cancellation and amendment for bookings made under any offer may be non refundable. Hotel may charge compulsory gala dinner supplement on Christmas / New Year's eve or other festive periods. Any such supplements need to be paid directly at the hotel. Mandatory gala dinner charges payable at hotel: 24th Dec-Rs 550  taxes 31st Dec-Rs. 550 taxes,Business Center |Multi Cuisine Restaurant |Conference Facility |Vegetarian Food / Jain Food Available,Fortune Kences Hotel (Opp APSRTC Bus Stand)
Alleppey,The standard check-in time is 12:00 PM and the standard check-out time is 09:00 AM. Early check-in or late check-out is strictly subjected to availability and may be chargeable by the hotel. Any early check-in or late check-out request must be directed and reconfirmed with hotel directly,,Floating Days Houseboats
Chennai,The standard check-in time is 12:00 PM and the standard check-out time is 11:00 AM. Early check-in or late check-out is strictly subjected to availability and may be chargeable by the hotel. Any early check-in or late check-out request must be directed and reconfirmed with hotel directly Our Inns reserve the right to admission. Accommodation can be denied to the guests posing as a couple if suitable identification and a non-local address proof is not presented at check-in. MAP plan includes limited menu meal.,Doctor on Call|Internet Access - Surcharge|Laundry Service Available|Lift / Elevator|Lobby|Parking Facilities Available|Front Desk|Multi Cuisine Restaurant |24 Hour Front Desk|Air-Conditioning - Central|Power Backup|Wake-up Call / Service|Newspapers In Lobby|Room Service (24 Hours)|Outdoor Parking - Secured|Parking Facility|CCTV|Security at All Hotel Entrances,FabHotel Nachiappa RA Puram
Gurgaon,The standard check-in time is 12:00 PM and the standard check-out time is 12:00 PM. Early check-in or late check-out is strictly subjected to availability and may be chargeable by the hotel. Any early check-in or late check-out request must be directed and reconfirmed with hotel directly 1. All guests requested to carry Valid ID proof for Check In 2. Couple Guests with Local ID's are not allowed to check in 3. Cancellation and prepayment policies vary according to room type.,"Airport Transfer Available / Surcharge|Banquet Facilities|Business Center |Currency Exchange|Doctor on Call|Dry Cleaning|Internet Access - Surcharge|Laundry Service Available|Lobby|Parking Facilities Available|Front Desk|Non Smoking Hotel|Local Tour / Travel Desk|Major Credit Cards Accepted|24 Hour Front Desk|Luggage Storage|Medical Assistance Available|Power Backup|Wedding Services Facility|Catering|Wake-up Call / Service|Separate Sitting Area|Conference Facility |ATM / Banking|Fax Machine|Kitchen available (home cook food on request)|Pick Up and Drop (Rly Station, Bus Stand, Temple)|Vegetarian Food / Jain Food Available|Extra Person / Child - Share the same room|Car Rental|Taxi Services|Board Room|City Shuttle Service|Food Facility|Newspapers In Lobby|Postal / Parcel Services|Room Service (24 Hours)| Cook Services|Party hall|Air / Rail Booking|STD / ISD|Baggage Room|Courier Service|Guide / Sightseeing Service|RO Water Purification System|Outdoor Parking - Secured|Parking Facility",Ess Kay Ess Villa-Dlf Phase I
Nainital,The standard check-in time is 11:00 AM and the standard check-out time is 10:00 AM. Early check-in or late check-out is strictly subjected to availability and may be chargeable by the hotel. Any early check-in or late check-out request must be directed and reconfirmed with hotel directly No pets allowed.  Guest need to carry confirmation voucher and valid ID proof during check in.,Parking Facilities Available|Gardens|Parking Facility,Emily Cottage by Traveller's Paradise
Mysore,The standard check-in time is 12:00 PM and the standard check-out time is 11:00 AM. Early check-in or late check-out is strictly subjected to availability and may be chargeable by the hotel. Any early check-in or late check-out request must be directed and reconfirmed with hotel directly Check in Checkout 12 Noon Children Above 07 Years are charged as extra person with or With out Extra Bed,Beauty Salon - on charge|Business Center |Health Club / Gym Facility Available|Laundry Service Available|Lift / Elevator|Parking Facilities Available|Front Desk|Multi Cuisine Restaurant |Power Backup|Coffee Shop / Cafe|Conference Facility |Board Room|Room Service (24 Hours)|Spa Services Nearby|Outdoor Parking - Secured|Parking Facility,FabHotel Dawn Mysore
Munnar,"The standard check-in time is 12:00 PM and the standard check-out time is 10:00 AM. Early check-in or late check-out is strictly subjected to availability and may be chargeable by the hotel. Any early check-in or late check-out request must be directed and reconfirmed with hotel directly Hotel may charge compulsory gala dinner supplement on Christmas / New Year's eve or other festive periods. Any such supplements need to be paid directly at the hotel. Peak Period : No Refund for cancellation of Peak Period bookings, irrespective of when the booking is cancelled. NO Special Offer applicable on Extra Adult Rate and Child Rate",Health Club / Gym Facility Available|Laundry Service Available|Parking Facilities Available|Front Desk|Multi Cuisine Restaurant |Locker Facility|Power Backup|Gardens|Discotheque |Parking Facility|Room Service,Fort Munnar
Varkala,The standard check-in time is 12:00 PM and the standard check-out time is 12:00 PM. Early check-in or late check-out is strictly subjected to availability and may be chargeable by the hotel. Any early check-in or late check-out request must be directed and reconfirmed with hotel directly Payment is required to obtain a confirmed reservation. Please note the cancellation policy before your reservation. All rates are subject to a 12.5% luxury tax on room tariff. Normal occupancy is two people per room. Extra bed is chargable,"Airport Transfer Available / Surcharge|Barbecue Area|Currency Exchange|Doctor on Call|Dry Cleaning|Gift Shop |Internet Access - Surcharge|Laundry Service Available|Lobby|Parking Facilities Available|Front Desk|Multi Cuisine Restaurant |Locker Facility|Secretarial Services|Valet service|Major Credit Cards Accepted|24 Hour Front Desk|Luggage Storage|Medical Assistance Available|Express Check-In / Check-Out|Gardens|Multi Lingual Staff|Wake-up Call / Service|Separate Sitting Area|Grocery|Access Via Exterior Corridors|Multi - Line Phone|Fire Place Available |Picnic Area|Massage Services |Pick Up and Drop (Rly Station, Bus Stand, Temple)|Nature Walk|Veranda|Open Air Restaurant / Dining | Bike on Rent|Extra Person / Child - Share the same room|Village Visit ( Chargeable )|Car Rental|Express Laundry|Kids Play Zone|Taxi Services| Drivers Rest Room|Newspapers In Lobby|Family Room|Room Service (24 Hours)| Cook Services|STD / ISD|Baggage Room|Guide / Sightseeing Service|RO Water Purification System|Outdoor Parking - Secured|Parking Facility|Internet Access",Divine Bliss Beach Resort
Ernakulam,The standard check-in time is 12:00 PM and the standard check-out time is 12:00 PM. Early check-in or late check-out is strictly subjected to availability and may be chargeable by the hotel. Any early check-in or late check-out request must be directed and reconfirmed with hotel directly,Doctor on Call|Laundry Service Available|Power Backup|Room Service,Francis Homestay
Varkala,The standard check-in time is 12:00 PM and the standard check-out time is 12:00 PM. Early check-in or late check-out is strictly subjected to availability and may be chargeable by the hotel. Any early check-in or late check-out request must be directed and reconfirmed with hotel directly,Doctor on Call|Front Desk|Boating|Car Rental|Parking Facility|Room Service|Ayurvedic Facilities,Ela Inn Ayurveda
Kannur,The standard check-in time is 02:00 PM and the standard check-out time is 12:00 PM. Early check-in or late check-out is strictly subjected to availability and may be chargeable by the hotel. Any early check-in or late check-out request must be directed and reconfirmed with hotel directly We do not allow unmarried / unrelated couples to checkin. This is at full discretion of the hotel management. No refund would be applicable in case the checkin is denied under such circumstances,Doctor on Call|Lobby|Front Desk|Local Tour / Travel Desk|Major Credit Cards Accepted|24 Hour Front Desk|Luggage Storage|Medical Assistance Available|Air-Conditioning - Central|Power Backup|Baggage Room|Parking Facility|Room Service,Four Seasons Lodge
Cochin,The standard check-in time is 12:00 PM and the standard check-out time is 12:00 PM. Early check-in or late check-out is strictly subjected to availability and may be chargeable by the hotel. Any early check-in or late check-out request must be directed and reconfirmed with hotel directly 1. All guests requested to carry Valid ID proof for Check Inn. 2. Couple Guests with Local ID's are not allowed to check inn. 3. Cancellation and prepayment policies vary according to room type. 4. Mandatory Charges would apply during the Carnival Period ( Dec and Jan ) - Special Charges Would Apply for the Christmas and New Year - Rates are Subject to Hotel Policy,Doctor on Call|Laundry Service Available|Multi Cuisine Restaurant |Major Credit Cards Accepted|Air-Conditioning - Central|Gardens|Boating|Car Rental|Internet Access Free|Guide / Sightseeing Service,Fort Heritage
Srinagar,The standard check-in time is 12:00 PM and the standard check-out time is 12:00 PM. Early check-in or late check-out is strictly subjected to availability and may be chargeable by the hotel. Any early check-in or late check-out request must be directed and reconfirmed with hotel directly Hotel may charge gala dinner supplement on Christmas/New Years eve or other festive periods. Which needs to be paid directly at the hotel.As per the govt. guidelines valid govt. issued id proofs are required to be presented at the Time of C/in,Dry Cleaning|Laundry Service Available|Parking Facilities Available|Local Tour / Travel Desk|Major Credit Cards Accepted|Welcome Drinks|Gardens|Vegetarian Food / Jain Food Available|Internet Access Free|Newspapers In Lobby|Outdoor Parking - Secured|Speciality Restaurant,Four Seasons Resort
NOIDA,The standard check-in time is 12:00 PM and the standard check-out time is 11:00 AM. Early check-in or late check-out is strictly subjected to availability and may be chargeable by the hotel. Any early check-in or late check-out request must be directed and reconfirmed with hotel directly 1)All foreigners are to provide photocopy of the passport. 2) The check in and check out time is 12:00 noon. 3)No Couples with local ID proof will be allowed to check-in. 4) All children above 10 years will be counted as adults.,Business Center |Laundry Service Available|Parking Facilities Available|Front Desk|Multi Cuisine Restaurant |Locker Facility|Power Backup|Internet Access Free|Room Service (24 Hours)|Outdoor Parking - Secured|Parking Facility,Exotica
Bangalore,The standard check-in time is 02:00 PM and the standard check-out time is 12:00 PM. Early check-in or late check-out is strictly subjected to availability and may be chargeable by the hotel. Any early check-in or late check-out request must be directed and reconfirmed with hotel directly We do not allow unmarried / unrelated couples to checkin. This is at full discretion of the hotel management. No refund would be applicable in case the checkin is denied under such circumstances,Non Smoking Rooms|Parking Facilities Available|Smoking Rooms|Extra Person / Child - Share the same room|Outdoor Parking - Secured|Parking Facility|Room Service,Discovery Village
Jaisalmer,"The standard check-in time is 12:00 PM and the standard check-out time is 12:00 PM. Early check-in or late check-out is strictly subjected to availability and may be chargeable by the hotel. Any early check-in or late check-out request must be directed and reconfirmed with hotel directly Hotel may charge compulsory supplement on Christmas,New Years eve and other festive periods. Any such supplements need to be paid at the hotel.As per the govt. guidelines valid govt. issued id proofs are required to be presented on C/in.",Swimming Pool|Doctor on Call|Laundry Service Available|Parking Facilities Available|Front Desk|Multi Cuisine Restaurant |Local Tour / Travel Desk|Conference Facility |Village Visit ( Chargeable )| Drivers Rest Room|Parking Facility|Room Service,Fort Pokaran
Bangalore,The standard check-in time is 02:00 PM and the standard check-out time is 12:00 PM. Early check-in or late check-out is strictly subjected to availability and may be chargeable by the hotel. Any early check-in or late check-out request must be directed and reconfirmed with hotel directly  We do not allow unmarried / unrelated couples to checkin. This is at full discretion of the hotel management. No refund would be applicable in case the checkin is denied under such circumstances,Doctor on Call|Parking Facilities Available|Front Desk|Luggage Storage|Food Facility|Public Restrooms,Elite Inn-Koddihalli
Ahmedabad,The standard check-in time is 09:00 AM and the standard check-out time is 09:00 AM. Early check-in or late check-out is strictly subjected to availability and may be chargeable by the hotel. Any early check-in or late check-out request must be directed and reconfirmed with hotel directly Unmarried and locals couples are not allowed. Valid government ID proof is required at the time of check in for all guests. Pan card is not valid.,Doctor on Call|Internet Access - Surcharge|Laundry Service Available|Lift / Elevator|Parking Facilities Available|Front Desk|Multi Cuisine Restaurant |Locker Facility|24 Hour Front Desk|Gardens|Conference Facility |Car Rental|City Shuttle Service|Internet Access Free|Room Service (24 Hours)|Air / Rail Booking|Guide / Sightseeing Service|Outdoor Parking - Secured|Parking Facility|Room Service|Full Time Operation for All 7 Days|Public Restrooms|Security at All Hotel Entrances|Speciality Restaurant,Dudawat Hotel
Udaipur,The standard check-in time is 12:00 PM and the standard check-out time is 10:00 AM. Early check-in or late check-out is strictly subjected to availability and may be chargeable by the hotel. Any early check-in or late check-out request must be directed and reconfirmed with hotel directly Hotel may charge compulsory gala dinner supplement on Christmas / New Year's eve or other festive periods. Any such supplements need to be paid directly at the hotel.,Swimming Pool|Bar / Lounge |Doctor on Call|Laundry Service Available|Parking Facilities Available|Locker Facility|Non Smoking Hotel|Table Tennis|Local Tour / Travel Desk|24 Hour Front Desk|Express Check-In / Check-Out|Gardens|Dance Performances (on demand)|Conference Facility |Massage Services |Horse Ride ( Chargeable ) |Board Room|Yoga Hall / Classes|Children's Park|Room Service (24 Hours)|Parking Facility,Devendra Garh Palace ( Luxuary paying guest house)
Gurgaon,"The standard check-in time is 12:00 PM and the standard check-out time is 12:00 PM. Early check-in or late check-out is strictly subjected to availability and may be chargeable by the hotel. Any early check-in or late check-out request must be directed and reconfirmed with hotel directly Check-in only after 12:00 noon and check-out before 12:00 pm. For any concerns reported to the manager on duty, corrective measures will be taken within 24 hours. Luxury tax of 10% (if applicable) and service tax of 9% are chargeable.",Business Center |Laundry Service Available|Lift / Elevator|Front Desk|Multi Cuisine Restaurant |Locker Facility|Outdoor Parking - Secured|Parking Facility|Room Service|Public Restrooms,Enkay Residency JCM
Chennai,The standard check-in time is 12:00 PM and the standard check-out time is 12:00 PM. Early check-in or late check-out is strictly subjected to availability and may be chargeable by the hotel. Any early check-in or late check-out request must be directed and reconfirmed with hotel directly,Doctor on Call|Laundry Service Available|Lobby|Parking Facilities Available|Front Desk|Local Tour / Travel Desk|24 Hour Front Desk|Medical Assistance Available|Power Backup|Separate Sitting Area|Conference Facility |Smoking Rooms|Extra Person / Child - Share the same room|Taxi Services|Food Facility|Internet Access Free|Room Service (24 Hours)|Outdoor Parking - Secured|Parking Facility,Fine Stay Service Apartment
Shimla,The standard check-in time is 12:00 PM and the standard check-out time is 11:30 AM. Early check-in or late check-out is strictly subjected to availability and may be chargeable by the hotel. Any early check-in or late check-out request must be directed and reconfirmed with hotel directly Hotel may charge compulsory gala dinner supplement on Christmas / New Year's eve or other festive periods. Any such supplements need to be paid directly at the hotel.,Airport Transfer Available / Surcharge|Bar / Lounge |Business Center |Games Zone|Internet Access - Surcharge|Laundry Service Available|Night Club|Front Desk|Multi Cuisine Restaurant |Medical Assistance Available|Welcome Drinks|Coffee Shop / Cafe,Fairmount Hotel
Dooars,The standard check-in time is 12:00 PM and the standard check-out time is 12:00 PM. Early check-in or late check-out is strictly subjected to availability and may be chargeable by the hotel. Any early check-in or late check-out request must be directed and reconfirmed with hotel directly We do not allow unmarried / unrelated couples to checkin. This is at full discretion of the hotel management. No refund would be applicable in case the checkin is denied under such circumstances,Doctor on Call|Parking Facilities Available|Front Desk|Medical Assistance Available|Public Restrooms,DOARS PALM RESORTS
Solan,The standard check-in time is 12:00 PM and the standard check-out time is 12:00 PM. Early check-in or late check-out is strictly subjected to availability and may be chargeable by the hotel. Any early check-in or late check-out request must be directed and reconfirmed with hotel directly,Parking Facilities Available|Outdoor Parking - Secured|Parking Facility|Room Service,Emerges Homes
Pune,The standard check-in time is 02:00 PM and the standard check-out time is 12:00 PM. Early check-in or late check-out is strictly subjected to availability and may be chargeable by the hotel. Any early check-in or late check-out request must be directed and reconfirmed with hotel directly,"Swimming Pool|Airport Transfer Available / Surcharge|Babysitting/ Child Care (surcharge)|Ballroom|Banquet Facilities|Bar / Lounge |Beauty Salon - on charge|Business Center |Concierge|Currency Exchange|Disabled Friendly Facilities |Doctor on Call|Dry Cleaning|Health Club / Gym Facility Available|Internet Access - Surcharge|Laundry Service Available|Lift / Elevator|Lobby|Non Smoking Rooms|Parking Facilities Available|Front Desk|Multi Cuisine Restaurant |Locker Facility|Secretarial Services|Spa On Site - Chargeable|Local Tour / Travel Desk|Valet service|Major Credit Cards Accepted|24 Hour Front Desk|Luggage Storage|Doorman|Medical Assistance Available|Air-Conditioning - Central|Welcome Drinks|Power Backup|Audio - Visual Equipment|Wedding Services Facility|Catering|Multi Lingual Staff|Exhibit Space|Wake-up Call / Service|Fitness Equipment|Suitable For Children|Separate Sitting Area|Coffee Shop / Cafe|Conference Facility |Smoking Rooms|ATM / Banking|Disabled Friendly Rooms|Fax Machine|Kitchen available (home cook food on request)|Electronic / Magnetic Keys|Wheelchair Accessibility - Room|Massage Services |Poolside Bar|Pick Up and Drop (Rly Station, Bus Stand, Temple)|Smoking Area |Open Air Restaurant / Dining |In House Events |Vegetarian Food / Jain Food Available|Extra Person / Child - Share the same room|Car Rental|Meditation Room|Self Check - In|Taxi Services|Board Room|Newspapers In Lobby|Yoga Hall / Classes|Postal / Parcel Services|Family Room|Room Service (24 Hours)|Voicemail|Party hall|STD / ISD|Baggage Room|Courier Service|Guide / Sightseeing Service|Laptop Available on Hire|Outdoor Parking - Secured|Parking Facility|Internet Access|Restaurant|Recreation Zone",DoubleTree by Hilton Pune-Chinchwad
Hyderabad,"The standard check-in time is 12:00 PM and the standard check-out time is 12:00 PM. Early check-in or late check-out is strictly subjected to availability and may be chargeable by the hotel. Any early check-in or late check-out request must be directed and reconfirmed with hotel directly Booking rates will not be valid for Christmas and New year dates, High season and long weekend dates extra supplement will be charged over and above the paid rates as per actual and hotel discretion. The standard check-in time is 12:00 PM and the standard check-out time is 12:00 PM. Early check-in or late check-out is strictly subjected to availability and may be chargeable by the hotel. Any early check-in or late check-out request must be directed and reconfirmed with hotel directly. According to government regulations, a valid Photo ID has to be carried by every person who stays at the hotel. The identification proofs accepted are Drivers License, Voters Card, Passport, Ration Card. Without valid ID the guest will not be allowed to check in. Note- PAN Cards will not be accepted as a valid ID card.   *   It is mandatory for guests to present valid photo identification at the time of check-in.   *   The primary guest checking in to the hotel must be at least 21 years of age.   *   The hotel reserves the right of admission. Accommodation can be denied to guests posing as a couple if suitable proof of identification is not presented at check-in.   *   The hotel reserves the right of admission for local residents. Accommodation can be denied to guests residing in the same city.   *   Local ID proof will not be valid.",Doctor on Call|Dry Cleaning|Front Desk|Room Service,Famous lodge
Thekkady,"The standard check-in time is 01:00 PM and the standard check-out time is 11:00 AM. Early check-in or late check-out is strictly subjected to availability and may be chargeable by the hotel. Any early check-in or late check-out request must be directed and reconfirmed with hotel directly Pets are not allowed. **** Compulsory Supplement Charges to be paid **** Mandatory Peak Season Charges From 20th December 2014 to 5 January 2015 at Rs. 1000 per room,to be paid at hotel directly at the time of check in. Supplementary charges on 31st Dec 2015 - Gala Dinner - to be paid at the hotel directly at the time of Check In.",Barbecue Area|Doctor on Call|Dry Cleaning|Gift Shop |Internet Access - Surcharge|Laundry Service Available|Lift / Elevator|Lobby|Non Smoking Rooms|Parking Facilities Available|Front Desk|Multi Cuisine Restaurant |Locker Facility|Tennis Court|Local Tour / Travel Desk|24 Hour Front Desk|Luggage Storage|Welcome Drinks|Power Backup|Express Check-In / Check-Out|Gardens|Dance Performances (on demand)|Catering|Wake-up Call / Service|Porter / Bellhop|Suitable For Children|Coffee Shop / Cafe|Multi - Line Phone|Free Local Calls|Safari|Nature Walk|Veranda|Veg / Non Veg Kitchens Separate |Vegetarian Food / Jain Food Available|Extra Person / Child - Share the same room|Village Visit ( Chargeable )|Car Rental|Campfire / Bon Fire|Food Facility| Drivers Rest Room|Newspapers In Lobby|Family Room|Room Service (24 Hours)|Spa Services Nearby|STD / ISD|Baggage Room|Guide / Sightseeing Service|Internet / Fax (Reception area only)|Outdoor Parking - Secured|Parking Facility|Internet Access,Elephant Route Resort
Bangalore,"The standard check-in time is 12:00 PM and the standard check-out time is 12:00 PM. Early check-in or late check-out is strictly subjected to availability and may be chargeable by the hotel. Any early check-in or late check-out request must be directed and reconfirmed with hotel directly Cancellation: Upto 3 days in advance free or later Full payment as service charge, Unmarried Couples Not Allowed,",Airport Transfer Available / Surcharge|Beauty Salon - on charge|Currency Exchange|Doctor on Call|Dry Cleaning|Laundry Service Available|Lift / Elevator|Lobby|Non Smoking Rooms|Parking Facilities Available|Front Desk|Major Credit Cards Accepted|24 Hour Front Desk|Power Backup|Express Check-In / Check-Out|Wedding Services Facility|Wake-up Call / Service|Separate Sitting Area|Grocery|Smoking Rooms|Fire Place Available |Smoking Area |Veranda|Car Rental|Express Laundry|Newspapers In Lobby|Family Room|Room Service (24 Hours)| Cook Services|Air / Rail Booking|Courier Service|RO Water Purification System|Outdoor Parking - Secured|Parking Facility|Room Service|Fire Safety,EYRIE HOSPITALITY
Agra,The standard check-in time is 12:00 PM and the standard check-out time is 12:00 PM. Early check-in or late check-out is strictly subjected to availability and may be chargeable by the hotel. Any early check-in or late check-out request must be directed and reconfirmed with hotel directly 1.   not allowed unmarried couple 2.   not allowed local person 3.   not allowed room for drinking and gambling porpose. 4.   allow married couple if they show both i.d proof.,Doctor on Call|Internet Access - Surcharge|Parking Facilities Available|Front Desk|Tennis Court|Badminttion Court|Internet Access Free,Dreams Inn
Chikmagalur,The standard check-in time is 11:00 AM and the standard check-out time is 12:00 PM. Early check-in or late check-out is strictly subjected to availability and may be chargeable by the hotel. Any early check-in or late check-out request must be directed and reconfirmed with hotel directly  We do not allow unmarried / unrelated couples to checkin. This is at full discretion of the hotel management. No refund would be applicable in case the checkin is denied under such circumstances,Doctor on Call|Luggage Storage|Room Service (24 Hours)|Room Service|Public Restrooms,Estate Valley Homestay
Rajpura,"The standard check-in time is 12:00 PM and the standard check-out time is 12:00 PM. Early check-in or late check-out is strictly subjected to availability and may be chargeable by the hotel. Any early check-in or late check-out request must be directed and reconfirmed with hotel directly According to government regulations, a valid Photo ID has to be carried by every person above the age of 18 staying.Identification proofs accepted are Drivers License, Voters Card, Passport, Ration Card.Without valid ID the guest would'nt be accepted",Banquet Facilities|Bar / Lounge |Business Center |Currency Exchange|Doctor on Call|Gift Shop |Laundry Service Available|Lift / Elevator|Lobby|Parking Facilities Available|Front Desk|Multi Cuisine Restaurant |Local Tour / Travel Desk|Major Credit Cards Accepted|24 Hour Front Desk|Medical Assistance Available|Air-Conditioning - Central|Power Backup|Gardens|Audio - Visual Equipment|Wedding Services Facility|Catering|Multi Lingual Staff|Wake-up Call / Service|Suitable For Children|Coffee Shop / Cafe|Conference Facility |Transfers Available|Express Laundry|Kids Play Zone|Internet Access Free|Newspapers In Lobby|Room Service (24 Hours)|Party hall|STD / ISD|Baggage Room|Parking Facility|Internet Access|Restaurant|CCTV|Full Time Operation for All 7 Days|Public Restrooms,EAGLE MOTEL
Kolhapur,The standard check-in time is 12:00 PM and the standard check-out time is 12:00 PM. Early check-in or late check-out is strictly subjected to availability and may be chargeable by the hotel. Any early check-in or late check-out request must be directed and reconfirmed with hotel directly We do not allow unmarried / unrelated couples to checkin. This is at full discretion of the hotel management. No refund would be applicable in case the checkin is denied under such circumstances,Doctor on Call|Front Desk|24 Hour Front Desk|Doorman|Power Backup|Parking Facility,Devrai Resort
Delhi,The standard check-in time is 12:00 PM and the standard check-out time is 11:00 AM. Early check-in or late check-out is strictly subjected to availability and may be chargeable by the hotel. Any early check-in or late check-out request must be directed and reconfirmed with hotel directly Our Inns reserve the right to admission. Accommodation can be denied to the guests posing as a couple if suitable identification and a non-local address proof is not presented at check-in. MAP plan includes limited menu meal.,Doctor on Call|Laundry Service Available|Lift / Elevator|Lobby|Front Desk|Locker Facility|Major Credit Cards Accepted|24 Hour Front Desk|Doorman|Air-Conditioning - Central|Power Backup|Wake-up Call / Service|Suitable For Children|Kitchen available (home cook food on request)|Free Local Calls|Vegetarian Food / Jain Food Available|Food Facility|Newspapers In Lobby|Room Service (24 Hours)| Cook Services|RO Water Purification System|Internet Access,FabHotel Connaught Mews
Palampur,The standard check-in time is 02:00 PM and the standard check-out time is 12:00 PM. Early check-in or late check-out is strictly subjected to availability and may be chargeable by the hotel. Any early check-in or late check-out request must be directed and reconfirmed with hotel directly We do not allow unmarried / unrelated couples to checkin. This is at full discretion of the hotel management. No refund would be applicable in case the checkin is denied under such circumstances.,Doctor on Call|Front Desk|Parking Facility|Room Service|Public Restrooms,Dhadwal Homestay
Mumbai,"The standard check-in time is 12:00 PM and the standard check-out time is 11:00 AM. Early check-in or late check-out is strictly subjected to availability and may be chargeable by the hotel. Any early check-in or late check-out request must be directed and reconfirmed with hotel directly Deluxe room - Attached washroom,  Semi Deluxe Room and single small  room - Shared Washroom,  Living room and kitchen is on sharing basis. Early check-in or late check out charges Rs.1000/- subject to availability of room",Laundry Service Available|Lift / Elevator|Parking Facilities Available|Front Desk|Locker Facility|Wake-up Call / Service|ATM / Banking|Kitchen available (home cook food on request)|Food Facility|Newspapers In Lobby|Internet Access|Room Service,Executive Lotus - service apartment
Coorg,The standard check-in time is 12:00 PM and the standard check-out time is 10:00 AM. Early check-in or late check-out is strictly subjected to availability and may be chargeable by the hotel. Any early check-in or late check-out request must be directed and reconfirmed with hotel directly Kindly note that Double and Double Deluxe Rooms are for two and Family Deluxe rooms are for three Adults. Children above 07 years are counted as Adults. Extra person charges are as applicable,Doctor on Call|Laundry Service Available|Lobby|Parking Facilities Available|Front Desk|Local Tour / Travel Desk|Power Backup|Wake-up Call / Service|Transfers Available|Internet Access Free|Room Service (24 Hours)|Outdoor Parking - Secured|Parking Facility|Suites,Dream Land Home Stay
Manali,The standard check-in time is 12:00 PM and the standard check-out time is 12:00 PM. Early check-in or late check-out is strictly subjected to availability and may be chargeable by the hotel. Any early check-in or late check-out request must be directed and reconfirmed with hotel directly Hotel may charge compulsory gala dinner supplement on Christmas / New Year's eve or other festive periods. Any such supplements need to be paid directly at the hotel.,"Airport Transfer Available / Surcharge|Banquet Facilities|Business Center |Doctor on Call|Dry Cleaning|Games Zone|Internet Access - Surcharge|Laundry Service Available|Lobby|Parking Facilities Available|Multi Cuisine Restaurant |Local Tour / Travel Desk|Major Credit Cards Accepted|Luggage Storage|Power Backup|Gardens|Wake-up Call / Service|Separate Sitting Area|Coffee Shop / Cafe|Conference Facility |Smoking Rooms|Pick Up and Drop (Rly Station, Bus Stand, Temple)|Nature Walk|Smoking Area |Extra Person / Child - Share the same room|Car Rental|Taxi Services|Food Facility|Internet Access Free|Newspapers In Lobby|Room Service (24 Hours)|Air / Rail Booking|RO Water Purification System|Parking Facility",Flamingo Resorts
Malvan,"The standard check-in time is 12:00 PM and the standard check-out time is 12:00 PM. Early check-in or late check-out is strictly subjected to availability and may be chargeable by the hotel. Any early check-in or late check-out request must be directed and reconfirmed with hotel directly Booking rates will not be valid for Christmas and New year dates, High season and long weekend dates, extra supplement will be charged over and above the paid rates as per actual and hotel discretion.",Doctor on Call|Parking Facilities Available|Outdoor Parking - Secured|Parking Facility|Room Service,Exotic home stay -Malvan
Srinagar,The standard check-in time is 12:00 PM and the standard check-out time is 12:00 PM. Early check-in or late check-out is strictly subjected to availability and may be chargeable by the hotel. Any early check-in or late check-out request must be directed and reconfirmed with hotel directly We do not allow unmarried / unrelated couples to checkin. This is at full discretion of the hotel management. No refund would be applicable in case the checking is denied under such circumstances,Doctor on Call|Laundry Service Available|Parking Facilities Available|Front Desk|Multi Cuisine Restaurant |24 Hour Front Desk|Wake-up Call / Service,Eagle Resort
Pune,The standard check-in time is 12:00 PM and the standard check-out time is 11:00 AM. Early check-in or late check-out is strictly subjected to availability and may be chargeable by the hotel. Any early check-in or late check-out request must be directed and reconfirmed with hotel directly,Laundry Service Available|Room Service (24 Hours)|Parking Facility,EMA HOSPITALITY
Mumbai,The standard check-in time is 12:00 PM and the standard check-out time is 12:00 PM. Early check-in or late check-out is strictly subjected to availability and may be chargeable by the hotel. Any early check-in or late check-out request must be directed and reconfirmed with hotel directly The hotel check in time is 12 Noon and the checkout time is 12 Noon Any Request for early check in or Late Checkout must be confirmed with the Hotel First. Guest without proper id will be refused Check in and will forfeit one days charges,Doctor on Call|Laundry Service Available|Front Desk|Local Tour / Travel Desk|24 Hour Front Desk|Doorman|Power Backup|Room Service (24 Hours)|Air / Rail Booking|Guide / Sightseeing Service|Parking Facility|Room Service|Fire Exit Signs|Full Time Operation for All 7 Days|Porter Services Available,Dreamland
Hyderabad,The standard check-in time is 12:00 PM and the standard check-out time is 12:00 PM. Early check-in or late check-out is strictly subjected to availability and may be chargeable by the hotel. Any early check-in or late check-out request must be directed and reconfirmed with hotel directly Hotel may charge compulsory gala dinner supplement on Christmas / New Year's eve or other festive periods. Any such supplements need to be paid directly at the hotel.,Business Center |Doctor on Call,Ebony Boutique Hotel
Manali,The standard check-in time is 12:00 PM and the standard check-out time is 12:00 PM. Early check-in or late check-out is strictly subjected to availability and may be chargeable by the hotel. Any early check-in or late check-out request must be directed and reconfirmed with hotel directly  We do not allow unmarried / unrelated couples to checkin. This is at full discretion of the hotel management. No refund would be applicable in case the checkin is denied under such circumstances,Doctor on Call|Front Desk|Room Service|Public Restrooms,Elite Cottage
Mahabaleshwar,The standard check-in time is 12:00 PM and the standard check-out time is 09:00 AM. Early check-in or late check-out is strictly subjected to availability and may be chargeable by the hotel. Any early check-in or late check-out request must be directed and reconfirmed with hotel directly Unmarried couple is not allowed Id Proof is complusory,Doctor on Call|Laundry Service Available|Parking Facilities Available|24 Hour Front Desk|Luggage Storage|Food Facility|Internet Access Free|Room Service (24 Hours)|Parking (Surcharge)|Parking Facility,Evergreen Bungalow
Amritsar,"The standard check-in time is 12:00 PM and the standard check-out time is 12:00 PM. Early check-in or late check-out is strictly subjected to availability and may be chargeable by the hotel. Any early check-in or late check-out request must be directed and reconfirmed with hotel directly Check out time is 1200 noon ,check in time is open. Its a non smoking zone.No extra charge is initiated by us above the standard charge of the selected room.Its all inclusive of taxes.",Laundry Service Available|Power Backup|Room Service (24 Hours)|Parking (Surcharge)|Outdoor Parking - Secured,Diamond heritage
Pahalgam,The standard check-in time is 12:00 PM and the standard check-out time is 12:00 PM. Early check-in or late check-out is strictly subjected to availability and may be chargeable by the hotel. Any early check-in or late check-out request must be directed and reconfirmed with hotel directly Hotel may charge compulsory gala dinner supplement on Christmas / New Years eve or other festive periods. Any such supplements need to be paid directly at the hotel.As per the government guidelines valid government issued id proofs are required to be presented at the Time of C/in.,Lobby|Front Desk|Kitchen available (home cook food on request),Dove Cottage
Sonipat,The standard check-in time is 12:00 PM and the standard check-out time is 12:00 PM. Early check-in or late check-out is strictly subjected to availability and may be chargeable by the hotel. Any early check-in or late check-out request must be directed and reconfirmed with hotel directly Id Cards are mandatory at the time of check in .  We do not allow unmarried / unrelated couples to checkin. This is at full discretion of the hotel management. No refund would be applicable in case the checkin is denied under such circumstances,Doctor on Call|Internet Access Free|Room Service (24 Hours)|Room Service|Public Restrooms,EAGLE INTERNATIONAL INN
Goa,The standard check-in time is 02:00 PM and the standard check-out time is 12:00 PM. Early check-in or late check-out is strictly subjected to availability and may be chargeable by the hotel. Any early check-in or late check-out request must be directed and reconfirmed with hotel directly We do not allow unmarried / unrelated couples to checkin. This is at full discretion of the hotel management. No refund would be applicable in case the checkin is denied under such circumstances,Business Center |Doctor on Call|Laundry Service Available|Lobby|Front Desk|Power Backup|Food Facility,Fantasiya World Goa
Indore,The standard check-in time is 12:00 PM and the standard check-out time is 11:00 AM. Early check-in or late check-out is strictly subjected to availability and may be chargeable by the hotel. Any early check-in or late check-out request must be directed and reconfirmed with hotel directly (Away From City 10 Kms Approx.) Please note that resort is under renovation and pool is not in working right now. Guests has to present Valid I.D. Proof at Check-In. Pan Card is not considered as Valid I.D. Proof.,Swimming Pool|Business Center |Health Club / Gym Facility Available|Laundry Service Available|Front Desk|Multi Cuisine Restaurant |Welcome Drinks|Conference Facility |Newspapers In Lobby|Room Service (24 Hours)|Parking Facility,Dream World Resort
Delhi,The standard check-in time is 12:00 PM and the standard check-out time is 12:00 PM. Early check-in or late check-out is strictly subjected to availability and may be chargeable by the hotel. Any early check-in or late check-out request must be directed and reconfirmed with hotel directly Hotel may charge compulsory gala dinner supplement on Christmas / New Year's eve or other festive periods. Any such supplements need to be paid directly at the hotel.,Bar / Lounge |Business Center |Internet Access - Surcharge|Laundry Service Available|Lift / Elevator|Parking Facilities Available|Front Desk|Multi Cuisine Restaurant |Locker Facility|Power Backup|Transfers Available|Room Service (24 Hours)|Parking (Surcharge)|Outdoor Parking - Secured|Parking Facility|Room Service|Porter Services Available|Public Restrooms|Suites,Silver Ferns
Ernakulam,The standard check-in time is 11:00 AM and the standard check-out time is 11:00 AM. Early check-in or late check-out is strictly subjected to availability and may be chargeable by the hotel. Any early check-in or late check-out request must be directed and reconfirmed with hotel directly Hotel may charge compulsory gala dinner supplement on Christmas / New Year's eve or other festive periods. Any such supplements need to be paid directly at the hotel.,Lobby|Power Backup|RO Water Purification System|Parking Facility,Spencer Home
Bangalore,"The standard check-in time is 12:00 PM and the standard check-out time is 12:00 PM. Early check-in or late check-out is strictly subjected to availability and may be chargeable by the hotel. Any early check-in or late check-out request must be directed and reconfirmed with hotel directly a.According to government regulations, a valid Photo ID has to be carried by every person above the age of 18 staying at the hotel.The identification proofs accepted are Drivers License, Voters Card, or Passport. Without valid ID the guest will not b",Currency Exchange|Doctor on Call|Dry Cleaning|Laundry Service Available|Lift / Elevator|Lobby|Non Smoking Rooms|Parking Facilities Available|Locker Facility|24 Hour Front Desk|Luggage Storage|Doorman|Power Backup|Wake-up Call / Service|Smoking Rooms|Extra Person / Child - Share the same room|Express Laundry|Taxi Services|Food Facility|Internet Access Free|Newspapers In Lobby|Family Room|Room Service (24 Hours)| Cook Services|STD / ISD|Baggage Room|Courier Service|Outdoor Parking - Secured,Shoba Inn
Belgaum,The standard check-in time is 02:00 PM and the standard check-out time is 12:00 PM. Early check-in or late check-out is strictly subjected to availability and may be chargeable by the hotel. Any early check-in or late check-out request must be directed and reconfirmed with hotel directly We do not allow unmarried / unrelated couples to checkin. This is at full discretion of the hotel management. No refund would be applicable in case the checkin is denied under such circumstances,Doctor on Call|Lobby|Front Desk|Local Tour / Travel Desk|24 Hour Front Desk,Srinivas Residency Hotel
Medinipur,The standard check-in time is 12:00 PM and the standard check-out time is 10:00 AM. Early check-in or late check-out is strictly subjected to availability and may be chargeable by the hotel. Any early check-in or late check-out request must be directed and reconfirmed with hotel directly We do not allow unmarried / unrelated couples to checkin. This is at full discretion of the hotel management. No refund would be applicable in case the checkin is denied under such circumstances,Doctor on Call|Parking Facilities Available|Front Desk|Doorman|Power Backup|Extra Person / Child - Share the same room|Family Room|Outdoor Parking - Secured|Fire Safety|Fire Exit Signs|First-Aid Kit at Front Desk,Sonamita Guest House
Goa,"The standard check-in time is 12:00 PM and the standard check-out time is 12:00 PM. Early check-in or late check-out is strictly subjected to availability and may be chargeable by the hotel. Any early check-in or late check-out request must be directed and reconfirmed with hotel directly Hotel may charge compulsory gala dinner supplement on Christmas / New Year's eve or other festive periods.  Any such supplements need to be paid directly at the hotel. No check in and check out on 25th and 31st Dec'15 Christmas and new year gala dinner compulsory. Christmas Rs. 3750 per person, child 1875 New year Rs.4250 per person, child 2125 Proper ID prof required","Swimming Pool|Airport Transfer Available / Surcharge|Bar / Lounge |Currency Exchange|Doctor on Call|Internet Access - Surcharge|Laundry Service Available|Parking Facilities Available|Front Desk|Multi Cuisine Restaurant |Locker Facility|Local Tour / Travel Desk|Valet service|Major Credit Cards Accepted|24 Hour Front Desk|Luggage Storage|Welcome Drinks|Power Backup|Catering|Multi Lingual Staff|Wake-up Call / Service|Separate Sitting Area|Smoking Rooms|Disabled Friendly Rooms|Multi - Line Phone|Wheelchair Accessibility - Room|Pick Up and Drop (Rly Station, Bus Stand, Temple)|Smoking Area |Open Air Restaurant / Dining | Bike on Rent|Express Laundry|Taxi Services|Pool Cafe|Food Facility|Internet Access Free|Newspapers In Lobby|Family Room|Internet / Fax (Reception area only)|RO Water Purification System|Parking Facility|Fire Safety|CCTV|Fire Exit Signs|First-Aid Kit at Front Desk|Full Time Operation for All 7 Days|Hotel Trading License|Paid Transfers|Pest Control Facility|Porter Services Available|Public Restrooms|Security at All Hotel Entrances",So my resorts
Wayanad,The standard check-in time is 02:00 PM and the standard check-out time is 12:00 PM. Early check-in or late check-out is strictly subjected to availability and may be chargeable by the hotel. Any early check-in or late check-out request must be directed and reconfirmed with hotel directly We do not allow unmarried / unrelated couples to checkin. This is at full discretion of the hotel management. No refund would be applicable in case the checkin is denied under such circumstances,Doctor on Call|Lobby|Parking Facilities Available|Front Desk|Local Tour / Travel Desk|24 Hour Front Desk,Soochipara Resort
Nagaur,"The standard check-in time is 12:00 PM and the standard check-out time is 12:00 PM. Early check-in or late check-out is strictly subjected to availability and may be chargeable by the hotel. Any early check-in or late check-out request must be directed and reconfirmed with hotel directly Booking rates will not be valid for Christmas and New year dates, High season and long weekend dates  extra supplement will be charged over and above the paid rates as per actual and hotel discretion.",Doctor on Call,Shri Agarwal Lodge
Kutch,The standard check-in time is 12:00 PM and the standard check-out time is 12:00 PM. Early check-in or late check-out is strictly subjected to availability and may be chargeable by the hotel. Any early check-in or late check-out request must be directed and reconfirmed with hotel directly Valid Identification proof are required. Pets are not allowed.,Laundry Service Available|24 Hour Front Desk|Conference Facility |Board Room|Room Service (24 Hours)| Cook Services|Restaurant,Shree Manav Residency
Kukke,"The standard check-in time is 08:00 PM and the standard check-out time is 08:00 PM. Early check-in or late check-out is strictly subjected to availability and may be chargeable by the hotel. Any early check-in or late check-out request must be directed and reconfirmed with hotel directly ALL GUESTS ARE REQUIRED TO PRESENT PROPER PHOTO IDENTIFICATION UPON CHECK IN. The identity proof would include a valid Driving license/voter identity card/PAN card, etc. Valid Passport mandatory for all Foreign guests. Hotel is not allow unmarried / unrelated couples to check-in. This is at full discretion of the hotel management. No refund would be applicable in case the hotel denies check-in under such circumstances.",Doctor on Call|Lobby|Non Smoking Rooms|Parking Facilities Available|Front Desk|Major Credit Cards Accepted|24 Hour Front Desk|Luggage Storage|Welcome Drinks|Power Backup|Gardens|Multi Lingual Staff|Wake-up Call / Service|Smoking Rooms|Outdoor Parking - Secured,Shri Krishna Residency
Idukki,The standard check-in time is 12:00 PM and the standard check-out time is 12:00 PM. Early check-in or late check-out is strictly subjected to availability and may be chargeable by the hotel. Any early check-in or late check-out request must be directed and reconfirmed with hotel directly Hotel may charge compulsory gala dinner supplement on Christmas / New Year's eve or other festive periods. Any such supplements need to be paid directly at the hotel.,"Airport Transfer Available / Surcharge|Barbecue Area|Doctor on Call|Internet Access - Surcharge|Laundry Service Available|Night Club|Parking Facilities Available|Front Desk|Multi Cuisine Restaurant |Locker Facility|Local Tour / Travel Desk|Valet service|24 Hour Front Desk|Medical Assistance Available|Power Backup|Express Check-In / Check-Out|Gardens|Dance Performances (on demand)|Multi Lingual Staff|Wake-up Call / Service|Suitable For Children|Separate Sitting Area|Coffee Shop / Cafe|Safari|Pick Up and Drop (Rly Station, Bus Stand, Temple)|Nature Walk|Village Visit ( Chargeable )|Taxi Services|Campfire / Bon Fire|Food Facility|Internet Access Free|Newspapers In Lobby|Family Room|Internet / Fax (Reception area only)|Courtesy Coach|Outdoor Parking - Secured|Parking Facility|Room Service",Spice Villas Holiday
Varanasi,The standard check-in time is 12:00 PM and the standard check-out time is 12:00 PM. Early check-in or late check-out is strictly subjected to availability and may be chargeable by the hotel. Any early check-in or late check-out request must be directed and reconfirmed with hotel directly We do not allow unmarried / unrelated couples to checkin. This is at full discretion of the hotel management. No refund would be applicable in case the checkin is denied under such circumstances,Lobby|Front Desk|24 Hour Front Desk|Room Service (24 Hours)|Room Service,SIDHARTH paying guest house
Wayanad,"The standard check-in time is 12:00 PM and the standard check-out time is 12:00 PM. Early check-in or late check-out is strictly subjected to availability and may be chargeable by the hotel. Any early check-in or late check-out request must be directed and reconfirmed with hotel directly Booking rates will not be valid for Christmas and New year dates, High season and long weekend dates  extra supplement will be charged over and above the paid rates as per actual and hotel discretion.",Doctor on Call|Parking Facilities Available|Front Desk|Room Service|Public Restrooms,spice garden farm house
Coorg,The standard check-in time is 12:00 PM and the standard check-out time is 11:00 AM. Early check-in or late check-out is strictly subjected to availability and may be chargeable by the hotel. Any early check-in or late check-out request must be directed and reconfirmed with hotel directly,Doctor on Call|Front Desk|Room Service (24 Hours)|Parking Facility,Sri Ambika Residency
Chennai,"The standard check-in time is 12:00 PM and the standard check-out time is 12:00 PM. Early check-in or late check-out is strictly subjected to availability and may be chargeable by the hotel. Any early check-in or late check-out request must be directed and reconfirmed with hotel directly Guests must report any loss of or damage to their property immediately on discovery to the Hotel  Reception or other appropriate staff members, and shall make themselves available to assist with any reports made by the hotel to the police.",Airport Transfer Available / Surcharge|Internet Access - Surcharge|Laundry Service Available|Parking Facilities Available|Front Desk|Multi Cuisine Restaurant |Local Tour / Travel Desk|Medical Assistance Available,Sky Home
Delhi,The standard check-in time is 12:00 PM and the standard check-out time is 12:00 PM. Early check-in or late check-out is strictly subjected to availability and may be chargeable by the hotel. Any early check-in or late check-out request must be directed and reconfirmed with hotel directly We do not allow unmarried / unrelated couples to checkin. This is at full discretion of the hotel management. No refund would be applicable in case the checkin is denied under such circumstances,Doctor on Call|Laundry Service Available|Library|Lobby|Parking Facilities Available|Front Desk|Power Backup|Gardens|Internet Access Free|Parking Facility|Room Service,SITA RESIDENCY
Kullu,The standard check-in time is 12:00 PM and the standard check-out time is 12:00 PM. Early check-in or late check-out is strictly subjected to availability and may be chargeable by the hotel. Any early check-in or late check-out request must be directed and reconfirmed with hotel directly Child 05 - 12 Years @ Rs 350/- per day without extra bed . Child 05 - 12 Years @ Rs 550/- Per Day with extra bed Check in and Check out - 1200 Hours  Early in Check and Late Check out Subjected to availability.,Doctor on Call|Laundry Service Available|Lobby|Parking Facilities Available|Front Desk|24 Hour Front Desk|Medical Assistance Available|Nature Walk|Food Facility|RO Water Purification System|Parking Facility|Room Service|Full Time Operation for All 7 Days,SILVER STREAK COTTAGE
Bangalore,The standard check-in time is 12:00 PM and the standard check-out time is 12:00 PM. Early check-in or late check-out is strictly subjected to availability and may be chargeable by the hotel. Any early check-in or late check-out request must be directed and reconfirmed with hotel directly Hotel may charge compulsory gala dinner supplement on Christmas / New Year's eve or other festive periods. Any such supplements need to be paid directly at the hotel.,Banquet Facilities|Currency Exchange|Doctor on Call|Internet Access - Surcharge|Laundry Service Available|Parking Facilities Available|Multi Cuisine Restaurant |Locker Facility|Local Tour / Travel Desk|Major Credit Cards Accepted|Air-Conditioning - Central|Conference Facility |Room Service (24 Hours)|STD / ISD,Shree Adiga Residency
Gandhinagar,The standard check-in time is 12:00 PM and the standard check-out time is 12:00 PM. Early check-in or late check-out is strictly subjected to availability and may be chargeable by the hotel. Any early check-in or late check-out request must be directed and reconfirmed with hotel directly We do not allow unmarried / unrelated couples to checkin. This is at full discretion of the hotel management. No refund would be applicable in case the checkin is denied under such circumstances,Doctor on Call|Parking Facilities Available|Front Desk|Room Service|First-Aid Kit at Front Desk|Public Restrooms,Shivsadan Guest House
Amritsar,The standard check-in time is 11:45 AM and the standard check-out time is 11:45 AM. Early check-in or late check-out is strictly subjected to availability and may be chargeable by the hotel. Any early check-in or late check-out request must be directed and reconfirmed with hotel directly We do not allow unmarried / unrelated couples to checkin. This is at full discretion of the hotel management. No refund would be applicable in case the checkin is denied under such circumstances,Doctor on Call|Laundry Service Available|Lobby|Non Smoking Rooms|Front Desk|Multi Cuisine Restaurant |24 Hour Front Desk|Power Backup|Express Check-In / Check-Out|Catering|Suitable For Children|Separate Sitting Area|Smoking Rooms|Access Via Exterior Corridors|Parking (Surcharge)|Room Service,Shree Hari Castle
Goa,The standard check-in time is 02:00 PM and the standard check-out time is 10:00 AM. Early check-in or late check-out is strictly subjected to availability and may be chargeable by the hotel. Any early check-in or late check-out request must be directed and reconfirmed with hotel directly,Doctor on Call|Parking Facilities Available|Power Backup|Internet Access Free|RO Water Purification System,Silver Moon Guest House
Alleppey,The standard check-in time is 02:00 PM and the standard check-out time is 12:00 PM. Early check-in or late check-out is strictly subjected to availability and may be chargeable by the hotel. Any early check-in or late check-out request must be directed and reconfirmed with hotel directly Right to Admission Reserved,Medical Assistance Available,Sreekrishna houseboat Three bedroom
Jaipur,The standard check-in time is 11:00 AM and the standard check-out time is 12:00 PM. Early check-in or late check-out is strictly subjected to availability and may be chargeable by the hotel. Any early check-in or late check-out request must be directed and reconfirmed with hotel directly,Business Center |Laundry Service Available|Parking Facilities Available|Pets Allowed|Front Desk|Multi Cuisine Restaurant |Local Tour / Travel Desk|24 Hour Front Desk|Luggage Storage|Power Backup|Wake-up Call / Service|Suitable For Children|Kitchen available (home cook food on request)|Vegetarian Food / Jain Food Available|Village Visit ( Chargeable )|Car Rental|Taxi Services|Food Facility| Drivers Rest Room|Internet Access Free|Newspapers In Lobby|Family Room|Room Service (24 Hours)|Air / Rail Booking|Courier Service|Guide / Sightseeing Service|Adjoining Rooms|RO Water Purification System|Outdoor Parking - Secured|Parking Facility|Internet Access|Room Service|Fire Safety,Shri Kalyan Residency
Yercaud,"The standard check-in time is 02:00 PM and the standard check-out time is 12:00 PM. Early check-in or late check-out is strictly subjected to availability and may be chargeable by the hotel. Any early check-in or late check-out request must be directed and reconfirmed with hotel directly Booking rates will not be valid for Christmas  New year dates, High season  long weekend dates  extra supplement will be charged over  above the paid rates as per actual  hotel discretion.",Business Center |Laundry Service Available|Parking Facilities Available|Front Desk|Power Backup|Gardens|Room Service (24 Hours)|Outdoor Parking - Secured|Parking Facility|Room Service|Suites,Sky Hotels
Mount Abu,The standard check-in time is 02:00 PM and the standard check-out time is 12:00 PM. Early check-in or late check-out is strictly subjected to availability and may be chargeable by the hotel. Any early check-in or late check-out request must be directed and reconfirmed with hotel directly  We do not allow unmarried / unrelated couples to checkin. This is at full discretion of the hotel management. No refund would be applicable in case the checkin is denied under such circumstances,Doctor on Call|Front Desk|Parking Facility|Room Service|Fire Safety|First-Aid Kit at Front Desk|Public Restrooms,Shreeji Paying Guest House
Goa,The standard check-in time is 01:00 PM and the standard check-out time is 11:00 AM. Early check-in or late check-out is strictly subjected to availability and may be chargeable by the hotel. Any early check-in or late check-out request must be directed and reconfirmed with hotel directly Hotel may charge compulsory gala dinner supplement on Christmas / New Year's eve or other festive periods. Any such supplements need to be paid directly at the hotel.,Swimming Pool|Laundry Service Available|Front Desk|Room Service (24 Hours)|Restaurant,Sodder's Renton Manor
Coimbatore,"The standard check-in time is 02:00 PM and the standard check-out time is 01:00 PM. Early check-in or late check-out is strictly subjected to availability and may be chargeable by the hotel. Any early check-in or late check-out request must be directed and reconfirmed with hotel directly Unmarried Couples not allowed, check-in and check-out is 24 hours,",Doctor on Call|Dry Cleaning|Laundry Service Available|Lift / Elevator|Parking Facilities Available|Front Desk|Major Credit Cards Accepted|24 Hour Front Desk|Power Backup|Multi Lingual Staff|Suitable For Children|Vegetarian Food / Jain Food Available|Food Facility|Internet Access Free|Room Service (24 Hours)|Parking Facility,Siva Residency
Kasaragod,The standard check-in time is 12:00 PM and the standard check-out time is 12:00 PM. Early check-in or late check-out is strictly subjected to availability and may be chargeable by the hotel. Any early check-in or late check-out request must be directed and reconfirmed with hotel directly We do not allow unmarried / unrelated couples to checkin. This is at full discretion of the hotel management. No refund would be applicable in case the checkin is denied under such circumstances),Doctor on Call|Laundry Service Available|Lift / Elevator|Doorman|Power Backup|Extra Person / Child - Share the same room|Family Room|Room Service (24 Hours)|Outdoor Parking - Secured|Room Service|Fire Safety|Fire Exit Signs|First-Aid Kit at Front Desk,speedwayinn
Pune,"The standard check-in time is 12:00 PM and the standard check-out time is 12:00 PM. Early check-in or late check-out is strictly subjected to availability and may be chargeable by the hotel. Any early check-in or late check-out request must be directed and reconfirmed with hotel directly *Valid Identification Proof are Mandatory. *In case of any unusual/ improper/ suspicious act, Hotel can cancel Room. *Unmarried couples will not be allowed to check in  *Customer has to carry a copy of booking voucher at the time of check in.",Bar / Lounge |Business Center |Laundry Service Available|Parking Facilities Available|Front Desk|Multi Cuisine Restaurant |Locker Facility|24 Hour Front Desk|Power Backup|Gardens|Catering|Conference Facility |Open Air Restaurant / Dining |Internet Access Free|Newspapers In Lobby|Room Service (24 Hours)|Air / Rail Booking|Outdoor Parking - Secured|Parking Facility|Room Service,Shree Yash Hotel.
Goa,The standard check-in time is 02:00 PM and the standard check-out time is 12:00 PM. Early check-in or late check-out is strictly subjected to availability and may be chargeable by the hotel. Any early check-in or late check-out request must be directed and reconfirmed with hotel directly Please note : The hotel is charging a mandatory gala dinner surcharge on 25th Dec and 31st Dec. This amount is payable directly at the hotel at the time of  check in.,Swimming Pool|Bar / Lounge |Laundry Service Available|Front Desk|Multi Cuisine Restaurant,Soul vacation Resort &amp; Spa
Patna,The standard check-in time is 12:00 PM and the standard check-out time is 12:00 PM. Early check-in or late check-out is strictly subjected to availability and may be chargeable by the hotel. Any early check-in or late check-out request must be directed and reconfirmed with hotel directly Pets are not allowed. Check in and checkout time is 12noon,Laundry Service Available|Lift / Elevator|Front Desk|Power Backup|Audio - Visual Equipment|Conference Facility |Transfers Available|Board Room|Internet Access Free|Newspapers In Lobby|Airport Transfer Free,Space and Spice
Pune,The standard check-in time is 12:00 PM and the standard check-out time is 12:00 PM. Early check-in or late check-out is strictly subjected to availability and may be chargeable by the hotel. Any early check-in or late check-out request must be directed and reconfirmed with hotel directly We do not allow unmarried / unrelated couples to check-in. This is at full discretion of the hotel management.  No refund would be applicable in case the checkin is denied under such circumstances,Doctor on Call|Lobby|Parking Facilities Available|Front Desk|Power Backup|Veranda|Taxi Services|Parking Facility|Room Service|Fire Safety|Anti-Slip Ramps|Fire Exit Signs|First-Aid Kit at Front Desk,Silent Valley Cottage
Malwan,"The standard check-in time is 12:00 PM and the standard check-out time is 12:00 PM. Early check-in or late check-out is strictly subjected to availability and may be chargeable by the hotel. Any early check-in or late check-out request must be directed and reconfirmed with hotel directly Booking rates will not be valid for Christmas and New year dates, High season and long weekend dates  extra supplement will be charged over and above the paid rates as per actual and hotel discretion.",Doctor on Call|Parking Facilities Available|Front Desk|Medical Assistance Available|Public Restrooms,shubhangi home stay
Delhi,The standard check-in time is 12:00 PM and the standard check-out time is 12:00 PM. Early check-in or late check-out is strictly subjected to availability and may be chargeable by the hotel. Any early check-in or late check-out request must be directed and reconfirmed with hotel directly Hotel carries the charge to unaccepted the booking against hotel policies. Please carry ID proof on Individual basis at the time of check inn. Delhi based id proof and PAN card are not considered as a valid id proofs.,Doctor on Call|Laundry Service Available|Lift / Elevator|Front Desk|Locker Facility|Power Backup|Internet Access Free|Room Service (24 Hours)|Room Service|Public Restrooms,shoba residency
Munnar,The standard check-in time is 11:00 AM and the standard check-out time is 12:00 PM. Early check-in or late check-out is strictly subjected to availability and may be chargeable by the hotel. Any early check-in or late check-out request must be directed and reconfirmed with hotel directly Pets are not allowed,Business Center |Doctor on Call|Dry Cleaning|Laundry Service Available|Parking Facilities Available|Front Desk|Multi Cuisine Restaurant |Locker Facility|Major Credit Cards Accepted|24 Hour Front Desk|Luggage Storage|Medical Assistance Available|Power Backup|Gardens|Suitable For Children| Drivers Rest Room|Internet Access Free|Newspapers In Lobby|Room Service (24 Hours)|STD / ISD|Baggage Room|Parking Facility,Shola Heaven
Coorg,"The standard check-in time is 12:00 PM and the standard check-out time is 12:00 PM. Early check-in or late check-out is strictly subjected to availability and may be chargeable by the hotel. Any early check-in or late check-out request must be directed and reconfirmed with hotel directly Booking rates will not be valid for Christmas and New year dates, High season and long weekend dates  extra supplement will be charged over and above the paid rates as per actual and hotel discretion.",Doctor on Call|Parking Facilities Available|Front Desk|Medical Assistance Available|Parking Facility,SHREYA HOMESTAY
Annavaram,"The standard check-in time is 06:00 AM and the standard check-out time is 06:00 AM. Early check-in or late check-out is strictly subjected to availability and may be chargeable by the hotel. Any early check-in or late check-out request must be directed and reconfirmed with hotel directly Booking rates will not be valid for Christmas  New year dates, High season  long weekend dates  extra supplement will be charged over  above the paid rates as per actual  hotel discretion.",Doctor on Call|Front Desk|Restaurant|Room Service|First-Aid Kit at Front Desk,sriganesh residency
Gurgaon,The standard check-in time is 12:00 PM and the standard check-out time is 12:00 PM. Early check-in or late check-out is strictly subjected to availability and may be chargeable by the hotel. Any early check-in or late check-out request must be directed and reconfirmed with hotel directly 1.	Any supplements need to be paid directly at the hotel. 2.	All guests requested to carry Valid ID proof for Check Inn. 3.	Couple Guests with Local ID's are not allowed to check inn.,Airport Transfer Available / Surcharge|Business Center |Doctor on Call|Dry Cleaning|Laundry Service Available|Lobby|Non Smoking Rooms|Parking Facilities Available|Front Desk|Locker Facility|24 Hour Front Desk|Luggage Storage|Medical Assistance Available|Welcome Drinks|Power Backup|Express Check-In / Check-Out|Translation Services|Wake-up Call / Service|Free Local Calls|Transfers Available|Taxi Services|Internet Access Free|Newspapers In Lobby|Family Room|Baggage Room|Courier Service|Parking Facility,Smily Bnb
Belgaum,The standard check-in time is 02:00 PM and the standard check-out time is 12:00 PM. Early check-in or late check-out is strictly subjected to availability and may be chargeable by the hotel. Any early check-in or late check-out request must be directed and reconfirmed with hotel directly We do not allow unmarried / unrelated couples to checkin. This is at full discretion of the hotel management. No refund would be applicable in case the checkin is denied under such circumstances,Doctor on Call|Lobby|Parking Facilities Available|Front Desk|Local Tour / Travel Desk|24 Hour Front Desk|Luggage Storage|Doorman|Baggage Room|Outdoor Parking - Secured|Parking Facility|Room Service|First-Aid Kit at Front Desk,Shri sagar Hotel
Pune,The standard check-in time is 12:00 PM and the standard check-out time is 12:00 PM. Early check-in or late check-out is strictly subjected to availability and may be chargeable by the hotel. Any early check-in or late check-out request must be directed and reconfirmed with hotel directly 12 Noon Check-In/Out Time 100% forfeited for cancellations or changes,Doctor on Call|Laundry Service Available|Lift / Elevator|Lobby|Non Smoking Rooms|Parking Facilities Available|Non Smoking Hotel|Major Credit Cards Accepted|24 Hour Front Desk|Welcome Drinks|Power Backup|Electronic / Magnetic Keys|Vegetarian Food / Jain Food Available|Water Dispenser Available|Self Check - In|Food Facility|Internet Access Free|Newspapers In Lobby|Family Room|Baggage Room|Outdoor Parking - Secured|Parking Facility|Internet Access,Smart Inn
Alleppey,"The standard check-in time is 11:30 AM and the standard check-out time is 09:00 AM. Early check-in or late check-out is strictly subjected to availability and may be chargeable by the hotel. Any early check-in or late check-out request must be directed and reconfirmed with hotel directly Booking rates will not be valid for Christmas and New year dates, High season and long weekend dates, extra supplement will be charged over and above the paid rates as per actual and hotel discretion.",Medical Assistance Available,Sreekrishna houseboat single bedroom
Coimbatore,The standard check-in time is 12:00 PM and the standard check-out time is 12:00 PM. Early check-in or late check-out is strictly subjected to availability and may be chargeable by the hotel. Any early check-in or late check-out request must be directed and reconfirmed with hotel directly,Disabled Friendly Facilities |Lift / Elevator|Parking Facilities Available|Front Desk|Locker Facility|24 Hour Front Desk|Welcome Drinks|Car Rental|Internet Access Free|Newspapers In Lobby|Family Room|Parking Facility,Sigma Service Apartment
Goa,"The standard check-in time is 01:00 PM and the standard check-out time is 11:00 AM. Early check-in or late check-out is strictly subjected to availability and may be chargeable by the hotel. Any early check-in or late check-out request must be directed and reconfirmed with hotel directly AS PER GOVERNMENT DIRECTIVES IT IS MANDATORY FOR ALL GUEST TO SHOW THEIR PHOTO ID AT CHECK IN, WHICH CAN BE IN FORM OF PASSPORT AND VISA COPY/ DRIVING LICENSE/ VOTER ID CARD FAILING WHICH THE HOTEL RESERVES THE RIGHT OF REFUSAL.",Airport Transfer Available / Surcharge|Business Center |Laundry Service Available|Lobby|Parking Facilities Available|Front Desk|Locker Facility|Local Tour / Travel Desk|Major Credit Cards Accepted|24 Hour Front Desk|Luggage Storage|Welcome Drinks|Power Backup|Gardens|Wake-up Call / Service| Bike on Rent|Extra Person / Child - Share the same room|Village Visit ( Chargeable )|Car Rental|Food Facility|Internet Access Free|Newspapers In Lobby|Outdoor Parking - Secured|Outdoor Parking - Non Secured|Parking Facility|Internet Access|Restaurant|Room Service,SinQ Abode
Kumbakonam,The standard check-in time is 12:00 PM and the standard check-out time is 12:00 PM. Early check-in or late check-out is strictly subjected to availability and may be chargeable by the hotel. Any early check-in or late check-out request must be directed and reconfirmed with hotel directly,Internet Access - Surcharge|Laundry Service Available|Lift / Elevator|Parking Facilities Available|Front Desk|Local Tour / Travel Desk|24 Hour Front Desk|Air-Conditioning - Central|Power Backup|Express Check-In / Check-Out|Wake-up Call / Service|Coffee Shop / Cafe|Electronic / Magnetic Keys|Village Visit ( Chargeable )|Car Rental|Taxi Services| Drivers Rest Room|Internet Access Free|Newspapers In Lobby|Postal / Parcel Services|Family Room|Room Service (24 Hours)|Courier Service|Guide / Sightseeing Service|RO Water Purification System|Outdoor Parking - Non Secured|Parking Facility|Room Service,Sri Venkadaramana Towers
Ongole,The standard check-in time is 02:00 PM and the standard check-out time is 12:00 PM. Early check-in or late check-out is strictly subjected to availability and may be chargeable by the hotel. Any early check-in or late check-out request must be directed and reconfirmed with hotel directly We do not allow unmarried / unrelated couples to checkin. This is at full discretion of the hotel management. No refund would be applicable in case the checkin is denied under such circumstances,Doctor on Call|Parking Facilities Available|Front Desk|Room Service|Public Restrooms,Sowmya Delux Lodge
Varanasi,The standard check-in time is 12:00 PM and the standard check-out time is 12:00 PM. Early check-in or late check-out is strictly subjected to availability and may be chargeable by the hotel. Any early check-in or late check-out request must be directed and reconfirmed with hotel directly We do not allow unmarried / unrelated couples to checkin. This is at full discretion of the hotel management. No refund would be applicable in case the checkin is denied under such circumstances,Lobby|Front Desk|24 Hour Front Desk|Room Service (24 Hours)|Room Service,Shree Sai Shrdha Guest House
Cochin,The standard check-in time is 12:00 PM and the standard check-out time is 10:00 AM. Early check-in or late check-out is strictly subjected to availability and may be chargeable by the hotel. Any early check-in or late check-out request must be directed and reconfirmed with hotel directly Checkin Time 12 pm Checkout time : 10 am,Parking Facilities Available|Suitable For Children|Room Service (24 Hours)|Parking Facility,Signature Crest Cochin
Kalimpong,The standard check-in time is 12:00 PM and the standard check-out time is 12:00 PM. Early check-in or late check-out is strictly subjected to availability and may be chargeable by the hotel. Any early check-in or late check-out request must be directed and reconfirmed with hotel directly We do not allow unmarried / unrelated couples to checkin. This is at full discretion of the hotel management. No refund would be applicable in case the checkin is denied under such circumstances,Doctor on Call|Front Desk|Parking Facility|Room Service|First-Aid Kit at Front Desk,Silk Route Resort
