Place Name,Rating,About Place,Best Time To Visit
Aurangabad,3.3,"Aurangabad, which was declared by the Government as the Tourism Capital of Maharashtra back in 2010, is a famous tourist hub which greets its visitors with a richly woven tapestry of sights and sounds. The city got its name for being the erstwhile capital of Mughal Emperor Aurangzeb in the 17th cent...",October to March
Jammu,3.6,"Jammu is the southernmost-part of the union territory of Jammu and Kashmir which sits proudly on the magnificent Shivalik mountain ranges. The Winter Capital of Kashmir, Jammu is a holy and peaceful city known for its majestic temples, religious shrines, glittering ""shikhars"", and cultural heritage....",September to March
Dehradun,3.3,"Nestled amidst the Doon Valley in the state of Uttarakhand, Dehradun city is a very popular hill station that beckons solo travellers, families and couples alike. Winter Capital of Uttarakhand, it proudly boasts of a scenic backdrop of the Garhwal Himalayas. Dehradun is located at an altitude of 140...",Throughout the year
Puri,4.0,Puri in Odisha is one of the four must-visit pilgrimage sites for Hindus because of Jagannath Temple that forms the part of Char Dham in India. Puri is a beach city located on the coast of Bay of Bengal which is one of the favourites among people of West Bengal for a short trip.,July to March
Cherrapunji,4.0,"Earlier the wettest place on the Earth, Cherrapunji in Meghalaya, also known as Sohra, is known for its double-decker living root bridge. Located around 50 Kms from Shillong, this sub-divisional town is famous for its rich flora and natural attractions. Although Mawsynram is now the wettest pla...",September to May
Bikaner,3.6,"Located in the midst of Thar Desert, Bikaner is a ""cultural paradise and a traveller's haven"". Bikaner with its magnificence in architecture, art and culture is filled with colour, festivity and cultural marvels.The city will mesmerize you with the camels sauntering the beautiful sand dunes, it...",October to March
Shimoga (Shivamogga),3.3,"With nature in its full bloom, the town of Shimoga has been home to several great dynasties and kingdoms. Packed with several marvels of nature in the form of picturesque landscape, gorgeous waterfalls, mystical temples and lush green surroundings, its raw beauty will leave you absolutely enchanted....",July to December
Hogenakkal,3.6,"Hogenakkal is a waterfall located in Dharmapuri district of Tamil Nadu where the Kaveri river splits into multiple streams of waterfalls. Located at a distance of 180 km from Bangalore, Hogenakkal has water throughout the year. The carbonite rocks, the coracle (basket boat) rides, freshwater fish, o...",October to March
Gir National Park,3.8,"Gir National Park and Wildlife Sanctuary is the only remaining home for the Asiatic Lions. Located in Talala Gir in Gujarat, the Sanctuary is a part of Kathiawar- Gir dry deciduous forests ecoregion. Gir National Park is closed from 16 June to 15 October every year and the best time for wildlife spo...",July to March
Kasauli,3.7,"Located on the way from Chandigarh to Shimla, Kasauli is a hilly cantonment town which makes for an ideal peaceful holiday location, especially for a weekend getaway.",Throughout the year
Pushkar,3.6,"Pushkar, a small temple town, is located around 15 km from Ajmer in Rajasthan. Every November, Pushkar is host to the Pushkar Mela, one of the biggest camel fairs in the country. Perfect choice for a weekend getaway from Jaipur, Pushkar is located amid Aravali ranges. Known for the world's only dedi...",October to March
Chittorgarh,3.6,"The capital of the erstwhile kingdom of Mewar, Chittorgarh is a land of forts, citadels, ruins, and immortal folklore of sacrifice and heroism. Located in South-Eastern Rajasthan, Chittorgarh is known for Chittorgarh Fort, the largest fort in India built on a hilltop, spreading over an area of aroun...",October to March
Nahan,3.6,"Away from the buzzing crowd of the city, Nahan is a perfect romantic getaway. Lying among the lofty Shivalik range overlooking lush green fields, dirt free roads and clean streets, this small hill station serves as an ideal holiday destination.",April to September
Lavasa,3.6,"Known as India's newest hill station, the Lavasa Corporation is constructing this private city. The city is a beautiful project, stylistically based on the Italian town Portofino. Spreading across 7 hills, covering an area of 25000 acres, Lavasa is a perfect blend of beauty and infrastructure.",Throughout the year
Poovar,3.7,"Poovar is a small rustic town situated 27 kms from Thiruvananthapuram with unspoilt, unexplored golden sand beaches and beautiful backwaters of Kerala.",August to March
Honnemaradu,3.3,"Honnemaradu is a small cosy village, by the Honnemaradu Reservoir. The site is set in the middle of a valley and a weekend getaway to this place is nothing less than an adventure camp. The little village has very few people, and the only attraction is the water sports done at the Honnemaradu la...","October to December, March to Apr"
Mysore,4.0,"Famously known as The City of Palaces, it wouldn’t be wrong to say that Mysore, currently Mysuru, is one of the most important places in the country regarding ancient reigns. It is replete with the history of its dazzling royal heritage, intricate architecture, its famed silk sarees, yoga, and ...",Throughout the year
Chandigarh,3.6,"Chandigarh, a union territory that is the capital of both Punjab as well as Haryana, is India's first planned city. A traditionally Punjabi city at heart with a healthy dose of modernity, Chandigarh's food and gedi culture (a leisure drive or ride the city) is what the capital is really known for.&n...",August to March
Visakhapatnam,3.6,"Visakhapatnam, also commonly known as Vizag, is one of the oldest port cities in the country. Situated in the heart of Andhra Pradesh, Visakhapatnam is known for its picturesque beaches and serene landscape, as well as a rich cultural past. The port of Visakhapatnam is renowned for being home to the...",September to March
Lonavala,4.0,"Situated in the Sahyadri range of the Western Ghats close to Pune and Mumbai, Lonavala is the most visited hill station in Maharashtra and the place to be during monsoons. With lots of waterfalls, lakes and hills around, it is a popular destination for camping, trekking and other...",Throughout the year
Wayanad,4.3,"Replete with waterfalls, historical caves, comfortable resorts and homestays, Wayanad in Kerala is famous for its spice plantations and wildlife. Walking through the sprawling spice plantations, trekking to the pre-historic caves and experiencing a resort holiday are one of the many things you can d...",Throughout the year
Mount Abu,4.1,"The only hill station of Rajasthan, its cool atmosphere and lush green surroundings make it a major tourist spot within the state. The most important attraction, however, are undoubtedly the Dilwara temples, which is one of the most stunning piece of architecture in the country. If you are a history...",October to March
Hampi,4.6,"Hampi, the city of ruins, is a UNESCO World Heritage Site. Situated in the shadowed depth of hills and valleys in the state of Karnataka, this place is a historical delight for travellers. Surrounded by 500 ancient monuments, beautiful temples, bustling street markets, bastions, treasury building an...",October to March
Gulmarg,4.1,"Situated at an altitude of 2730 m above sea level, Gulmarg is a popular skiing destination located in Pir Panjal Range of Union territory of Jammu and Kashmir. Surrounded by snow-covered lofty Himalayas, meadows of flowers, deep ravines, evergreen forested valleys, Gulmarg also has the world's secon...",October to June
Almora,3.6,"Cradled in the wilderness of Himalayan ranges, the sprawling town of Almora shaped like a horse-shoe is a hill station that boasts of a pre-British heritage and an adyllic vibe.",Throughout the year
Shirdi,3.6,"The home of great saint Sai Baba, Shirdi is a religious site close to Nasik with various temples apart from the famous Sai Baba temple and a few historical sites.",July to March
Auli,4.0,"Dotted with the apple orchards, old oaks, and pine trees there is no dearth of natural beauty in Auli. Apart from skiing you can also go for numerous treks in the hills of Garhwal Himalayas and enjoy the spellbinding views of the snow-draped mountains. Auli is a popular hill resort in the Himalayan ...",Throughout the year
Madurai,3.6,"Madurai, the cultural capital of Tamil Nadu, is one of the oldest continuously inhabited cities of India. Ruled by Pandya kings for the longest time in its history, it is called as the 'Lotus City' as it was planned and built in the shape of a lotus. Madurai is known for Meenakshi Amm...",October to March
Amarnath,3.5,"Amarnath, located in union territory of Jammu and Kashmir is one of the most important pilgrimage in India for the worshippers of Lord Shiva. The Amarnath cave has an enshrined Shivaling formed naturally with ice, which resembles Lord Shiva.",May to September
Bodh Gaya,4.0,"Bodh Gaya is a Buddhist pilgrimage site in Gaya District of Bihar. Famous for the Mahabodhi Temple, It was here under the Bodhi tree that Gautama Buddha attained enlightenment.",October to March
Ujjain,3.5,"Ujjain, considered to be one of the holiest cities of India, is an ancient city situated on the eastern bank of the Shipra River in the Malwa region of Madhya Pradesh. Ujjain is one of the four sites for the Kumbh Mela, the largest peace-time gathering on the planet that attracts 100 million people ...",October to March
Pachmarhi,3.9,"Pachmarhi is the only hill station and is the highest point in Madhya Pradesh. Pachmarhi is also often known as ""Satpura ki Rani"" or the ""Queen of the Satpura Range"". Situated at an altitude of 1,067 metres, the picturesque town is a part of UNESCO Biosphere Reserve, home to leopards ...",Throughout the year
Mahabaleshwar,4.0,"Mahabaleshwar is a hill station located in the Western Ghats, in Satara district of Maharashtra. Apart from its strawberries, Mahabaleshwar is also well known for its numerous rivers, magnificent cascades and majestic peaks. It is among the most sought after weekend getaways from Mumbai.",October to June
Nashik,3.4,"Nasik is a religious Hindu city, host to the Kumbh Mela every 12 years. It also makes for a perfect wine tasting destination.",July to March
Tirupati,4.4,"Situated in the Chittoor district of Andhra Pradesh, Tirupati is known for Lord Venkateshwara Temple, one of the most visited pilgrimage centres in the country. Tirumala is one of the seven hills in Tirupati, where the main temple is located. The temple is believed to be placed where Lord Venkateshw...",September to March
Gwalior,3.4,"Gwalior is a historic city located in the state of Madhya Pradesh. Popular because of the hilltop fort, Gwalior is full of palaces and glorious temples giving this city a majestic charm which speaks volumes of its glorious past.",July to March
Mathura,3.8,"One of Hinduism's seven sacred cities, Mathura is the birthplace of the very beloved Lord Krishna. Located in the state of Uttar Pradesh, Mathura and Vrindavan are often considered twin cities (located only 10km away from each other). Mathura is a small town dotted with temples from various ages and...",October to March
Jog Falls,3.9,"The second-highest plunge waterfall in India, Jog Falls is a major tourist attraction in Karnataka and is the highest waterfall in the state. Second, to the Nohkalikai Falls of Meghalaya, Jog falls drops about a huge 253 m (850 ft. ) in a single fall. However, due to the construc...",July to December
Alibag,3.7,"A little coastal town tucked away in the Konkan region of Maharashtra, Alibag or Alibaug is a very popular weekend getaway and has earned itself the name of 'mini-Goa', owing to the high tourist footfall all year round. Steeped in colonial history, Alibaug is a quaint little town located about ...",November to March
Rameshwaram,3.3,"Rameshwaram is one of the holiest places in India and is located on a beautiful island. It is separated by a small Pamban channel from Sri Lanka. According to the Hindu mythology, this is the place where Lord Rama created a bridge across the sea to Sri Lanka.",Throughout the year
Vrindavan,3.7,"One of the oldest cities on the banks of Yamuna, Vrindavan is considered to be one of the most important places of pilgrimage for the devotees of Krishna. It is said that Lord Krishna had spent his childhood in Vrindavan. The name of the city has been derived from Vrinda (meaning basil) and van (mea...",October to March
Coimbatore,3.4,"Often termed as 'Manchester of South India', Coimbatore, the second-largest city in Tamil Nadu, photographically situated on the banks of River Noyyal. Coimbatore, also known as Kovai, is a welcoming area with the backdrop of hustle-bustle and charm of activity and industry. From ancient temple...",September to March
Lucknow,3.7,"The capital and the largest city of Uttar Pradesh, Lucknow, situated on the banks of river Gomti, welcomes you with a heartwarming note of ""Muskuraiyein, kyunki aap Lucknow mein hai"". A city of kebabs and nawabs, of architecture and history, of literature and culture – that is Lucknow in a nuts...",October to March
Digha,3.9,"Beach town situated on the shores of Bay of Bengal, Digha is a popular tourist destination known for its untouched beaches and scenic views, especially among people in West Bengal.",July to March
Dharamshala,3.5,"Dharamshala or Dharamsala city is located in Kangra district at a distance of 18 km from Kangra city. Dharamsala is separated as upper and lower divisions with different altitudes. The lower division is the Dharamsala town itself. whereas, the upper-division is located 3km away and popularly known a...",October to June
Kovalam,4.2,"Kovalam is an idyllic coastal town located around 13 km from Thiruvananthapuram in Kerala. Famous for its three adjacent crescent-shaped shallow water and low tidal beaches, Kovalam is dotted with resorts and ayurvedic massage centres.",September to March
Kaziranga National Park,3.4,"Home to the largest population of the one-horned rhino on earth, Kaziranga National Park is one of India’s national treasures in terms of flora and fauna. Located in the state of Assam in North-Eastern India, its total area is shared by the districts of Nagaon, Golaghat and Karbi Anglong placing it ...",October to June
Madikeri,4.0,"Generally covered as a part of trips to Coorg, Madikeri is a hill town in Karnataka with vast coffee plantations, lush forests and misty hills, all culminating into a breathtaking view. Located in Kodagu District around 6 hours from Bengaluru, Madikeri is a perfect weekend getaway. There is no ...",February to September
Matheran,4.3,"Nestled amidst the Sahyadri range on the Western Ghats, Matheran is a cosy little hill station that stands at an elevation of 2600 feet above sea level, and is just 100 kilometres away from Mumbai, making it the perfect weekend getaway. With its name literally translating to “overhead forest”, Mathe...",Throughout the year
Ranthambore,4.2,"This is one of the best tiger reserves of the country, known to have ""friendly"" tigers and chances of sighting one here is reasonably better than many other tiger reserves of India. Along with this Ranthambore has one of the richest flora and fauna making it an absolutely must visit area",October to Apr
Jim Corbett National Park,3.7,"Jim Corbett National Park is the oldest national park set amidst the foothills of the Himalayas in the Nainital district of Uttarakhand. Known for housing the endangered Bengal tiger, Corbett National Park is part of the larger Corbett Tiger Reserve.",Mid October to Mid June
Kasol,4.2,"Kasol is a quaint little village in Himachal situated along the banks of the river Parvati. Commonly known as the 'Amsterdam of India', Kasol is a tourist attraction that is rapidly gaining fame as a popular hub for trekkers, backpackers, and nature lovers. Kasol is situated 23 kms from Bhuntar and ...",October to June
Agartala,3.6,"Home to the Manikya Kings in the past, Agartala is the perfect mix of natural beauty combined with diverse and rich culture.",Throughout the year
Khandala,3.5,"Khandala is a popular hill station in Maharashtra, perched on the foothills of Sahyadri in the Western Ghats. Khandala provides for a perfect weekend respite for the Mumbai population, with its scenic valleys, grassy hills, serene lakes and misty waterfalls.",Throughout the year
Kalimpong,3.7,"Kalimpong is a virgin hill station in West Bengal renowned for its panoramic valley views, Buddhists monasteries and churches and Tibetan handicrafts etc.","March to June, September to December"
Thanjavur,3.9,"Also known as Tanjore or the city of temples, Thanjavur has a lot of cultural value and is known for its famous Tanjore paintings, antiques and handicrafts, textiles and saris , its Carnatic music and musical instruments and of course the temples.",October to March
Bhubaneswar,3.4,"Bhubaneswar, the temple city of India, once known for its architecture and grand temples, is presently a thriving centre for commerce and business.",October to March
Ajmer,3.5,"Surrounded by Aravali ranges, the city of Ajmer is most famous for the Ajmer Sharif Dargah of saint Muin-ud-din Chishti. Located at a distance of 130 km from Jaipur and 14 kms from Pushkar in Rajasthan, the city is firmly bound by its traditions and culture. Ajmer has a unique charm which ...",October to March
Goa,4.5,"Lying on the western coast, Goa is India's smallest state and unlike any other, known for its endless beaches, stellar nightlife, eclectic seafood, world-heritage listed architecture. Spread across just 3,702 km, Goa lies in the Konkan region. It is a far cry from the hippie haven or ...",October to March
Manali,4.5,"Nestled in between the snow-capped slopes of the Pir Panjal and the Dhauladhar ranges, Manali is one of the most popular hill stations in the country. With jaw-dropping views, lush green forests, sprawling meadows carpeted with flowers, gushing blue streams, a perpetual fairy-tale like mist lingerin...",October to June
Andaman & Nicobar Islands,4.5,"Replete with picturesque shimmering beaches, lagoons of turquoise blue waters and a bit of history, Andaman & Nicobar Islands is a little slice of paradise tucked around 1,400 km away from the east coast of India. The union territory comprises a total of 572 islands, only 37 of which are inhabit...",October to Jun
Coorg,4.2,"Located amidst imposing mountains in Karnataka with a perpetually misty landscape, Coorg is a popular coffee producing hill station. It is popular for its beautiful green hills and the streams cutting right through them. It also stands as a popular destination because of its culture and people....",October to March
Agra,4.2,"Located on the banks of River Yamuna in Uttar Pradesh, Agra is a popular tourist destination as it is home to one of the 7 wonders of the world, the Taj Mahal. It is a sneak peek into the architectural history and legacy of the Mughal empire with two other UNESCO World Heritage S...",October to March
Udaipur,4.5,"Udaipur, also known as the City of Lakes, is the crown jewel of the state of Rajasthan. It is surrounded by the beautiful Aravalli Hills in all directions, making this city as lovely as it is. This 'Venice of the East' has an abundance of natural beauty, mesmerising temples and breathtaking architec...",October to March
Jaipur,4.3,"Jaipur is a vibrant amalgamation of the old and the new. Also called the Pink City, the capital of the royal state of Rajasthan, was ruled by the Rajputs for many centuries and developed as a planned city in the 17th century AD. Along with Delhi and Agra, Jaipur forms the Golden Triangle and ha...",October to March
Leh Ladakh,4.7,"Ladakh is a union territory in the Kashmir region of India. Formerly falling in the state of Jammu & Kashmir, Ladakh was administered a union territory on 31st October 2019. Extending from the Siachen Glacier to the main Great Himalayas, Ladakh is a land like no other.",Jun to Sep
Delhi,4.2,"The capital of India, Delhi is a cosmopolitan city with a historic old Delhi and the modern New Delhi. From historical monuments to crowded shopping malls, from an extensive network of the modern metro system to Delhi University campus, Dilli has multiple personalities and is considered to be the ci...",October to March
Varanasi,4.2,"World's oldest living city, Varanasi - also known as Kashi (City of Life) and Benaras, is the spiritual capital of India. It is one of Hinduism's seven holy cities. The old city of Varanasi lies along the western banks of the Ganges, spread across a labyrinth of narrow galis. Be&...",October to March
Jaisalmer,4.3,"Jaisalmer is a major tourist spot located in the northwestern state of Rajasthan in India. It is known as the 'golden city' due to its bounteous golden dunes and castles clad in golden honey sandstone. Jaisalmer is adorned with lakes, ornate Jain temples and havelis. Climb on to the camel ...",October to March
Mumbai,4.2,"Mumbai, the capital city of the Indian state of Maharashtra, is a spectacular paradox of chaos and hope, glamour and squalor, modernity and tradition. Famously known as the City of Dreams, Mumbai – formerly known as Bombay - Mumbai is a beautifully blended melting pot of cultures and lifestyles.",October to February
Rishikesh,4.3,"Located in the foothills of the Himalayas along the convergence of Ganga and Chandrabhaga River, Rishikesh is a small town in the Dehradun district, located close to Haridwar in Uttarakhand. Rishikesh (also called as Hrishikesh) is known for its adventure activities, ancient temples, popular ca...",Throughout the year
Alleppey,4.5,"Officially called Alappuzha, Alleppey is a city in the South Indian state of Kerala. Bordering the Laccadive Sea, it is known for its wide network of interlinking, palm-fringed canals called backwaters and rejuvenating Ayurvedic resorts. Allepey is also popular for its Houseboat cruises that pa...",June to March
Munnar,4.5,"Munnar is a popular hill-station of Kerala perched at an altitude of 1600 metres in the Western Ghats. Famous for its tea estates, various shades of green, blankets of mist and craggy peaks, Munnar is aptly known as the 'Kashmir of South India'.",September to May
Bangalore,4.0,"Having evolved gradually from being the Garden city to the Silicon Valley of India, Bangalore is India's third-largest city. Bangalore is loved for its pleasant weather, beautiful parks and the many lakes here. Bangalore is renowned for its eateries, street food corners, quirky cafes, coffee ro...",Throughout the year
Varkala,4.2,"Varkala is a coastal town in the southern part of Kerala known for the unique 15m high 'Northern Cliff' adjacent to the Arabian Sea. It is popular for its hippie culture, shacks on the cliff serving great seafood and playing global music and the samadhi of Kerala's saint Sree Narayana Guru...",Throughout the year
Jodhpur,3.9,"Also known as the ""The Blue City"", ""Sun City"" and ""Gateway to Thar"", Jodhpur is famous for its Mehrangarh fort, blue houses, temples, sweets and snacks. Apart from the fort, there are multiple temples, lakes, shopping streets that are like a mirage from a bygone era.",November to February
Shimla,4.2,"Shimla is the capital Himachal Pradesh in India and a popular hill-station among Indian families and honeymooners. Situated at the height of 2200m, Shimla was the summer capital of British India. Shimla still retains its old-world charm with beautiful colonial architecture, pedestrian-friendly ...",October to June
Gangtok,4.4,"Incredibly alluring, pleasantly boisterous and wreathed in clouds - Gangtok, the capital of Sikkim, is one of the most popular hill stations in India. Lying at the height of 1650 m above sea level, the town during its bright sunny days offers spectacular views of Mt. Kanchenjunga. Gangtok is a base ...",Throughout the year
Srinagar,4.5,"Famously known as ‘Heaven on Earth’, Srinagar is located in the union territory of Jammu & Kashmir, on the banks of river Jhelum. As picturesque as the most stunning painting to ever be painted, Srinagar is known for the stationary houseboats and colourful Shikararas on Dal Lake.",April to October
Darjeeling,4.3,"Jaw-dropping locales, mesmerising sunrises, the untouched beauty of the hills, the old-world charm of the past, and the welcoming smiles of the local people all add up to make Darjeeling one of the most beautiful hill stations in Eastern part of India. Spread over a steep mountain ridge, nestle...","February to March, September to December"
Kolkata,4.1,"Kolkata, India's second biggest city, is a perpetually ongoing festival of human existence, concurrently luxurious and squalid, refined and frantic, pointedly futuristic, while beautifully in decay. A vibrant 350-year-old metropolis located on India's Eastern Coast, the capital of West Bengal thrive...",October to March
Amritsar,4.3,"Home of the glorious Golden Temple, the iconic city of Amritsar, portrays the heroic character of the Punjab. A day in this peaceful city starts with the spiritual prayers from Gurudwaras. The original name of first the ancient lake, then of the temple complex, and later the surrounding ci...",October to March
Nainital,4.3,"The gem of Uttarakhand - Nainital is a charming hill station that sits prettily at the green foothills of the Kumaon ranges in the Himalayas. Located at an elevation of around 1938 metres, Nainital is located and developed around the beautiful Naini Lake, after which the town is named.&nbs...",Throughout the year
Ooty,4.1,"Nestled amidst Nilgiri hills, Ooty, also known as Udagamandalam, is a hill station in Tamil Nadu which serves as a top-rated tourist destination. Once regarded as the summer headquarters of the East India Company, the Queen of the hills is a picturesque getaway.",Throughout the year
Hyderabad,4.0,"A city of contrasts, Hyderabad exudes an old-world charm of its own with the Old City (Charminar side), Hitech City (Cyberabad) and the other areas lying between the old and the new. The capital and the largest city of Telanaga, Hyderabad is home to stately mosques and noisy bazaars lined ...",September to March
Mussoorie,3.8,"Mussoorie is one of the most popular hill stations located at a distance of 290 km from Delhi in Dehradun district of Uttarakhand. With a backdrop of Shivalik range of Himalayas and doon valley, Mussoorie, also known as Queen of The Hills, stands at an altitude of 7000 feet above sea level and has a...",September to June
Pondicherry,4.0,"Pondicherry, officially known as Puducherry, and commonly referred to as just Pondy, is one of the seven Union Territories of India which is bounded by the southern state of Tamil Nadu. This former French colony is a perfect amalgamation of the traditional Indian sensibilities an...",October to March
Khajuraho,4.2,"Khajuraho, a UNESCO World Heritage Site located in Madhya Pradesh, is known around the world for its stunning temples adorned by erotic and sensuous carvings. A small town located in the Bundelkhand region, Khajuraho is a brilliant example of Indian architecture and its culture back in the medi...",July to March
Chennai,3.5,"Formerly known as Madras, Chennai is the capital city of the state of Tamil Nadu, in the southern part of India. Located on the Coromandel coast of Bay of Bengal, Chennai is as dynamic as it is immersed in tradition. This 'capital of the south', is one among the four metropolitan siblings of In...",October to March
Vaishno Devi,4.3,"Vaishno Devi is a temple town that's home to the famous Vaishno Devi Mandir. Popularly known as Mata Rani, Vaishnavi and Trikuta, Vaishno Devi is a manifestation of the Hindu Goddess Durga. Located in Trikuta hills, 13 kms from Katra (in the union territory of Jammu and Kashmir); this renowned shrin...",Throughout the year
Dalhousie,4.0,"The tiny tinsel town of Dalhousie is a paradise tucked away in the lap of Himachal Pradesh. It boasts of old-world charm, mesmerising natural landscapes, pine-clad valleys, flower-bedecked meadows, fast-flowing rivers and magnificent misty mountains. This hill station was one of the favourite summer...",Throughout the year
Ajanta and Ellora Caves,4.3,"Ajanta and Ellora caves, considered to be one of the finest examples of ancient rock-cut caves, are located near Aurangabad in Maharashtra, India. Ajanta and Ellora caves complex is adorned with beautiful sculptures, paintings, and frescoes and include Buddhist monasteries, Hindu and Jain temples. T...",June to March
Haridwar,3.6,"Haridwar, considered to be among the seven holiest cities in India, is an ancient city located on the banks of River Ganga in the Garhwal region of Uttarakhand. Dotted with temples, ashrams and narrow lanes across the city, Haridwar is a famous Hindu temple town where millions of devotees come to ta...",Throughout the year
Kanyakumari,3.6,"Bordered by the three seas - Arabian, Indian and the Bay of Bengal, Kanyakumari is the southernmost tip of Indian Peninsula. A small coastal town in the state of Tamil Nadu, Kanyakumari was earlier known as Cape Comorin. The town is a mountainous terrain amid three seas, with ele...",October to February
Mcleodganj,4.3,"Mcleodganj is a hill station near Dharamshala, popular among trekkers. Located in Kangra district, Mcleodganj's culture is a beautiful blend of Tibetan with some British influence.",October to June
Pune,3.3,"Pune is a bustling metropolis of Maharashtra, ranked number one in India in the ease of living. Often referred to as the Oxford of the East, it is a hub of diverse people and activities and is in rapidly growing into one of the top metropolitan cities in the country. Pune is a city that pe...",July to March
Kodaikanal,4.4,"Located in the state of Tamil Nadu, Kodaikanal is one of the most famous honeymoon destinations in India. A Lakeside resort town of Tamil Nadu, Kodaikanal has a beautiful climate, mist-covered manicured cliffs and waterfall that come together to create the ideal setting for a perfect getaway. Kodaik...",September to May
Kochi,3.8,"Situated on the south-west coast of India, Kochi or Cochin is a bustling commercial port city with a trading history that dates back to at least 600 years. Called as the Queen of the Arabian Sea, the city is the financial, commercial and industrial capital of Kerala.",July to April
Ahmedabad,3.3,"A rapidly growing metropolis, an industrial hub, an educational hotspot, and a city with a magnificent past – Ahmedabad is one of the most important cities in Gujarat. Located on the banks of the Sabarmati River, Ahmedabad is the former capital of Gujarat, and its delicious food, colourful culture i...",October to March
Kanha National Park,3.5,"Located in a central region of Madhya Pradesh, Kanha National Park is the largest National Park in central India and has been ranked as one of the best parks in Asia. Among the 22 species of large mammals, the royal Bengal tigers are one of the major attractions. One of the best tiger reserves in In...",October to June
Baragarh Regency,4.0,The standard check-in time is 12:00 PM and the standard check-out time is 12:00 PM. Early check-in or late check-out is strictly subjected to availability and may be chargeable by the hotel. Any early check-in or late check-out request must be directed and reconfirmed with hotel directly Doctor on Call|Dry Cleaning|Laundry Service Available|Lobby|Parking Facilities Available|Gardens|Dance Performances (on demand)|Catering|Multi Lingual Staff|Wake-up Call / Service|Suitable For Children|Kitchen available (home cook food on request)|Open Air Restaurant / Dining |Veg / Non Veg Kitchens Separate |Vegetarian Food / Jain Food Available|Car Rental|Taxi Services|Food Facility|Internet Access Free|Children's Park|Postal / Parcel Services| Cook Services|Air / Rail Booking|Courier Service|Guide / Sightseeing Service|Internet / Fax (Reception area only)|RO Water Purification System|Parking Facility|Internet Access|Restaurant|Room Service|Fire Exit Signs|Full Time Operation for All 7 Days|Porter Services Available|Security at All Hotel Entrances|Suites,
Asian Suites A- 585,4.0,The standard check-in time is 12:00 PM and the standard check-out time is 12:00 PM. Early check-in or late check-out is strictly subjected to availability and may be chargeable by the hotel. Any early check-in or late check-out request must be directed and reconfirmed with hotel directly 1. All guests requested to carry Valid ID proof for Check Inn. 2. Couple Guests with Local ID's are not allowed to check inn. 3. Cancellation and prepayment policies vary according to room type. Airport Transfer Available / Surcharge|Banquet Facilities|Business Center |Currency Exchange|Doctor on Call|Health Club / Gym Facility Available|Laundry Service Available|Lift / Elevator|Lobby|Parking Facilities Available|Front Desk|Locker Facility|Major Credit Cards Accepted|24 Hour Front Desk|Luggage Storage|Power Backup,
Bevvan Resort,4.0,"The standard check-in time is 12:00 PM and the standard check-out time is 10:00 AM. Early check-in or late check-out is strictly subjected to availability and may be chargeable by the hotel. Any early check-in or late check-out request must be directed and reconfirmed with hotel directly Resort is undergoing minor external repair/maintenance, inconvenience regretted Hotel may charge compulsory gala dinner supplement on Christmas / New Year's eve or other festive periods. Any such supplements need to be paid directly at the hotel. Swimming Pool|Bar / Lounge |Laundry Service Available|Multi Cuisine Restaurant",
Apple Inn Cottage,4.0,The standard check-in time is 12:00 PM and the standard check-out time is 12:00 PM. Early check-in or late check-out is strictly subjected to availability and may be chargeable by the hotel. Any early check-in or late check-out request must be directed and reconfirmed with hotel directly Doctor on Call|Dry Cleaning|Laundry Service Available|Parking Facilities Available|Local Tour / Travel Desk|Car Rental,
Anmol Hotel Pvt.Ltd,4.0,The standard check-in time is 12:00 PM and the standard check-out time is 12:00 PM. Early check-in or late check-out is strictly subjected to availability and may be chargeable by the hotel. Any early check-in or late check-out request must be directed and reconfirmed with hotel directly Unmarried couples are not allowed for check in. Guests with local Delhi NCR ID will not be allowed for check-in. Internet Access - Surcharge|Laundry Service Available|Parking Facilities Available|Multi Cuisine Restaurant |Local Tour / Travel Desk|Medical Assistance Available|Power Backup,
Baia Do Sol (A Boutique Beach Resort),4.0,"The standard check-in time is 02:00 PM and the standard check-out time is 12:00 PM. Early check-in or late check-out is strictly subjected to availability and may be chargeable by the hotel. Any early check-in or late check-out request must be directed and reconfirmed with hotel directly Mandatory  Gala Dinner on 31st Dec at Rs. 1500/- per person. Children below 10 years @ Rs. 750 Gala dinner charges directly payable at the hotel No check out allowed on 25 Dec, 31st Dec  and 1 Jan Hotel may charge compulsory gala dinner supplement on Christmas / New Year's eve or other festive periods. Any such supplements need to be paid directly at the hotel. Airport Transfer Available / Surcharge|Bar / Lounge |Internet Access - Surcharge|Laundry Service Available|Lobby|Non Smoking Rooms|Parking Facilities Available|Front Desk|Locker Facility|24 Hour Front Desk|Doorman|Power Backup|Newspapers In Lobby|Family Room|Room Service (24 Hours)",
Balaji Residency,4.0,The standard check-in time is 12:00 PM and the standard check-out time is 12:00 PM. Early check-in or late check-out is strictly subjected to availability and may be chargeable by the hotel. Any early check-in or late check-out request must be directed and reconfirmed with hotel directly Doctor on Call|Lobby|Front Desk|Power Backup|Internet Access Free|Newspapers In Lobby,
BB Palace-A Boutique Hotel,4.0,The standard check-in time is 12:00 PM and the standard check-out time is 12:00 PM. Early check-in or late check-out is strictly subjected to availability and may be chargeable by the hotel. Any early check-in or late check-out request must be directed and reconfirmed with hotel directly Hotel may charge compulsory gala dinner supplement on Christmas / New Year's eve or other festive periods. Any such supplements need to be paid directly at the hotel. Banquet Facilities|Barbecue Area|Business Center |Concierge|Currency Exchange|Doctor on Call|Dry Cleaning|Laundry Service Available|Lift / Elevator|Lobby|Non Smoking Rooms|Parking Facilities Available|Front Desk|Multi Cuisine Restaurant |Locker Facility|Secretarial Services|Local Tour / Travel Desk|Major Credit Cards Accepted|24 Hour Front Desk|Luggage Storage|Doorman|Medical Assistance Available|Air-Conditioning - Central|Welcome Drinks|Power Backup|Audio - Visual Equipment|Multi Lingual Staff|Wake-up Call / Service|Suitable For Children|Separate Sitting Area|Coffee Shop / Cafe|Conference Facility |ATM / Banking|Veranda|Open Air Restaurant / Dining |Veg / Non Veg Kitchens Separate |Vegetarian Food / Jain Food Available|Car Rental|Express Laundry|Water Dispenser Available|Taxi Services|Board Room|Rooftop Garden|Food Facility| Drivers Rest Room|Internet Access Free|Newspapers In Lobby|Family Room|Room Service (24 Hours)|STD / ISD|Baggage Room|Adjoining Rooms|RO Water Purification System|Outdoor Parking - Secured|Parking Facility|Internet Access|Restaurant|Room Service|CCTV|Full Time Operation for All 7 Days|Paid Transfers|Pest Control Facility|Public Restrooms|Stamps and Mailing Facility,
Art Inn Homestay,4.0,The standard check-in time is 02:00 PM and the standard check-out time is 12:00 PM. Early check-in or late check-out is strictly subjected to availability and may be chargeable by the hotel. Any early check-in or late check-out request must be directed and reconfirmed with hotel directly  Hotel may charge gala dinner supplement on Christmas/New Years eve or other festive periods. Which needs to be paid directly at the hotel.As per the govt. guidelines valid govt. issued id proofs are required to be presented at the Time of C/in. Doctor on Call|Lobby|Front Desk|Local Tour / Travel Desk,
Arjun Homestay,4.0,"The standard check-in time is 02:00 PM and the standard check-out time is 12:00 PM. Early check-in or late check-out is strictly subjected to availability and may be chargeable by the hotel. Any early check-in or late check-out request must be directed and reconfirmed with hotel directly Booking rates will not be valid for Christmas  New year dates, High season  long weekend dates  extra supplement will be charged over  above the paid rates as per actual  hotel discretion Doctor on Call|Front Desk|24 Hour Front Desk",
Ashirwad Homestay,4.0,The standard check-in time is 12:00 PM and the standard check-out time is 12:00 PM. Early check-in or late check-out is strictly subjected to availability and may be chargeable by the hotel. Any early check-in or late check-out request must be directed and reconfirmed with hotel directly We will require ID proof of all guest including spouses and fiances. Checkout is 12 noon which can be flexible depending on guest booking for that particular day. Business Center |Doctor on Call|Dry Cleaning|Laundry Service Available|Parking Facilities Available|Welcome Drinks|Power Backup|Gardens|Conference Facility |Kitchen available (home cook food on request)|Car Rental|Board Room|Internet Access Free|Newspapers In Lobby|Children's Park| Cook Services|Parking Facility|Room Service,
Apna Ghar- Sector 46,4.0,The standard check-in time is 12:00 PM and the standard check-out time is 12:00 PM. Early check-in or late check-out is strictly subjected to availability and may be chargeable by the hotel. Any early check-in or late check-out request must be directed and reconfirmed with hotel directly Hotel may charge compulsory gala dinner supplement on Christmas / New Year's eve or other festive periods. Any such supplements need to be paid directly at the hotel. Airport Transfer Available / Surcharge|Doctor on Call|Dry Cleaning|Internet Access - Surcharge|Lift / Elevator|Lobby|Parking Facilities Available|Front Desk|Local Tour / Travel Desk|24 Hour Front Desk|Power Backup|Extra Person / Child - Share the same room|Internet Access Free|Newspapers In Lobby|Room Service (24 Hours)|Parking Facility,
Baba Guest House,4.0,The standard check-in time is 02:00 PM and the standard check-out time is 12:00 PM. Early check-in or late check-out is strictly subjected to availability and may be chargeable by the hotel. Any early check-in or late check-out request must be directed and reconfirmed with hotel directly We do not allow unmarried / unrelated couples to checkin. This is at full discretion of the hotel management. No refund would be applicable in case the checkin is denied under such circumstances Doctor on Call|Parking Facilities Available|Front Desk|Power Backup|Smoking Area |Internet Access Free|Courier Service|Parking Facility|Room Service,
Baragarh Villa,4.0,The standard check-in time is 12:00 PM and the standard check-out time is 12:00 PM. Early check-in or late check-out is strictly subjected to availability and may be chargeable by the hotel. Any early check-in or late check-out request must be directed and reconfirmed with hotel directly Doctor on Call|Lobby|Parking Facilities Available|Front Desk|24 Hour Front Desk|Gardens,
Annapurna Guest House,4.0,"The standard check-in time is 12:00 PM and the standard check-out time is 11:00 AM. Early check-in or late check-out is strictly subjected to availability and may be chargeable by the hotel. Any early check-in or late check-out request must be directed and reconfirmed with hotel directly AS PER GOVERNMENT DIRECTIVES IT IS MANDATORY FOR ALL GUEST TO SHOW THEIR PHOTO ID AT CHECK IN, WHICH CAN BE IN FORM OF PASSPORT AND VISA COPY/ DRIVING LICENSE/ VOTER ID CARD FAILING WHICH THE HOTEL RESERVES THE RIGHT OF REFUSAL. ",
ARAVINDAR RESIDENCY,4.0,The standard check-in time is 12:00 PM and the standard check-out time is 12:00 PM. Early check-in or late check-out is strictly subjected to availability and may be chargeable by the hotel. Any early check-in or late check-out request must be directed and reconfirmed with hotel directly Most hotels do not allow unmarried / unrelated couples to check-in. This is at full discretion of the hotel management. No refund would be applicable in case the hotel denies check-in under such circumstances . Internet Access - Surcharge|Laundry Service Available|Lift / Elevator|Parking Facilities Available|Front Desk|Locker Facility|Power Backup|Internet Access Free|Room Service (24 Hours)|Outdoor Parking - Secured,
Balaram Palace Resort,4.0,"The standard check-in time is 12:00 PM and the standard check-out time is 12:00 PM. Early check-in or late check-out is strictly subjected to availability and may be chargeable by the hotel. Any early check-in or late check-out request must be directed and reconfirmed with hotel directly *Valid Identification Documents/ Proof are Mandatory. *In case of any unusual/ improper/ suspicious act, Hotel can cancel Room. *Unmarried and unrelated couples will not be allowed to check in due to security reason. *Customer has to carry a copy of booking voucher at the time of check in. *Check Inn and Check Out is 12:00 Noon. After that half day charges will be applicable. *Early check-in or late check-out is strictly subjected to availability and may be chargeable by the hotel.  *Pets are not allowed. Banquet Facilities|Doctor on Call|Internet Access - Surcharge|Laundry Service Available|Lift / Elevator|Lobby|Parking Facilities Available|Front Desk|Locker Facility|Major Credit Cards Accepted|Doorman|Wake-up Call / Service|Car Rental|Guide / Sightseeing Service|Room Service",
Bhadrawati Safari Lodge,4.0,The standard check-in time is 12:00 PM and the standard check-out time is 12:00 PM. Early check-in or late check-out is strictly subjected to availability and may be chargeable by the hotel. Any early check-in or late check-out request must be directed and reconfirmed with hotel directly We do not allow unmarried / unrelated couples to checkin. This is at full discretion of the hotel management. No refund would be applicable in case the checkin is denied under such circumstances. Doctor on Call|24 Hour Front Desk|Room Service (24 Hours)|Room Service|CCTV,
AS Clarks inn,4.0,The standard check-in time is 01:00 PM and the standard check-out time is 11:30 AM. Early check-in or late check-out is strictly subjected to availability and may be chargeable by the hotel. Any early check-in or late check-out request must be directed and reconfirmed with hotel directly We do not allow unmarried / unrelated couples to checkin. This is at full discretion of the hotel management. No refund would be applicable in case the checkin is denied under such circumstances Pets are not allowed. Valid Photo ID required for check-in Doctor on Call|Laundry Service Available|Lift / Elevator|Parking Facilities Available|Front Desk|Power Backup|Campfire / Bon Fire|Internet Access Free|Outdoor Parking - Secured|Room Service|First-Aid Kit at Front Desk|Public Restrooms|Speciality Restaurant |Suites,
"Beautiful Alleppey Tours Two Bedroom, Alleppey",4.0,"The standard check-in time is 12:00 PM and the standard check-out time is 12:00 PM. Early check-in or late check-out is strictly subjected to availability and may be chargeable by the hotel. Any early check-in or late check-out request must be directed and reconfirmed with hotel directly Booking rates will not be valid for Christmas and New year dates, High season and long weekend dates  extra supplement will be charged over and above the paid rates as per actual and hotel discretion. Doctor on Call",
Ashiyana,4.0,The standard check-in time is 10:00 AM and the standard check-out time is 09:45 AM. Early check-in or late check-out is strictly subjected to availability and may be chargeable by the hotel. Any early check-in or late check-out request must be directed and reconfirmed with hotel directly Need ID proof at the time of check in Unmarried couples not allowed Business Center |Parking Facilities Available|24 Hour Front Desk|Internet Access Free|Room Service (24 Hours)|Outdoor Parking - Secured|Parking Facility|Suites,
ASHIRWAD LODGING,4.0,The standard check-in time is 12:00 PM and the standard check-out time is 12:00 PM. Early check-in or late check-out is strictly subjected to availability and may be chargeable by the hotel. Any early check-in or late check-out request must be directed and reconfirmed with hotel directly we do not allow Unmarried / unrelated Couples to check-in .This is at full discretion of the hotel management.No refund would be applicable in case the check-in denied under such circumstances. ID-proof mandatory to submit. Business Center |Doctor on Call|Laundry Service Available|24 Hour Front Desk|Power Backup|Room Service|CCTV,
Aqua Marina Drive Inn,4.0,The standard check-in time is 12:00 PM and the standard check-out time is 11:00 AM. Early check-in or late check-out is strictly subjected to availability and may be chargeable by the hotel. Any early check-in or late check-out request must be directed and reconfirmed with hotel directly Doctor on Call|Laundry Service Available|Parking Facilities Available|Front Desk|Multi Cuisine Restaurant |Power Backup|Gardens|Room Service,
Annai Illam Guest House,4.0,The standard check-in time is 12:00 PM and the standard check-out time is 12:00 PM. Early check-in or late check-out is strictly subjected to availability and may be chargeable by the hotel. Any early check-in or late check-out request must be directed and reconfirmed with hotel directly Early check in and late check out is subject to availability and extras will be charged on direct payable basis.  No pets allowed. Business Center |Laundry Service Available|Lobby|Parking Facilities Available|Front Desk|Multi Cuisine Restaurant |24 Hour Front Desk|Power Backup|Gardens|Room Service (24 Hours)|STD / ISD|Parking Facility,
Bella Marina Villa,4.0,The standard check-in time is 12:00 PM and the standard check-out time is 12:00 PM. Early check-in or late check-out is strictly subjected to availability and may be chargeable by the hotel. Any early check-in or late check-out request must be directed and reconfirmed with hotel directly We do not allow unmarried / unrelated couples to checkin. This is at full discretion of the hotel management. No refund would be applicable in case the checkin is denied under such circumstances Doctor on Call|Laundry Service Available|Parking Facilities Available|Front Desk|Local Tour / Travel Desk|Gardens|Picnic Area|Open Air Restaurant / Dining | Bike on Rent|Vegetarian Food / Jain Food Available|Taxi Services|Campfire / Bon Fire|Internet Access Free|Outdoor Parking - Secured|Restaurant|Room Service,
ATOM Guest House,4.0,The standard check-in time is 12:00 PM and the standard check-out time is 12:00 PM. Early check-in or late check-out is strictly subjected to availability and may be chargeable by the hotel. Any early check-in or late check-out request must be directed and reconfirmed with hotel directly We do not allow unmarried / unrelated couples to checkin. This is at full discretion of the hotel management. No refund would be applicable in case the checkin is denied under such circumstances Doctor on Call|Parking Facilities Available|Power Backup|Fire Safety|Fire Exit Signs|First-Aid Kit at Front Desk,
Bendmeer Group of House Boat and Resorts,4.0,The standard check-in time is 12:00 PM and the standard check-out time is 11:00 AM. Early check-in or late check-out is strictly subjected to availability and may be chargeable by the hotel. Any early check-in or late check-out request must be directed and reconfirmed with hotel directly The standard check-in time is 12:00 PM and the standard check-out time is 11:00 PM.  Confirmation is subject to 50 % advance payment at the time of booking. Full payment 16 days prior to Check In if not received. House Currency Exchange|Doctor on Call|Laundry Service Available|Front Desk|Local Tour / Travel Desk|Luggage Storage|Medical Assistance Available|Power Backup|Gardens|Dance Performances (on demand)|Suitable For Children|Separate Sitting Area|Smoking Area |Extra Person / Child - Share the same room|Internet Access Free|Family Room|Air / Rail Booking|Baggage Room|Adjoining Rooms|Outdoor Parking - Secured|Room Service|Paid Transfers|Security at All Hotel Entrances|Suites,
Balaji Resorts,4.0,The standard check-in time is 02:00 PM and the standard check-out time is 12:00 PM. Early check-in or late check-out is strictly subjected to availability and may be chargeable by the hotel. Any early check-in or late check-out request must be directed and reconfirmed with hotel directly We do not allow unmarried / unrelated couples to checkin. This is at full discretion of the hotel management. No refund would be applicable in case the checkin is denied under such circumstances Doctor on Call|Parking Facilities Available|Front Desk,
Asha Sukha Nivas Laudge,4.0,The standard check-in time is 02:00 PM and the standard check-out time is 12:00 PM. Early check-in or late check-out is strictly subjected to availability and may be chargeable by the hotel. Any early check-in or late check-out request must be directed and reconfirmed with hotel directly We do not allow unmarried / unrelated couples to checkin. This is at full discretion of the hotel management. No refund would be applicable in case the checkin is denied under such circumstances Doctor on Call|Internet Access - Surcharge|Laundry Service Available|Parking Facilities Available|Front Desk|24 Hour Front Desk|Room Service|Fire Safety,
AR Suites Fontana Bay,4.0,The standard check-in time is 12:00 PM and the standard check-out time is 12:00 PM. Early check-in or late check-out is strictly subjected to availability and may be chargeable by the hotel. Any early check-in or late check-out request must be directed and reconfirmed with hotel directly - Airport Transfer Available / Surcharge|Business Center |Concierge|Doctor on Call|Dry Cleaning|Internet Access - Surcharge|Laundry Service Available|Lift / Elevator|Lobby|Parking Facilities Available|Front Desk|Locker Facility|Local Tour / Travel Desk|24 Hour Front Desk|Medical Assistance Available|Power Backup|Gardens|Smoking Area |Shopping Drop Facility (on fixed timings)|Internet Access Free|Newspapers In Lobby|Airport Transfer Free|Outdoor Parking - Secured|Parking Facility,
Atithi Cottages,4.0,The standard check-in time is 12:00 PM and the standard check-out time is 12:00 PM. Early check-in or late check-out is strictly subjected to availability and may be chargeable by the hotel. Any early check-in or late check-out request must be directed and reconfirmed with hotel directly Ridge View Cottage  spells true Himachal Hospitality and traditional architecture. Offering a total of 14 lavish rooms for a peaceful holidays in Manali. Peaceful location far from the hustles of main city and outstanding customer service is our USP. Banquet Facilities|Business Center |Doctor on Call|Laundry Service Available|Lobby|Parking Facilities Available|Front Desk|Multi Cuisine Restaurant |Local Tour / Travel Desk|Major Credit Cards Accepted|24 Hour Front Desk|Medical Assistance Available|Welcome Drinks|Power Backup|Gardens|Catering|Suitable For Children|Grocery|Conference Facility |Kitchen available (home cook food on request)|Massage Services |Discotheque | Bike on Rent|Veg / Non Veg Kitchens Separate |In House Events |Vegetarian Food / Jain Food Available|City Shuttle Service|Campfire / Bon Fire|Food Facility|Internet Access Free|Newspapers In Lobby|Room Service (24 Hours)|Spa Services Nearby| Cook Services|Air / Rail Booking|Internet / Fax (Reception area only)|Outdoor Parking - Secured|Parking Facility,
Aurick Hotel,4.0,The standard check-in time is 12:00 PM and the standard check-out time is 12:00 PM. Early check-in or late check-out is strictly subjected to availability and may be chargeable by the hotel. Any early check-in or late check-out request must be directed and reconfirmed with hotel directly Airport Transfer Available / Surcharge|Bar / Lounge |Health Club / Gym Facility Available|Internet Access - Surcharge|Laundry Service Available|Lift / Elevator|Parking Facilities Available|Front Desk|Multi Cuisine Restaurant |Locker Facility|Power Backup|Internet Access Free|Room Service (24 Hours)|Outdoor Parking - Secured|Parking Facility,
Anugraha Deluxe Hotel,4.0,The standard check-in time is 02:00 PM and the standard check-out time is 12:00 PM. Early check-in or late check-out is strictly subjected to availability and may be chargeable by the hotel. Any early check-in or late check-out request must be directed and reconfirmed with hotel directly We do not allow unmarried / unrelated couples to checkin. This is at full discretion of the hotel management. No refund would be applicable in case the checkin is denied under such circumstances Doctor on Call|Lobby|Non Smoking Rooms|Front Desk|24 Hour Front Desk|Power Backup,
Best Western Plus Ekobarn,4.0,"The standard check-in time is 12:00 PM and the standard check-out time is 12:00 PM. Early check-in or late check-out is strictly subjected to availability and may be chargeable by the hotel. Any early check-in or late check-out request must be directed and reconfirmed with hotel directly For any queries at the unit, the single point contact from Best Western Plus Ekobarn will be the General Manager of the Hotel.  All guests will show the Government issued ID card and submit visiting card at the time of checking in. Mandatory Christmas evening supplement cost - 25.12.2015- Rs.1800/- Per room to be paid directly at the time of Check in. Mandatory New Year evening supplement cost - 31.12.2015-Rs.1800/- Per room to be paid directly at the time of Check in. Swimming Pool|Airport Transfer Available / Surcharge|Banquet Facilities|Business Center |Currency Exchange|Doctor on Call|Dry Cleaning|Health Club / Gym Facility Available|Internet Access - Surcharge|Lift / Elevator|Lobby|Parking Facilities Available|Front Desk|Multi Cuisine Restaurant |Locker Facility|Spa On Site - Chargeable|Local Tour / Travel Desk|Major Credit Cards Accepted|24 Hour Front Desk|Air-Conditioning - Central|Welcome Drinks|Power Backup|Express Check-In / Check-Out|Gardens|Wake-up Call / Service|Separate Sitting Area|Coffee Shop / Cafe|Electronic / Magnetic Keys|Fire Place Available |Wheelchair Accessibility - Room|Pick Up and Drop (Rly Station, Bus Stand, Temple)|Vegetarian Food / Jain Food Available|Village Visit ( Chargeable )|Car Rental|Taxi Services|Food Facility|Internet Access Free|Newspapers In Lobby|Party hall|Air / Rail Booking|Baggage Room|Guide / Sightseeing Service|Adjoining Rooms|Outdoor Parking - Secured|Parking Facility",
Aura Vaseela,4.0,"The standard check-in time is 12:00 PM and the standard check-out time is 12:00 PM. Early check-in or late check-out is strictly subjected to availability and may be chargeable by the hotel. Any early check-in or late check-out request must be directed and reconfirmed with hotel directly The primary guest must be at least 18 years of age to check into this hotel As per Government regulation, it is mandatory for all guests adove 18 years of age carry a valid photo identity card and address proof at the time of check-in. Swimming Pool|Bar / Lounge |Doctor on Call|Dry Cleaning|Laundry Service Available|Multi Cuisine Restaurant |Sauna|Conference Facility",
Anupam Resorts,4.0,The standard check-in time is 12:00 PM and the standard check-out time is 12:00 PM. Early check-in or late check-out is strictly subjected to availability and may be chargeable by the hotel. Any early check-in or late check-out request must be directed and reconfirmed with hotel directly Hotel may charge compulsory gala dinner supplement on Christmas / New Year's eve or other festive periods. Any such supplements need to be paid directly at the hotel. Doctor on Call|Dry Cleaning|Laundry Service Available|Lobby|Parking Facilities Available|Front Desk|Multi Cuisine Restaurant |Local Tour / Travel Desk|Coffee Shop / Cafe|Children's Park|Room Service (24 Hours),
Atharv Coastal End Guest House,4.0,The standard check-in time is 10:00 AM and the standard check-out time is 09:00 AM. Early check-in or late check-out is strictly subjected to availability and may be chargeable by the hotel. Any early check-in or late check-out request must be directed and reconfirmed with hotel directly No pets allowed No check in and check out on 31st December 2015 Compulsory ID government prof required before check in for all guests Airport Transfer Available / Surcharge|Internet Access - Surcharge|Laundry Service Available|Parking Facilities Available|Front Desk|Locker Facility|Luggage Storage|Power Backup|Smoking Rooms|Kitchen available (home cook food on request)| Bike on Rent|Car Rental|Taxi Services|Food Facility|Spa Services Nearby| Cook Services|Baggage Room|Outdoor Parking - Non Secured|Parking Facility|Room Service|CCTV,
Badrish,4.0,The standard check-in time is 10:00 AM and the standard check-out time is 11:00 AM. Early check-in or late check-out is strictly subjected to availability and may be chargeable by the hotel. Any early check-in or late check-out request must be directed and reconfirmed with hotel directly We do not allow unmarried / unrelated couples to checkin. This is at full discretion of the hotel management. No refund would be applicable in case the checkin is denied under such circumstances Doctor on Call|Parking Facilities Available|Front Desk|Multi Cuisine Restaurant |Medical Assistance Available|Parking Facility|Room Service,
Balaji Inn,4.0,The standard check-in time is 12:00 PM and the standard check-out time is 12:00 PM. Early check-in or late check-out is strictly subjected to availability and may be chargeable by the hotel. Any early check-in or late check-out request must be directed and reconfirmed with hotel directly We do not allow unmarried / unrelated couples to checkin. This is at full discretion of the hotel management. No refund would be applicable in case the checkin is denied under such circumstances. Customer Government approved Photo ID card is must to carry at the time of check in. Doctor on Call|Lobby|Front Desk|Local Tour / Travel Desk|24 Hour Front Desk|Luggage Storage|Power Backup|Room Service (24 Hours)|Parking Facility|Room Service,
Ashokas Naini Chalet,4.0,The standard check-in time is 12:00 PM and the standard check-out time is 10:00 AM. Early check-in or late check-out is strictly subjected to availability and may be chargeable by the hotel. Any early check-in or late check-out request must be directed and reconfirmed with hotel directly Swimming Pool|Beauty Salon - on charge|Billiards|Bowling|Doctor on Call|Games Zone|Laundry Service Available|Lobby|Parking Facilities Available|Front Desk|Multi Cuisine Restaurant |Locker Facility|Non Smoking Hotel|Spa On Site - Chargeable|Table Tennis|24 Hour Front Desk|Doorman|Medical Assistance Available|Welcome Drinks|Power Backup|Gardens|Audio - Visual Equipment|Catering|Porter / Bellhop|Suitable For Children|Separate Sitting Area|Coffee Shop / Cafe|Conference Facility |Kitchen available (home cook food on request)|Multi - Line Phone|Pool Table|Discotheque |Clubhouse|Open Air Restaurant / Dining |Fun Floats|Veg / Non Veg Kitchens Separate |Vegetarian Food / Jain Food Available|Car Rental|Taxi Services|Board Room|Food Facility|Newspapers In Lobby|Postal / Parcel Services|Room Service (24 Hours)|Spa Services Nearby| Cook Services|Air / Rail Booking|Courier Service|Outdoor Parking - Secured|Parking Facility|Restaurant|Room Service|Fire Exit Signs|Full Time Operation for All 7 Days|Porter Services Available|Public Restrooms|Speciality Restaurant |Suites,
Apex Residency,4.0,"The standard check-in time is 02:00 PM and the standard check-out time is 12:00 PM. Early check-in or late check-out is strictly subjected to availability and may be chargeable by the hotel. Any early check-in or late check-out request must be directed and reconfirmed with hotel directly 1.ALL GUESTS ARE REQUIRED TO PRESENT PROPER PHOTO IDENTIFICATION UPON CHECK IN. 2.The identity proof would include a valid Driving license/voter identity card/PAN card, etc. Valid Passport mandatory for all Foreign guests. 3.Booking rates will not be valid for Christmas and New year dates High season and long weekend dates extra supplement will be charged over and above the paid rates as per actual and hotel discretion. No refund would be applicable in case the hotel denies check-in under such circumstances. Doctor on Call|Dry Cleaning|Parking Facilities Available|Front Desk|Locker Facility|24 Hour Front Desk|Luggage Storage|Internet Access Free|Newspapers In Lobby|Room Service (24 Hours)|Parking Facility|Internet Access|Room Service|Fire Safety|CCTV|Fire Exit Signs|First-Aid Kit at Front Desk|Public Restrooms",
Bens Houseboats 4 Bed Room A/c DLX (4),4.0,"The standard check-in time is 12:00 PM and the standard check-out time is 09:00 AM. Early check-in or late check-out is strictly subjected to availability and may be chargeable by the hotel. Any early check-in or late check-out request must be directed and reconfirmed with hotel directly Booking rates will not be valid for Christmas and New year dates, High season and long weekend dates, extra supplement will be charged over and above the paid rates as per actual and hotel discretion. Power Backup|Fire Safety",
BE MY GUEST,4.0,The standard check-in time is 02:00 PM and the standard check-out time is 12:00 PM. Early check-in or late check-out is strictly subjected to availability and may be chargeable by the hotel. Any early check-in or late check-out request must be directed and reconfirmed with hotel directly We do not allow unmarried / unrelated couples to checkin. This is at full discretion of the hotel management. No refund would be applicable in case the checkin is denied under such circumstances Ballroom|Parking Facilities Available|Front Desk|Parking Facility|Room Service|First-Aid Kit at Front Desk,
AVNB Towers,4.0,The standard check-in time is 12:00 PM and the standard check-out time is 12:00 PM. Early check-in or late check-out is strictly subjected to availability and may be chargeable by the hotel. Any early check-in or late check-out request must be directed and reconfirmed with hotel directly Parking Facilities Available|Front Desk|Internet Access Free|Room Service (24 Hours)|Parking Facility,
ATITHI RESIDENCY - MARTHAHALLI,4.0,The standard check-in time is 11:00 PM and the standard check-out time is 11:00 PM. Early check-in or late check-out is strictly subjected to availability and may be chargeable by the hotel. Any early check-in or late check-out request must be directed and reconfirmed with hotel directly We do not allow unmarried / unrelated couples to checkin. This is at full discretion of the hotel management. No refund would be applicable in case the checkin is denied under such circumstances Laundry Service Available|Lift / Elevator|Parking Facilities Available|Front Desk|Locker Facility|Power Backup|Transfers Available|Internet Access Free|Room Service (24 Hours)|Outdoor Parking - Secured|Parking Facility|Room Service|Speciality Restaurant,
AROMA,4.0,The standard check-in time is 12:00 PM and the standard check-out time is 12:00 PM. Early check-in or late check-out is strictly subjected to availability and may be chargeable by the hotel. Any early check-in or late check-out request must be directed and reconfirmed with hotel directly Doctor on Call|Multi Cuisine Restaurant,
Bahar Homestay,4.0,The standard check-in time is 12:00 PM and the standard check-out time is 10:00 AM. Early check-in or late check-out is strictly subjected to availability and may be chargeable by the hotel. Any early check-in or late check-out request must be directed and reconfirmed with hotel directly We do not allow unmarried / unrelated couples to check-in. This is at full discretion of the hotel management.  No refund would be applicable in case the checkin is denied under such circumstances Doctor on Call|Parking Facilities Available|Front Desk|Power Backup|Gardens|Parking Facility|Room Service|Speciality Restaurant,
BEACH HOTEL,4.0,"The standard check-in time is 12:00 PM and the standard check-out time is 12:00 PM. Early check-in or late check-out is strictly subjected to availability and may be chargeable by the hotel. Any early check-in or late check-out request must be directed and reconfirmed with hotel directly Hotel may charge compulsory gala dinner supplement on Christmas / New Year's eve or other festive periods. Any such supplements need to be paid directly at the hotel. It is mandatory for guests to present valid photo identification at the time of check-in. According to government regulations, a valid Photo ID has to be carried by every person above the age of 18 staying at the hotel. The identification proofs accepted are Driving License, Voter ID Card, and Passport. Without valid ID the guest will not be allowed to check-in. Doctor on Call|Dry Cleaning|Lift / Elevator|Lobby|24 Hour Front Desk|Room Service",
Arjun Villa,4.0,The standard check-in time is 10:00 AM and the standard check-out time is 10:00 AM. Early check-in or late check-out is strictly subjected to availability and may be chargeable by the hotel. Any early check-in or late check-out request must be directed and reconfirmed with hotel directly Children not free and will be charged Rs. 500 per head. Doctor on Call|Internet Access - Surcharge|Parking Facilities Available,
Awesome Palace,4.0,The standard check-in time is 10:00 AM and the standard check-out time is 10:00 AM. Early check-in or late check-out is strictly subjected to availability and may be chargeable by the hotel. Any early check-in or late check-out request must be directed and reconfirmed with hotel directly unmarried couple are not allowed. Laundry Service Available|Lift / Elevator|Parking Facilities Available|Front Desk|Locker Facility|Power Backup|Multi Lingual Staff|Kitchen available (home cook food on request)|Vegetarian Food / Jain Food Available|Food Facility|Internet Access Free|Party hall|Outdoor Parking - Secured|Parking Facility|Room Service|Suites,
Arpanaa Hotel,4.0,"The standard check-in time is 12:00 PM and the standard check-out time is 12:00 PM. Early check-in or late check-out is strictly subjected to availability and may be chargeable by the hotel. Any early check-in or late check-out request must be directed and reconfirmed with hotel directly In keeping with our security procedures, we request all guests to carry a photo identity proof to present at check in.Foreign nationals are required to submit passport and valid visa. Our hotel is Non smoking Non alcoholic hotel. Babysitting/ Child Care (surcharge)|Banquet Facilities|Currency Exchange|Doctor on Call|Dry Cleaning|Gift Shop |Laundry Service Available|Lift / Elevator|Lobby|Front Desk|Multi Cuisine Restaurant |Locker Facility|Non Smoking Hotel|Local Tour / Travel Desk|Valet service|Major Credit Cards Accepted|24 Hour Front Desk|Welcome Drinks|Power Backup|Multi Lingual Staff|Wake-up Call / Service|Access Via Exterior Corridors|Multi - Line Phone|Pick Up and Drop (Rly Station, Bus Stand, Temple)|Transfers Available|Extra Person / Child - Share the same room|Village Visit ( Chargeable )|Car Rental|Express Laundry|Meditation Room| Drivers Rest Room|Internet Access Free|Newspapers In Lobby|Room Service (24 Hours)|Party hall|RO Water Purification System|Parking Facility",
Athidhi Guest House,4.0,The standard check-in time is 12:00 PM and the standard check-out time is 12:00 PM. Early check-in or late check-out is strictly subjected to availability and may be chargeable by the hotel. Any early check-in or late check-out request must be directed and reconfirmed with hotel directly Laundry Service Available|Medical Assistance Available|Suitable For Children|Room Service,
Astoria Hotel,4.0,"The standard check-in time is 12:00 PM and the standard check-out time is 12:00 PM. Early check-in or late check-out is strictly subjected to availability and may be chargeable by the hotel. Any early check-in or late check-out request must be directed and reconfirmed with hotel directly Early checkin subject to availibiity,Unmarried couples are not allowed Doctor on Call|Lobby|Front Desk|Local Tour / Travel Desk|24 Hour Front Desk|Power Backup|Internet Access Free|Newspapers In Lobby|Room Service (24 Hours)|Restaurant",
Bhagirathi Palace,4.0,"The standard check-in time is 12:00 PM and the standard check-out time is 12:00 PM. Early check-in or late check-out is strictly subjected to availability and may be chargeable by the hotel. Any early check-in or late check-out request must be directed and reconfirmed with hotel directly Booking rates will not be valid for Christmas and New year dates, High season and long weekend dates extra supplement will be charged over and above the paid rates as per actual and hotel discretion. Airport Transfer Available / Surcharge|Currency Exchange|Doctor on Call|Internet Access - Surcharge|Laundry Service Available|Parking Facilities Available|Front Desk|Local Tour / Travel Desk|Major Credit Cards Accepted|24 Hour Front Desk|Luggage Storage|Medical Assistance Available|Power Backup|Express Check-In / Check-Out|Wake-up Call / Service|Suitable For Children|Smoking Rooms|Fax Machine|Kitchen available (home cook food on request)| Bike on Rent|Vegetarian Food / Jain Food Available|Car Rental|Taxi Services|Food Facility| Drivers Rest Room|Internet Access Free|Newspapers In Lobby|Postal / Parcel Services|Family Room|Room Service (24 Hours)|Air / Rail Booking|STD / ISD|Courier Service|Laptop Available on Hire|Internet / Fax (Reception area only)|Parking Facility|Internet Access|Room Service|Trekking|CCTV|First-Aid Kit at Front Desk|Full Time Operation for All 7 Days|Hotel Trading License|Paid Transfers|Stamps and Mailing Facility",
Arihant Guest House.,4.0,The standard check-in time is 02:00 PM and the standard check-out time is 12:00 PM. Early check-in or late check-out is strictly subjected to availability and may be chargeable by the hotel. Any early check-in or late check-out request must be directed and reconfirmed with hotel directly We do not allow unmarried / unrelated couples to checkin. This is at full discretion of the hotel management. No refund would be applicable in case the checkin is denied under such circumstances Doctor on Call|Front Desk|24 Hour Front Desk|Parking Facility,
Avadh INN,4.0,The standard check-in time is 12:00 PM and the standard check-out time is 12:00 PM. Early check-in or late check-out is strictly subjected to availability and may be chargeable by the hotel. Any early check-in or late check-out request must be directed and reconfirmed with hotel directly 1. All guests requested to carry Valid ID proof for Check Inn. 2. Couple Guests with Local ID's are not allowed to check inn. 3. Cancellation and prepayment policies vary according to room type. ,
Athithi Homes,4.0,The standard check-in time is 12:00 PM and the standard check-out time is 11:00 AM. Early check-in or late check-out is strictly subjected to availability and may be chargeable by the hotel. Any early check-in or late check-out request must be directed and reconfirmed with hotel directly Valid ID proof is required at the time of check in for all guests. Laundry Service Available|Parking Facilities Available|Power Backup|Internet Access Free|Parking Facility,
Bens Houseboats 4 Bed Room A/c DLX (2),4.0,The standard check-in time is 12:00 PM and the standard check-out time is 09:00 AM. Early check-in or late check-out is strictly subjected to availability and may be chargeable by the hotel. Any early check-in or late check-out request must be directed and reconfirmed with hotel directly Right to Admission Reserved Power Backup|Fire Safety,
Antares Beach Resort,4.0,"The standard check-in time is 02:00 PM and the standard check-out time is 11:00 AM. Early check-in or late check-out is strictly subjected to availability and may be chargeable by the hotel. Any early check-in or late check-out request must be directed and reconfirmed with hotel directly AS PER GOVERNMENT DIRECTIVES IT IS MANDATORY FOR ALL GUEST TO SHOW THEIR PHOTO ID AT CHECK IN, WHICH CAN BE IN FORM OF PASSPORT AND VISA COPY/ DRIVING LICENSE/ VOTER ID CARD FAILING WHICH THE HOTEL RESERVES THE RIGHT OF REFUSAL. Swimming Pool|Airport Transfer Available / Surcharge|Bar / Lounge |Currency Exchange|Doctor on Call|Laundry Service Available|Night Club|Non Smoking Rooms|Front Desk|Locker Facility|Major Credit Cards Accepted|Welcome Drinks|Power Backup|Gardens|Wake-up Call / Service|Pick Up and Drop (Rly Station, Bus Stand, Temple)|Smoking Area |Veranda|Open Air Restaurant / Dining | Bike on Rent|Car Rental|Taxi Services|Newspapers In Lobby|Baggage Room|Outdoor Parking - Secured|Parking Facility|Internet Access|Restaurant|Fire Safety",
Backpacker Panda Jaipur,4.0,The standard check-in time is 02:00 PM and the standard check-out time is 12:00 PM. Early check-in or late check-out is strictly subjected to availability and may be chargeable by the hotel. Any early check-in or late check-out request must be directed and reconfirmed with hotel directly Children under the age of 15 years are not allowed in dormitories even if accompanied by parents.  Advance payment is mandatory. No pet policy. Doctor on Call|Dry Cleaning|Games Zone|Laundry Service Available|Library|Lobby|Non Smoking Rooms|Parking Facilities Available|Front Desk|Locker Facility|Local Tour / Travel Desk|Major Credit Cards Accepted|24 Hour Front Desk|Power Backup|Audio - Visual Equipment|Wake-up Call / Service|Coffee Shop / Cafe|Smoking Rooms|Veranda| Bike on Rent|Car Rental|Express Laundry|Food Facility|Internet Access Free|Newspapers In Lobby|Family Room|RO Water Purification System|Outdoor Parking - Secured|Parking Facility|Internet Access|Recreation Zone,
Avasa Hotel,4.0,"The standard check-in time is 12:00 PM and the standard check-out time is 12:00 PM. Early check-in or late check-out is strictly subjected to availability and may be chargeable by the hotel. Any early check-in or late check-out request must be directed and reconfirmed with hotel directly Unmarried Couples (Fiancee, Girlfriend) are not allowed. Guest with local id proofs won't be entertained..  24 hours check in available.  Photo ID Proof of each and every person is mandatory at the time of check in. Laundry Service Available|Parking Facilities Available|Front Desk|Locker Facility|24 Hour Front Desk|Medical Assistance Available|Welcome Drinks|Power Backup|Suitable For Children|Car Rental|Food Facility|Internet Access Free|Newspapers In Lobby|Room Service (24 Hours)|Outdoor Parking - Secured|Parking Facility|Room Service|Full Time Operation for All 7 Days|Security at All Hotel Entrances",
Bagh Tola Kanha,4.0,The standard check-in time is 12:00 PM and the standard check-out time is 12:00 PM. Early check-in or late check-out is strictly subjected to availability and may be chargeable by the hotel. Any early check-in or late check-out request must be directed and reconfirmed with hotel directly Check in time and check out time is 12 Noon . ,
ANNAS HOMESTAY,4.0,The standard check-in time is 12:00 PM and the standard check-out time is 12:00 PM. Early check-in or late check-out is strictly subjected to availability and may be chargeable by the hotel. Any early check-in or late check-out request must be directed and reconfirmed with hotel directly We do not allow unmarried / unrelated couples to checkin. This is at full discretion of the hotel management. No refund would be applicable in case the checkin is denied under such circumstances Doctor on Call|Lobby|Local Tour / Travel Desk|Major Credit Cards Accepted|24 Hour Front Desk|Luggage Storage|Medical Assistance Available|Air-Conditioning - Central|Power Backup|Room Service (24 Hours)|First-Aid Kit at Front Desk,
Antonys Eco Houseboat,4.0,The standard check-in time is 12:00 PM and the standard check-out time is 09:00 AM. Early check-in or late check-out is strictly subjected to availability and may be chargeable by the hotel. Any early check-in or late check-out request must be directed and reconfirmed with hotel directly Doctor on Call,
Araliayas Resort,4.0,The standard check-in time is 01:00 PM and the standard check-out time is 10:00 AM. Early check-in or late check-out is strictly subjected to availability and may be chargeable by the hotel. Any early check-in or late check-out request must be directed and reconfirmed with hotel directly *There is a mandatory gala dinner charges on 31st Dec15 which is directly payable to the hotel by guest at the time of check in: New year: Rs2500 plus taxes/person :-delay in check out will be on 50% chargeable basis (on the basis of availability). Swimming Pool|Bar / Lounge |Doctor on Call|Laundry Service Available|Lobby|Front Desk|Multi Cuisine Restaurant |Local Tour / Travel Desk|24 Hour Front Desk|Power Backup|Gardens|Internet Access Free|Room Service (24 Hours)|Outdoor Parking - Secured|Parking Facility,
Bhagini Residency,4.0,The standard check-in time is 02:00 PM and the standard check-out time is 12:00 PM. Early check-in or late check-out is strictly subjected to availability and may be chargeable by the hotel. Any early check-in or late check-out request must be directed and reconfirmed with hotel directly We do not allow unmarried / unrelated couples to checkin. This is at full discretion of the hotel management. No refund would be applicable in case the checkin is denied under such circumstances Doctor on Call|Laundry Service Available|Lobby|Front Desk|Parking Facility,
AP House,4.0,The standard check-in time is 12:00 PM and the standard check-out time is 12:00 PM. Early check-in or late check-out is strictly subjected to availability and may be chargeable by the hotel. Any early check-in or late check-out request must be directed and reconfirmed with hotel directly Business Center |Doctor on Call|Health Club / Gym Facility Available|Laundry Service Available|Lobby|Parking Facilities Available|Front Desk|Power Backup|Karaoke |Internet Access Free|Outdoor Parking - Secured|Parking Facility|Room Service|Suites,
Aura Foothills,4.0,The standard check-in time is 02:00 PM and the standard check-out time is 12:00 PM. Early check-in or late check-out is strictly subjected to availability and may be chargeable by the hotel. Any early check-in or late check-out request must be directed and reconfirmed with hotel directly We do not allow unmarried / unrelated couples to checkin. This is at full discretion of the hotel management. No refund would be applicable in case the checkin is denied under such circumstances Doctor on Call|Parking Facilities Available|Power Backup|Fire Safety|Fire Exit Signs|First-Aid Kit at Front Desk,
Ayur County,4.0, Swimming Pool|Airport Transfer Available / Surcharge|Banquet Facilities|Bar / Lounge |Business Center |Disabled Friendly Facilities |Doctor on Call|Dry Cleaning|Laundry Service Available|Lobby|Non Smoking Rooms|Parking Facilities Available|Front Desk|Multi Cuisine Restaurant |24 Hour Front Desk|Luggage Storage|Medical Assistance Available|Welcome Drinks|Power Backup|Conference Facility |Free Local Calls|Picnic Area|Nature Walk|Express Laundry|Taxi Services|Newspapers In Lobby|Room Service (24 Hours)| Cook Services|Party hall|Parking Facility,
Bay Luxe,4.0,The standard check-in time is 12:00 PM and the standard check-out time is 10:00 AM. Early check-in or late check-out is strictly subjected to availability and may be chargeable by the hotel. Any early check-in or late check-out request must be directed and reconfirmed with hotel directly Photo identity is mandatory for all the guest who crossed their minority Pan card is not valid as photo identity pets not allowed Swimming costumes is mandatory for entering swimming pool Swimming Pool|Parking Facilities Available|Power Backup|Internet Access Free|Outdoor Parking - Secured|Parking Facility|Room Service|Suites,
Basera Guest House,4.0,The standard check-in time is 12:00 PM and the standard check-out time is 12:00 PM. Early check-in or late check-out is strictly subjected to availability and may be chargeable by the hotel. Any early check-in or late check-out request must be directed and reconfirmed with hotel directly We do not allow unmarried / unrelated couples to checkin. This is at full discretion of the hotel management. No refund would be applicable in case the checkin is denied under such circumstances Doctor on Call|Parking Facilities Available|Power Backup|Parking Facility,
Arya Beach Resort Mandarmani,4.0,The standard check-in time is 12:00 PM and the standard check-out time is 11:00 AM. Early check-in or late check-out is strictly subjected to availability and may be chargeable by the hotel. Any early check-in or late check-out request must be directed and reconfirmed with hotel directly Doctor on Call,
Antiguo Alibaug,4.0,The standard check-in time is 02:00 PM and the standard check-out time is 12:00 PM. Early check-in or late check-out is strictly subjected to availability and may be chargeable by the hotel. Any early check-in or late check-out request must be directed and reconfirmed with hotel directly We do not allow unmarried / unrelated couples to checkin. This is at full discretion of the hotel management. No refund would be applicable in case the checkin is denied under such circumstances Doctor on Call|Dry Cleaning|Parking Facilities Available|Front Desk|24 Hour Front Desk|Internet Access Free|Newspapers In Lobby|Room Service (24 Hours)|Parking Facility|Internet Access|Room Service|Fire Safety|CCTV|Public Restrooms,
Bellmount Resorts,4.0,"The standard check-in time is 12:00 PM and the standard check-out time is 11:00 AM. Early check-in or late check-out is strictly subjected to availability and may be chargeable by the hotel. Any early check-in or late check-out request must be directed and reconfirmed with hotel directly **** Supplement Charges to be paid directly at the hotel at the time of Check in **** Mandatory Peak Season  hike of Rs.1000 per room applicable on room rates on and (18th Oct to 5th Nov) and (Dec 20 - Jan 5),paid directly to the hotel Mandatory Christmas and  New year Gala Dinner supplementary  charge of Rs. 1250 per head in Dec 24th and Dec 31st,Paid directly to the hotel  Hotel may charge compulsory gala dinner supplement on Christmas / New Year's eve or other festive periods. Any such supplements need to be paid directly at the hotel. Compulsory Charges to be Paid !! There will be season hike for Oct/Nov/Dec Rs.1000 per Room/Per night will be payable directly at the hotel at the  time of check-in Banquet Facilities|Business Center |Doctor on Call|Laundry Service Available|Lift / Elevator|Lobby|Parking Facilities Available|Front Desk|Multi Cuisine Restaurant |Local Tour / Travel Desk|Major Credit Cards Accepted|24 Hour Front Desk|Luggage Storage|Power Backup|Multi Lingual Staff|Conference Facility |Express Laundry|Food Facility|Newspapers In Lobby|Baggage Room|Parking Facility",
Bean Stalk Bagmane Homestay,4.0,"The standard check-in time is 12:00 PM and the standard check-out time is 12:00 PM. Early check-in or late check-out is strictly subjected to availability and may be chargeable by the hotel. Any early check-in or late check-out request must be directed and reconfirmed with hotel directly Booking rates will not be valid for Christmas and New year dates, High season and long weekend dates extra supplement will be charged over and above the paid rates as per actual and hotel discretion. Rights of Admission reserved. Doctor on Call|Gardens|Nature Walk|Veranda|Transfers Available|Village Visit ( Chargeable )|Taxi Services|Newspapers In Lobby|Guide / Sightseeing Service|Outdoor Parking - Secured|Parking Facility",
"Banayan Appartment ,Russell Street",4.0,The standard check-in time is 12:00 PM and the standard check-out time is 12:00 PM. Early check-in or late check-out is strictly subjected to availability and may be chargeable by the hotel. Any early check-in or late check-out request must be directed and reconfirmed with hotel directly Guests must report any loss of or damage to their property immediately Laundry Service Available|Front Desk|Luggage Storage|Power Backup|Wake-up Call / Service|Parking Facility|Internet Access|Room Service,
Baragarh Villa,4.0,The standard check-in time is 12:00 PM and the standard check-out time is 11:00 AM. Early check-in or late check-out is strictly subjected to availability and may be chargeable by the hotel. Any early check-in or late check-out request must be directed and reconfirmed with hotel directly Government id   cards are mandatory during the time of check in. Doctor on Call|Laundry Service Available|Parking Facilities Available|Front Desk|24 Hour Front Desk|Gardens|Smoking Area |Transfers Available|Internet Access Free|Outdoor Parking - Secured|Parking Facility|Room Service,
BAZIRA COTTAGES,4.0,The standard check-in time is 12:00 PM and the standard check-out time is 11:00 AM. Early check-in or late check-out is strictly subjected to availability and may be chargeable by the hotel. Any early check-in or late check-out request must be directed and reconfirmed with hotel directly guest house respects the privacy of all its customer and business partners. Arrival and Departure policy as below :-  Check in 1200 and Check out 1100 Hours  Early in Check and Late Check out Subjected to availability. Parking Facilities Available|Front Desk|Medical Assistance Available|Nature Walk|Food Facility|Parking Facility|Room Service,
Ayushi Ayurvedi Retreat,4.0,"The standard check-in time is 11:00 AM and the standard check-out time is 10:00 AM. Early check-in or late check-out is strictly subjected to availability and may be chargeable by the hotel. Any early check-in or late check-out request must be directed and reconfirmed with hotel directly 1.No-show, No Refund. 2.If You cancel your Hotel booking on or within 3 days of Check-In date,Cancellation charges will be 100 Percent Cost. 3.If You cancel your Hotel booking before 4 days of check in or any day before that 50 % retention Laundry Service Available|Parking Facilities Available|Front Desk|Locker Facility|Welcome Drinks|Gardens|Boating|Nature Walk| Bike on Rent|Shopping Drop Facility (on fixed timings)|Internet Access Free|Newspapers In Lobby|Spa Services Nearby|Outdoor Parking - Secured|Parking Facility",
AVANTHIKA HOMESTAY,4.0,The standard check-in time is 12:00 PM and the standard check-out time is 12:00 PM. Early check-in or late check-out is strictly subjected to availability and may be chargeable by the hotel. Any early check-in or late check-out request must be directed and reconfirmed with hotel directly We do not allow unmarried / unrelated couples to checkin. This is at full discretion of the hotel management. No refund would be applicable in case the checkin is denied under such circumstances Doctor on Call|Parking Facilities Available|Front Desk|Medical Assistance Available|Public Restrooms,
ASTORIA VEG,4.0,"The standard check-in time is 10:00 AM and the standard check-out time is 10:00 AM. Early check-in or late check-out is strictly subjected to availability and may be chargeable by the hotel. Any early check-in or late check-out request must be directed and reconfirmed with hotel directly Booking rates will not be valid for Christmas and New year dates, High season and long weekend dates , extra supplement will be charged over and above the paid rates as per actual and hotel discretion Doctor on Call|Lobby|Parking Facilities Available|Front Desk|Major Credit Cards Accepted|24 Hour Front Desk|Medical Assistance Available|Power Backup|Vegetarian Food / Jain Food Available|Village Visit ( Chargeable )|Car Rental|Newspapers In Lobby|Guide / Sightseeing Service|Outdoor Parking - Secured|Restaurant|Room Service|CCTV|Porter Services Available|Security at All Hotel Entrances",
Arvind Niwas,4.0,The standard check-in time is 12:00 PM and the standard check-out time is 10:00 AM. Early check-in or late check-out is strictly subjected to availability and may be chargeable by the hotel. Any early check-in or late check-out request must be directed and reconfirmed with hotel directly We do not allow unmarried / unrelated couples to check-in. This is at full discretion of the hotel management.  No refund would be applicable in case the checkin is denied under such circumstances Doctor on Call|Lobby|Front Desk|Local Tour / Travel Desk|Major Credit Cards Accepted|24 Hour Front Desk|Luggage Storage|Medical Assistance Available|Power Backup|Parking Facility|Room Service,
Balaji Residency,4.0,"The standard check-in time is 12:00 PM and the standard check-out time is 12:00 PM. Early check-in or late check-out is strictly subjected to availability and may be chargeable by the hotel. Any early check-in or late check-out request must be directed and reconfirmed with hotel directly  NOTE: Valid govt. issued PHOTO ID DRIVING LICENCE, PASSPORT, VOTER ID IS MANDATORY AT THE TIME OF CHECK IN AT THE HOTEL. Any early check-in or late check-out request must be directed and reconfirmed with hotel directly. Air-Conditioning - Central|Internet Access Free|Room Service (24 Hours)",
Aryan Hotel,4.0,"The standard check-in time is 12:00 PM and the standard check-out time is 12:00 PM. Early check-in or late check-out is strictly subjected to availability and may be chargeable by the hotel. Any early check-in or late check-out request must be directed and reconfirmed with hotel directly * All guests need to produce their valid photo and address ID proof at the time of check-in, without ID proof hotel will not allow check-in. Kindly note that PAN Card is not accepted as a proof of address. *Unmarried couples are not allowed . Doctor on Call|Parking Facilities Available|Front Desk|Power Backup|Outdoor Parking - Secured|Parking Facility|Room Service",
Bens Houseboats 2 Bed Room A/c DLX (2),4.0,"The standard check-in time is 12:00 PM and the standard check-out time is 09:00 AM. Early check-in or late check-out is strictly subjected to availability and may be chargeable by the hotel. Any early check-in or late check-out request must be directed and reconfirmed with hotel directly Booking rates will not be valid for Christmas and New year dates, High season and long weekend dates, extra supplement will be charged over and above the paid rates as per actual and hotel discretion. Power Backup|Fire Safety",
Best Western Plus O2,4.0,The standard check-in time is 12:00 PM and the standard check-out time is 10:00 AM. Early check-in or late check-out is strictly subjected to availability and may be chargeable by the hotel. Any early check-in or late check-out request must be directed and reconfirmed with hotel directly According to the Hotel Policy only marriage couples are allowed with valid ID Proof in Best Western Plus O2. Local I.D.'s are not acceptable. Unmarried Couples are not allowed. Pan Card is not considered as Valid I.D. Proof. Swimming Pool|Bar / Lounge |Business Center |Currency Exchange|Laundry Service Available|Lift / Elevator|Lobby|Parking Facilities Available|Front Desk|Multi Cuisine Restaurant |Locker Facility|Secretarial Services|24 Hour Front Desk|Medical Assistance Available|Welcome Drinks|Power Backup|Conference Facility |Fax Machine|Board Room|Internet Access Free|Newspapers In Lobby|Room Service (24 Hours)|Outdoor Parking - Secured|Parking Facility,
Aspni Inn,4.0,The standard check-in time is 12:00 PM and the standard check-out time is 12:00 PM. Early check-in or late check-out is strictly subjected to availability and may be chargeable by the hotel. Any early check-in or late check-out request must be directed and reconfirmed with hotel directly Doctor on Call|Laundry Service Available|Multi Cuisine Restaurant |Air-Conditioning - Central|Coffee Shop / Cafe|Open Air Restaurant / Dining |Room Service (24 Hours),
"Anuraga Palace, Treehouse Palace Hotel",4.0,The standard check-in time is 02:00 PM and the standard check-out time is 12:00 PM. Early check-in or late check-out is strictly subjected to availability and may be chargeable by the hotel. Any early check-in or late check-out request must be directed and reconfirmed with hotel directly No Pets allowed Swimming Pool|Bar / Lounge |Business Center |Internet Access - Surcharge|Laundry Service Available|Lift / Elevator|Parking Facilities Available|Front Desk|Multi Cuisine Restaurant |Locker Facility|Power Backup|Gardens|Transfers Available|Internet Access Free|Room Service (24 Hours)|Outdoor Parking - Secured|Parking Facility|Room Service|Porter Services Available|Public Restrooms|Speciality Restaurant |Suites,
ASHTAMI RESORT,4.0,The standard check-in time is 10:00 AM and the standard check-out time is 12:00 PM. Early check-in or late check-out is strictly subjected to availability and may be chargeable by the hotel. Any early check-in or late check-out request must be directed and reconfirmed with hotel directly Parking Facilities Available|Front Desk|Locker Facility|Power Backup|Room Service (24 Hours),
Azure Guest House,4.0,The standard check-in time is 12:00 PM and the standard check-out time is 12:00 PM. Early check-in or late check-out is strictly subjected to availability and may be chargeable by the hotel. Any early check-in or late check-out request must be directed and reconfirmed with hotel directly The standard check-in time is 12:00 PM and the standard check-out time is 12:00 PM. Early check-in or late check-out is strictly subjected to availability and may be chargeable by the hotel. Doctor on Call|Front Desk,
Arul Nakshatra Service Apartment,4.0,The standard check-in time is 12:00 PM and the standard check-out time is 12:00 PM. Early check-in or late check-out is strictly subjected to availability and may be chargeable by the hotel. Any early check-in or late check-out request must be directed and reconfirmed with hotel directly We do not allow unmarried / unrelated couples to checkin. This is at full discretion of the hotel management. No refund would be applicable in case the checkin is denied under such circumstances) Doctor on Call|Local Tour / Travel Desk|Doorman|Power Backup|Porter / Bellhop|Transfers Available|Extra Person / Child - Share the same room|Family Room|Outdoor Parking - Secured|Room Service|Fire Safety|Fire Exit Signs|First-Aid Kit at Front Desk,
BAVA LODGE,4.0,"The standard check-in time is 12:01 AM and the standard check-out time is 11:59 PM. Early check-in or late check-out is strictly subjected to availability and may be chargeable by the hotel. Any early check-in or late check-out request must be directed and reconfirmed with hotel directly Booking rates will not be valid for Christmas  New year dates, High season  long weekend dates  extra supplement will be charged over  above the paid rates as per actual  hotel discretion. Doctor on Call|Power Backup|Wake-up Call / Service|Nature Walk|Veranda|Parking Facility|Room Service",
Avasa Hotel,4.0,The standard check-in time is 12:00 PM and the standard check-out time is 12:00 PM. Early check-in or late check-out is strictly subjected to availability and may be chargeable by the hotel. Any early check-in or late check-out request must be directed and reconfirmed with hotel directly Hotel may charge compulsory gala dinner supplement on Christmas / New Year's eve or other festive periods. Any such supplements need to be paid directly at the hotel. Hotel Policy:  Bookings are Non Amendable and Non Refundable Swimming Pool|Banquet Facilities|Bar / Lounge |Currency Exchange|Doctor on Call|Dry Cleaning|Health Club / Gym Facility Available|Parking Facilities Available|Multi Cuisine Restaurant |Locker Facility|Secretarial Services|Local Tour / Travel Desk|Major Credit Cards Accepted|Conference Facility |Spa Services Nearby,
"Arista Service Apartments,Andheri",4.0,The standard check-in time is 02:00 PM and the standard check-out time is 12:00 PM. Early check-in or late check-out is strictly subjected to availability and may be chargeable by the hotel. Any early check-in or late check-out request must be directed and reconfirmed with hotel directly Laundry Service Available|Parking Facilities Available|Front Desk,
Chit Chat Palace,4.0,The standard check-in time is 12:00 PM and the standard check-out time is 12:00 PM. Early check-in or late check-out is strictly subjected to availability and may be chargeable by the hotel. Any early check-in or late check-out request must be directed and reconfirmed with hotel directly Hotel may charge gala dinner supplement on Christmas/New Years eve or other festive periods. Which needs to be paid directly at the hotel.As per the govt. guidelines valid govt. issued id proofs are required to be presented at the Time of C/in. Business Center |Internet Access - Surcharge|Laundry Service Available|Lobby|Parking Facilities Available|Front Desk|Multi Cuisine Restaurant |Local Tour / Travel Desk|Car Rental|Guide / Sightseeing Service,
Calangute Alcove Luxury Apartment,4.0,The standard check-in time is 12:00 PM and the standard check-out time is 10:00 AM. Early check-in or late check-out is strictly subjected to availability and may be chargeable by the hotel. Any early check-in or late check-out request must be directed and reconfirmed with hotel directly We expect guests to be quiet and civilised in all public areas of the resort.  Refrain from playing loud music at night.  Free Breakfast is limited as per Hotel Menu and would be served at the room. WIFI is chargeable Swimming Pool|Bar / Lounge |Internet Access - Surcharge|Parking Facilities Available|Multi Cuisine Restaurant |Gardens|Outdoor Parking - Secured|Parking Facility|Room Service,
Chalukya Deluxe,4.0,The standard check-in time is 12:00 PM and the standard check-out time is 12:00 PM. Early check-in or late check-out is strictly subjected to availability and may be chargeable by the hotel. Any early check-in or late check-out request must be directed and reconfirmed with hotel directly The standard check-in time is 12:00 PM and the standard check-out time is 12:00 PM. Early check-in or late check-out is strictly subject to availability and may be chargeable by the hotel Child Tariff and Policy - 0-6 years without bed complimentary Laundry Service Available|Parking Facilities Available|Front Desk|Parking Facility|Room Service,
Brisa Do Mar,4.0,The standard check-in time is 11:00 AM and the standard check-out time is 10:00 AM. Early check-in or late check-out is strictly subjected to availability and may be chargeable by the hotel. Any early check-in or late check-out request must be directed and reconfirmed with hotel directly mandatory photo identity for all the guest who crossed their minority Pancard is not valid as photo identity Pets not allowed Laundry Service Available|Locker Facility|Gardens|Internet Access Free|Parking Facility|Room Service|Public Restrooms,
Blooms 1,4.0,The standard check-in time is 12:00 PM and the standard check-out time is 12:00 PM. Early check-in or late check-out is strictly subjected to availability and may be chargeable by the hotel. Any early check-in or late check-out request must be directed and reconfirmed with hotel directly 1. Any supplements need to be paid directly at the hotel. 2. All guests requested to carry Valid ID proof. 3. Couple Guests with Local ID's are not allowed. 4. Children under 5 years stay free of charge when using existing beds. Airport Transfer Available / Surcharge|Doctor on Call|Dry Cleaning|Internet Access - Surcharge|Laundry Service Available|Parking Facilities Available|Front Desk|Locker Facility|Major Credit Cards Accepted|24 Hour Front Desk|Luggage Storage|Medical Assistance Available|Welcome Drinks|Power Backup|Exhibit Space|Wake-up Call / Service|Smoking Rooms|Car Rental|Express Laundry|Taxi Services|Internet Access Free|Newspapers In Lobby|Family Room|Room Service (24 Hours)|Air / Rail Booking|STD / ISD|Baggage Room|Courier Service|Parking Facility,
Bokhim Village Resort,4.0,The standard check-in time is 12:00 PM and the standard check-out time is 12:00 PM. Early check-in or late check-out is strictly subjected to availability and may be chargeable by the hotel. Any early check-in or late check-out request must be directed and reconfirmed with hotel directly Doctor on Call,
Brindavan Lodge,4.0,The standard check-in time is 02:00 PM and the standard check-out time is 12:00 PM. Early check-in or late check-out is strictly subjected to availability and may be chargeable by the hotel. Any early check-in or late check-out request must be directed and reconfirmed with hotel directly ,
Brahma Inn Executive Rooms,4.0,The standard check-in time is 12:00 PM and the standard check-out time is 12:00 PM. Early check-in or late check-out is strictly subjected to availability and may be chargeable by the hotel. Any early check-in or late check-out request must be directed and reconfirmed with hotel directly Check-In Check-out 24 Hours Should Submit Single ID proof at the time of check-in Airport Transfer Available / Surcharge|Beauty Salon - on charge|Business Center |Currency Exchange|Doctor on Call|Dry Cleaning|Laundry Service Available|Lobby|Parking Facilities Available|Front Desk|Multi Cuisine Restaurant |Locker Facility|Secretarial Services|Non Smoking Hotel|Local Tour / Travel Desk|Major Credit Cards Accepted|24 Hour Front Desk|Luggage Storage|Doorman|Power Backup|Express Check-In / Check-Out|Translation Services|Wake-up Call / Service|Separate Sitting Area|Access Via Exterior Corridors|ATM / Banking|Fax Machine|Transfers Available|Extra Person / Child - Share the same room|Car Rental|Express Laundry|Taxi Services|City Shuttle Service| Drivers Rest Room|Internet Access Free|Postal / Parcel Services|Room Service (24 Hours)|Voicemail|Air / Rail Booking|Baggage Room|Courier Service|Guide / Sightseeing Service|Adjoining Rooms|Courtesy Coach|RO Water Purification System|Outdoor Parking - Secured|Parking Facility|Internet Access|Room Service|Porter Services Available|Public Restrooms,
Blue Lemon Apartment Hotel,4.0,The standard check-in time is 12:00 PM and the standard check-out time is 11:00 AM. Early check-in or late check-out is strictly subjected to availability and may be chargeable by the hotel. Any early check-in or late check-out request must be directed and reconfirmed with hotel directly Hotel may charge gala dinner supplement on Christmas/New Years eve or other festive periods. Which needs to be paid directly at the hotel.As per the govt. guidelines valid govt. issued id proofs are required to be presented at the Time of C/in. Barbecue Area|Doctor on Call|Dry Cleaning|Laundry Service Available|Parking Facilities Available|Locker Facility|Luggage Storage|Medical Assistance Available|Power Backup|Gardens|Wake-up Call / Service|Suitable For Children|Separate Sitting Area|Smoking Area |Veranda|In House Events |Extra Person / Child - Share the same room|Car Rental|Water Dispenser Available|Taxi Services| Drivers Rest Room|Internet Access Free|Room Service (24 Hours)|Baggage Room|RO Water Purification System|Outdoor Parking - Secured|Parking Facility,
CHANDIPUR HOTEL,4.0,The standard check-in time is 12:00 PM and the standard check-out time is 12:00 PM. Early check-in or late check-out is strictly subjected to availability and may be chargeable by the hotel. Any early check-in or late check-out request must be directed and reconfirmed with hotel directly We do not allow unmarried / unrelated couples to checkin.  This is at full discretion of the hotel management. No refund would be applicable in case the checkin is denied under such circumstances Doctor on Call|Parking Facilities Available|Front Desk|Power Backup|Wake-up Call / Service|Baggage Room|Adjoining Rooms|RO Water Purification System|Outdoor Parking - Secured|Parking Facility|Room Service|Fire Safety|Anti-Slip Ramps|First-Aid Kit at Front Desk,
Breeze Inn Bungalow,4.0,The standard check-in time is 12:00 PM and the standard check-out time is 12:00 PM. Early check-in or late check-out is strictly subjected to availability and may be chargeable by the hotel. Any early check-in or late check-out request must be directed and reconfirmed with hotel directly We do not allow unmarried / unrelated couples to checkin. This is at full discretion of the hotel management. No refund would be applicable in case the checkin is denied under such circumstances Doctor on Call|Front Desk|Parking Facility|Room Service|Public Restrooms,
Bluebell Hospitality Services,4.0,The standard check-in time is 12:00 PM and the standard check-out time is 12:00 PM. Early check-in or late check-out is strictly subjected to availability and may be chargeable by the hotel. Any early check-in or late check-out request must be directed and reconfirmed with hotel directly ID cards are mandatory during the time check in. Laundry Service Available|Lift / Elevator|Lobby|Power Backup|Smoking Rooms|Kitchen available (home cook food on request)|Food Facility|Internet Access Free|Newspapers In Lobby|Room Service (24 Hours)| Cook Services|Outdoor Parking - Secured,
Bharat Guest House,4.0,The standard check-in time is 02:00 PM and the standard check-out time is 12:00 PM. Early check-in or late check-out is strictly subjected to availability and may be chargeable by the hotel. Any early check-in or late check-out request must be directed and reconfirmed with hotel directly We do not allow unmarried / unrelated couples to checkin. This is at full discretion of the hotel management. No refund would be applicable in case the checkin is denied under such circumstances. Doctor on Call|Parking Facilities Available|Front Desk|Room Service|Public Restrooms,
"Camp Oak View, Bir",4.0,The standard check-in time is 02:00 PM and the standard check-out time is 11:00 AM. Early check-in or late check-out is strictly subjected to availability and may be chargeable by the hotel. Any early check-in or late check-out request must be directed and reconfirmed with hotel directly We do not allow unmarried / unrelated couples to checkin. This is at full discretion of the hotel management. No refund would be applicable in case the checkin is denied under such circumstances Welcome Drinks|Gardens|Transfers Available|Car Rental| Cook Services|Air / Rail Booking|Outdoor Parking - Secured|Parking Facility|Room Service|Fire Exit Signs|Porter Services Available|Public Restrooms|Suites,
Callista Inn Golf Course Road,4.0,The standard check-in time is 12:00 PM and the standard check-out time is 12:00 PM. Early check-in or late check-out is strictly subjected to availability and may be chargeable by the hotel. Any early check-in or late check-out request must be directed and reconfirmed with hotel directly Accommodation can be denied to guests posing as a couple if suitable proof of identification is not presented at check-in.  The hotel reserves the right of admission for local residents. Banquet Facilities|Business Center |Doctor on Call|Dry Cleaning|Laundry Service Available|Lift / Elevator|Lobby|Front Desk|Multi Cuisine Restaurant |Locker Facility|Secretarial Services|Welcome Drinks|Power Backup|Audio - Visual Equipment|Conference Facility |Board Room|Internet Access Free|Newspapers In Lobby|Adjoining Rooms|Internet Access,
Chalet Diamond Penthouse,4.0,"The standard check-in time is 02:00 PM and the standard check-out time is 12:00 PM. Early check-in or late check-out is strictly subjected to availability and may be chargeable by the hotel. Any early check-in or late check-out request must be directed and reconfirmed with hotel directly Booking rates will not be valid for Christmas and New year dates, High season and long weekend dates , extra supplement will be charged over and above the paid rates as per actual and hotel discretion Doctor on Call|Lobby|Non Smoking Rooms|Parking Facilities Available|Front Desk|24 Hour Front Desk|Medical Assistance Available|Water Dispenser Available|Food Facility|Family Room|Room Service (24 Hours)|Outdoor Parking - Secured|Parking Facility|Internet Access",
Chennai Stays (Guindy),4.0,"The standard check-in time is 12:00 PM and the standard check-out time is 11:00 AM. Early check-in or late check-out is strictly subjected to availability and may be chargeable by the hotel. Any early check-in or late check-out request must be directed and reconfirmed with hotel directly NOTE: Valid govt. issued PHOTO ID DRIVING LICENCE, PASSPORT, VOTER ID IS MANDATORY AT THE TIME OF CHECK IN AT THE HOTEL. Any early check-in or late check-out request must be directed and reconfirmed with hotel directly ",
BRYS Fort,4.0,"The standard check-in time is 02:00 PM and the standard check-out time is 12:00 PM. Early check-in or late check-out is strictly subjected to availability and may be chargeable by the hotel. Any early check-in or late check-out request must be directed and reconfirmed with hotel directly Hotel may charge compulsory supplement on Christmas,New Years eve and other festive periods. Any such supplements need to be paid at the hotel.As per the govt. guidelines valid govt. issued id proofs are required to be presented on C/in. Swimming Pool|Airport Transfer Available / Surcharge|Banquet Facilities|Bar / Lounge |Billiards|Business Center |Concierge|Currency Exchange|Disabled Friendly Facilities |Doctor on Call|Dry Cleaning|Games Zone|Health Club / Gym Facility Available|Internet Access - Surcharge|Laundry Service Available|Library|Lobby|Non Smoking Rooms|Parking Facilities Available|Front Desk|Multi Cuisine Restaurant |Non Smoking Hotel|Spa On Site - Chargeable|Table Tennis|Major Credit Cards Accepted|24 Hour Front Desk|Luggage Storage|Medical Assistance Available|Air-Conditioning - Central|Power Backup|Express Check-In / Check-Out|Gardens|Audio - Visual Equipment|Wedding Services Facility|Wake-up Call / Service|Fitness Equipment|Suitable For Children|Coffee Shop / Cafe|Smoking Rooms|Jacuzzi|Wheelchair Accessibility - Room|Pool Table|Massage Services |Discotheque |Car Rental|Express Laundry|Kids Play Zone|Internet Access Free|Children's Park|Postal / Parcel Services|Family Room|Room Service (24 Hours)|Party hall|Air / Rail Booking|Baggage Room|Guide / Sightseeing Service|Parking Facility|Full Time Operation for All 7 Days|Hotel Trading License|Public Restrooms|Security at All Hotel Entrances|Suites",
Citi Hotel &amp; Suites Jharsa,4.0,The standard check-in time is 02:00 PM and the standard check-out time is 12:00 PM. Early check-in or late check-out is strictly subjected to availability and may be chargeable by the hotel. Any early check-in or late check-out request must be directed and reconfirmed with hotel directly Valid ID proof is required at the time of check in for all guests. Doctor on Call|Parking Facilities Available|Outdoor Parking - Secured|Parking Facility|Public Restrooms,
Chokhi Dhani - The Palace Hotel,4.0,"The standard check-in time is 02:00 PM and the standard check-out time is 12:00 PM. Early check-in or late check-out is strictly subjected to availability and may be chargeable by the hotel. Any early check-in or late check-out request must be directed and reconfirmed with hotel directly it is mandatory  to carry  booking vouchers at the time of check in , in case guest fails to  produce requisite voucher  he/she  will not to allowed  check in and if  he wants to check in ,it will be done on direct on the BAR Rates. Hotel may charge compulsory gala dinner supplement on Christmas / New Year's eve or other festive periods. Any such supplements need to be paid directly at the hotel. Banquet Facilities|Business Center |Currency Exchange|Doctor on Call|Health Club / Gym Facility Available|Laundry Service Available|Front Desk|Spa On Site - Chargeable|Local Tour / Travel Desk",
Chadda Guest House,4.0,"The standard check-in time is 12:00 PM and the standard check-out time is 12:00 PM. Early check-in or late check-out is strictly subjected to availability and may be chargeable by the hotel. Any early check-in or late check-out request must be directed and reconfirmed with hotel directly We do not allow unmarried / unrelated couples to checkin. This is at full discretion of the hotel management. No refund would be applicable in case the checkin is denied under such circumstances Doctor on Call|Laundry Service Available|Parking Facilities Available|Locker Facility|Wake-up Call / Service|ATM / Banking|Pick Up and Drop (Rly Station, Bus Stand, Temple)|Food Facility|Newspapers In Lobby|Room Service (24 Hours)|Courier Service|Fire Safety|First-Aid Kit at Front Desk|Public Restrooms",
Castle  View Jaisalmer,4.0,The standard check-in time is 12:00 PM and the standard check-out time is 10:00 AM. Early check-in or late check-out is strictly subjected to availability and may be chargeable by the hotel. Any early check-in or late check-out request must be directed and reconfirmed with hotel directly Check IN 12:00  Check out 10:00 Complimentary Pick and Drop from Railway Station and Bus Depot. Business Center |Doctor on Call|Laundry Service Available|Lobby|Parking Facilities Available|Front Desk|Multi Cuisine Restaurant |Locker Facility|Local Tour / Travel Desk|24 Hour Front Desk|Medical Assistance Available|Welcome Drinks|Power Backup|Massage Services |Safari|Camel Ride|Transfers Available| Bike on Rent|Vegetarian Food / Jain Food Available|Car Rental|City Shuttle Service|Internet Access Free|Newspapers In Lobby|Postal / Parcel Services|Room Service (24 Hours)| Cook Services|Air / Rail Booking|Courier Service|Guide / Sightseeing Service|RO Water Purification System|Parking Facility|Restaurant,
Central Gate,4.0,The standard check-in time is 12:00 PM and the standard check-out time is 12:00 PM. Early check-in or late check-out is strictly subjected to availability and may be chargeable by the hotel. Any early check-in or late check-out request must be directed and reconfirmed with hotel directly It is mandatory for guests to present valid photo identification at the time of check-in. Early check-in or late check-out is subject to availability and may be chargeable by the hotel. The standard check-in time is 2 PM and the standard check-out time is 12 PM. ,
Blue Moon Guest House,4.0,The standard check-in time is 12:00 PM and the standard check-out time is 12:00 PM. Early check-in or late check-out is strictly subjected to availability and may be chargeable by the hotel. Any early check-in or late check-out request must be directed and reconfirmed with hotel directly At the time of check in we want proper photo id proof. Unmarried couples are not allowed Doctor on Call|Laundry Service Available|Power Backup|Conference Facility |Internet Access Free|Newspapers In Lobby|Parking Facility|Room Service|Speciality Restaurant |Suites,
Camp Chrysalid Sitlakhet (16km From Almora),4.0,The standard check-in time is 12:00 PM and the standard check-out time is 12:00 PM. Early check-in or late check-out is strictly subjected to availability and may be chargeable by the hotel. Any early check-in or late check-out request must be directed and reconfirmed with hotel directly 1. All guests requested to carry Valid ID proof for Check Inn. 2. Couple Guests with Local ID's are not allowed to check inn. 3. Cancellation and prepayment policies vary according to room type. Doctor on Call|Library|Lobby|Local Tour / Travel Desk|24 Hour Front Desk|Medical Assistance Available|Power Backup|Smoking Rooms|Kitchen available (home cook food on request)|Nature Walk|Express Laundry|Taxi Services|Food Facility|Newspapers In Lobby|Room Service (24 Hours)|RO Water Purification System|Outdoor Parking - Secured|Parking Facility,
Chandelao Garh (Heritage Hotel),4.0,"The standard check-in time is 12:00 PM and the standard check-out time is 12:00 PM. Early check-in or late check-out is strictly subjected to availability and may be chargeable by the hotel. Any early check-in or late check-out request must be directed and reconfirmed with hotel directly Hotel may charge compulsory supplement on Christmas,New Years eve and other festive periods. Any such supplements need to be paid at the hotel.As per the govt. guidelines valid govt. issued id proofs are required to be presented on C/in. Airport Transfer Available / Surcharge|Barbecue Area|Internet Access - Surcharge|Laundry Service Available|Parking Facilities Available|Front Desk|Luggage Storage|Medical Assistance Available|Gardens",
Cabo Cabana Wooden Cottages,4.0,"The standard check-in time is 12:00 PM and the standard check-out time is 11:00 AM. Early check-in or late check-out is strictly subjected to availability and may be chargeable by the hotel. Any early check-in or late check-out request must be directed and reconfirmed with hotel directly Photo ids are compulsory at the time of Ch-in, Hotel may reject confirm booking if fail to produce same Hotel may charge compulsory gala dinner supplement on Christmas / New Year's eve or other festive periods. Any such supplements need to be paid directly at the hotel. Doctor on Call|Laundry Service Available|Jacuzzi",
Bhawna Clarks Inn,4.0,The standard check-in time is 12:00 PM and the standard check-out time is 12:00 PM. Early check-in or late check-out is strictly subjected to availability and may be chargeable by the hotel. Any early check-in or late check-out request must be directed and reconfirmed with hotel directly Gala dinner mandatory charges on 31st Dec 2015 @ 3599/- per couple Children below 05 years are comp 6-11 years  INR 1100/- No Pets allowed. Not more than three adults allowed in one room. Banquet Facilities|Business Center |Currency Exchange|Doctor on Call|Health Club / Gym Facility Available|Laundry Service Available|Locker Facility|24 Hour Front Desk|Cell Phone Rental|Smoking Area,
Chhabra Guest House,4.0,The standard check-in time is 12:00 PM and the standard check-out time is 12:00 PM. Early check-in or late check-out is strictly subjected to availability and may be chargeable by the hotel. Any early check-in or late check-out request must be directed and reconfirmed with hotel directly We do not allow unmarried / unrelated couples to checkin. This is at full discretion of the hotel management. No refund would be applicable in case the checkin is denied under such circumstances. Airport Transfer Available / Surcharge|Babysitting/ Child Care (surcharge)|Ballroom|Business Center |Concierge|Currency Exchange|Disabled Friendly Facilities |Doctor on Call|Dry Cleaning|Health Club / Gym Facility Available|Internet Access - Surcharge|Laundry Service Available|Library|Lift / Elevator|Front Desk|Parking Facility|Room Service|Public Restrooms,
Black Beach Resort,4.0,The standard check-in time is 12:00 PM and the standard check-out time is 12:00 PM. Early check-in or late check-out is strictly subjected to availability and may be chargeable by the hotel. Any early check-in or late check-out request must be directed and reconfirmed with hotel directly Hotel may charge compulsory gala dinner supplement on Christmas / New Year's eve or other festive periods. Any such supplements need to be paid directly at the hotel. Airport Transfer Available / Surcharge|Currency Exchange|Doctor on Call|Games Zone|Gift Shop |Internet Access - Surcharge|Laundry Service Available|Lobby|Non Smoking Rooms|Front Desk|Multi Cuisine Restaurant |Locker Facility|Local Tour / Travel Desk|Suitable For Children,
Bharati Lodge,4.0,The standard check-in time is 10:00 AM and the standard check-out time is 09:00 AM. Early check-in or late check-out is strictly subjected to availability and may be chargeable by the hotel. Any early check-in or late check-out request must be directed and reconfirmed with hotel directly Laundry Service Available|Lift / Elevator|Parking Facilities Available|Power Backup|Parking Facility|Restaurant|Room Service|Public Restrooms,
Camp Sparrow,4.0,The standard check-in time is 12:00 PM and the standard check-out time is 12:00 PM. Early check-in or late check-out is strictly subjected to availability and may be chargeable by the hotel. Any early check-in or late check-out request must be directed and reconfirmed with hotel directly Doctor on Call|Yoga Hall / Classes|Trekking,
CHIKKOS NEST HOMESTAY,4.0,The standard check-in time is 10:00 AM and the standard check-out time is 11:00 AM. Early check-in or late check-out is strictly subjected to availability and may be chargeable by the hotel. Any early check-in or late check-out request must be directed and reconfirmed with hotel directly We do not allow unmarried / unrelated couples to checkin. This is at full discretion of the hotel management. No refund would be applicable in case the checkin is denied under such circumstances) Doctor on Call|Non Smoking Rooms|Parking Facilities Available|Front Desk|Luggage Storage|Doorman|Wake-up Call / Service|Smoking Rooms|Extra Person / Child - Share the same room|Family Room|Outdoor Parking - Secured|Room Service,
Camp Jayshee,4.0,The standard check-in time is 02:00 PM and the standard check-out time is 12:00 PM. Early check-in or late check-out is strictly subjected to availability and may be chargeable by the hotel. Any early check-in or late check-out request must be directed and reconfirmed with hotel directly ,
Braganza Guest House,4.0,The standard check-in time is 12:00 PM and the standard check-out time is 11:00 AM. Early check-in or late check-out is strictly subjected to availability and may be chargeable by the hotel. Any early check-in or late check-out request must be directed and reconfirmed with hotel directly ID cards are mandatory during the time check in. Internet Access - Surcharge|Lobby|Non Smoking Rooms|Parking Facilities Available|Front Desk|24 Hour Front Desk|Doorman|Gardens|Nature Walk|Smoking Area |Veranda|Water Dispenser Available|Internet Access Free|Parking Facility|Room Service|First-Aid Kit at Front Desk,
Bulande Hope farm Bangalore,4.0,The standard check-in time is 12:00 PM and the standard check-out time is 12:00 PM. Early check-in or late check-out is strictly subjected to availability and may be chargeable by the hotel. Any early check-in or late check-out request must be directed and reconfirmed with hotel directly The standard check-in time is 12:00 PM and the standard check-out time is 12:00 PM. Early check-in or late check-out is strictly subjected to availability and may be chargeable by the hotel.  We wont allow unmarried couple to stay. Laundry Service Available|Lift / Elevator|Parking Facilities Available|Multi Cuisine Restaurant |24 Hour Front Desk|Power Backup|Catering|Fitness Equipment|Suitable For Children|Grocery|Kitchen available (home cook food on request)|Floor Butler|Vegetarian Food / Jain Food Available|City Shuttle Service|Food Facility|Internet Access Free|Newspapers In Lobby| Cook Services|Courier Service|Outdoor Parking - Secured|Parking Facility|Internet Access|Restaurant|Room Service,
Bhima's Paradise,4.0,"The standard check-in time is 02:00 PM and the standard check-out time is 12:00 PM. Early check-in or late check-out is strictly subjected to availability and may be chargeable by the hotel. Any early check-in or late check-out request must be directed and reconfirmed with hotel directly 1.ALL GUESTS ARE REQUIRED TO PRESENT PROPER PHOTO IDENTIFICATION UPON CHECK IN. 2.The identity proof would include a valid Driving license/voter identity card/PAN card, etc. Valid Passport mandatory for all Foreign guests. 3.Booking rates will not be valid for Christmas and New year dates High season and long weekend dates extra supplement will be charged over and above the paid rates as per actual and hotel discretion. No refund would be applicable in case the hotel denies check-in under such circumstances. Doctor on Call|Laundry Service Available|Lobby|Parking Facilities Available|Front Desk|Power Backup|Suitable For Children|Veranda|Taxi Services|Room Service|Fire Safety|Anti-Slip Ramps|Fire Exit Signs|First-Aid Kit at Front Desk",
Camp Mehi Tents,4.0,The standard check-in time is 02:00 PM and the standard check-out time is 12:00 PM. Early check-in or late check-out is strictly subjected to availability and may be chargeable by the hotel. Any early check-in or late check-out request must be directed and reconfirmed with hotel directly The standard check-in time is 12:00 PM and the standard check-out time is 12:00 PM. Early check-in or late check-out is strictly subjected to availability and may be chargeable by the hotel. Doctor on Call|Lobby|Front Desk|Local Tour / Travel Desk|Major Credit Cards Accepted|24 Hour Front Desk|Power Backup|Express Check-In / Check-Out|Room Service (24 Hours)|First-Aid Kit at Front Desk,
Bhatia Villa 5,4.0,"The standard check-in time is 12:00 PM and the standard check-out time is 12:00 PM. Early check-in or late check-out is strictly subjected to availability and may be chargeable by the hotel. Any early check-in or late check-out request must be directed and reconfirmed with hotel directly Booking rates will not be valid for Christmas and New year dates, High season and long weekend dates  extra supplement will be charged over and above the paid rates as per actual and hotel discretion. Concierge|Doctor on Call|Parking Facilities Available|Front Desk",
Chowkidinghee Heritage Chang Bungalow,4.0,The standard check-in time is 12:00 PM and the standard check-out time is 12:00 PM. Early check-in or late check-out is strictly subjected to availability and may be chargeable by the hotel. Any early check-in or late check-out request must be directed and reconfirmed with hotel directly  We do not allow unmarried / unrelated couples to checkin. This is at full discretion of the hotel management. No refund would be applicable in case the checkin is denied under such circumstances Doctor on Call|Lobby|Front Desk|Power Backup|Veranda|Taxi Services|Food Facility|Newspapers In Lobby|Parking Facility|Room Service|Fire Safety|Anti-Slip Ramps|Fire Exit Signs|First-Aid Kit at Front Desk,
BKS Guest House,4.0,The standard check-in time is 12:00 PM and the standard check-out time is 12:00 PM. Early check-in or late check-out is strictly subjected to availability and may be chargeable by the hotel. Any early check-in or late check-out request must be directed and reconfirmed with hotel directly We do not allow unmarried / unrelated couples to checkin. This is at full discretion of the hotel management. No refund would be applicable in case the checkin is denied under such circumstances Doctor on Call|Parking Facilities Available|Power Backup|Fire Safety|Fire Exit Signs|First-Aid Kit at Front Desk,
Cauvery Sannidhi,4.0,"The standard check-in time is 12:00 PM and the standard check-out time is 12:00 PM. Early check-in or late check-out is strictly subjected to availability and may be chargeable by the hotel. Any early check-in or late check-out request must be directed and reconfirmed with hotel directly Special Note: There maybe supplementary charges for Xmas and New Year as per hotel policy, kindly pay the supplementary charges directly at the hotel.. Babysitting/ Child Care (surcharge)|Concierge|Doctor on Call|Parking Facilities Available|Multi Cuisine Restaurant |Local Tour / Travel Desk|Medical Assistance Available|Power Backup|Gardens|Wake-up Call / Service|Nature Walk|Taxi Services|Food Facility|Parking Facility",
Casa Del Fauno,4.0,"The standard check-in time is 12:00 PM and the standard check-out time is 11:00 AM. Early check-in or late check-out is strictly subjected to availability and may be chargeable by the hotel. Any early check-in or late check-out request must be directed and reconfirmed with hotel directly Booking rates will not be valid for Christmas and New year dates, High season and long weekend dates  extra supplement will be charged over and above the paid rates as per actual and hotel discretion. Doctor on Call|Parking Facilities Available|Front Desk|Medical Assistance Available|Public Restrooms",
Central Ninamma  Boutique Resort,4.0,"The standard check-in time is 12:00 PM and the standard check-out time is 11:00 AM. Early check-in or late check-out is strictly subjected to availability and may be chargeable by the hotel. Any early check-in or late check-out request must be directed and reconfirmed with hotel directly Hotel may charge compulsory gala dinner supplement on Christmas / New Year's eve or other festive periods. Any such supplements need to be paid directly at the hotel. Airport Transfer Available / Surcharge|Babysitting/ Child Care (surcharge)|Concierge|Currency Exchange|Doctor on Call|Dry Cleaning|Internet Access - Surcharge|Laundry Service Available|Library|Lobby|Parking Facilities Available|Front Desk|Multi Cuisine Restaurant |Local Tour / Travel Desk|Major Credit Cards Accepted|Doorman|Medical Assistance Available|Welcome Drinks|Power Backup|Audio - Visual Equipment|Wake-up Call / Service|Porter / Bellhop|Suitable For Children|Conference Facility |Fax Machine|Limousine Service Available|Pick Up and Drop (Rly Station, Bus Stand, Temple)|Extra Person / Child - Share the same room|Car Rental|Board Room|City Shuttle Service|Internet Access Free|Newspapers In Lobby|Room Service (24 Hours)|Air / Rail Booking|Guide / Sightseeing Service|RO Water Purification System|Outdoor Parking - Secured|Outdoor Parking - Non Secured|Parking Facility|Internet Access|Room Service|Fire Safety|Recreation Zone|Porter Services Available|Public Restrooms",
Chokhi Dhani - An Ethnic Village Resort,4.0,"The standard check-in time is 03:00 PM and the standard check-out time is 12:00 PM. Early check-in or late check-out is strictly subjected to availability and may be chargeable by the hotel. Any early check-in or late check-out request must be directed and reconfirmed with hotel directly 1. Cancellation :- No cancelation/ No Refund/ No amendments once booking generated. 2. Age Policy :- Extra above 4 yrs to 9yrs to be charged 2000 Rs. plus Taxes , Above 9yrs will be 3500 plus Taxes  Per Kid Per Night basis.  Accommodation Price only (4 Adult  in one room not allowed)  3. Terms and Conditions  (i) Our checkin time is 1500 hrs and checkout time is 1200 hrs. Any early checkin or late checkout will be subject to availability and will be charged accordingly.  (ii) As per recent Govt. law, it is Mandatory for all the guests to show their Photo ID proof at the time of CheckIn which can be in form of  Passport and Visa Copy, Driving License, Voter ID Card, failing which the hotel reserves the right of refusal. IN CASE OF foreigner guest passport with Visa is mandatory. Pan Card will not be accepted. Hotel has the authority to decide any suspected person and can deny to give the check-in (iii) Its Mandatory to carry hard copy of booking voucher at the time of check in. Swimming Pool|Babysitting/ Child Care (surcharge)|Banquet Facilities|Bar / Lounge |Beauty Salon - on charge|Business Center |Currency Exchange|Doctor on Call|Health Club / Gym Facility Available|Laundry Service Available|Parking Facilities Available|Front Desk|Multi Cuisine Restaurant |Locker Facility|Spa On Site - Chargeable|Tennis Court|Local Tour / Travel Desk|24 Hour Front Desk|Power Backup|Gardens|Pool Table|Internet Access Free|Children's Park|Postal / Parcel Services|Room Service (24 Hours)|Outdoor Parking - Secured|Parking Facility|Porter Services Available|Speciality Restaurant",
Camp O Royale,4.0,The standard check-in time is 02:00 PM and the standard check-out time is 12:00 PM. Early check-in or late check-out is strictly subjected to availability and may be chargeable by the hotel. Any early check-in or late check-out request must be directed and reconfirmed with hotel directly ,
Brindhavan Dream House,4.0,The standard check-in time is 12:00 PM and the standard check-out time is 12:00 PM. Early check-in or late check-out is strictly subjected to availability and may be chargeable by the hotel. Any early check-in or late check-out request must be directed and reconfirmed with hotel directly Camp fire with music Rs.1500/- Power Backup|Kitchen available (home cook food on request)|Mini Theatre|Campfire / Bon Fire|Children's Park|Parking Facility,
Blue Bird Resort,4.0,The standard check-in time is 09:00 AM and the standard check-out time is 08:00 AM. Early check-in or late check-out is strictly subjected to availability and may be chargeable by the hotel. Any early check-in or late check-out request must be directed and reconfirmed with hotel directly Hotel may charge compulsory gala dinner supplement on Christmas / New Year's eve or other festive periods. Any such supplements need to be paid directly at the hotel. From 15 Dec'15 to Jan'16 festive season charge of Rs.1200 per room per night is applicable which is to be paid at the hotel directly No Refund applicable in case of any cancellation of ferry due to weather condition or natural calamity Internet Access - Surcharge|Laundry Service Available|Parking Facilities Available|Front Desk|Multi Cuisine Restaurant |Power Backup|Gardens|Room Service (24 Hours)|Parking Facility|Room Service,
Celesta,4.0,The standard check-in time is 12:00 PM and the standard check-out time is 12:00 PM. Early check-in or late check-out is strictly subjected to availability and may be chargeable by the hotel. Any early check-in or late check-out request must be directed and reconfirmed with hotel directly Late check-out and early C/in are subject to the availability.  Guest must carry a valid government ID proof (Passport / Driving License / Aadhar Card / Voter ID) - any one ofthese at the time of check in. Airport Transfer Available / Surcharge|Banquet Facilities|Bar / Lounge |Business Center |Currency Exchange|Disabled Friendly Facilities |Doctor on Call|Dry Cleaning|Internet Access - Surcharge|Laundry Service Available|Lift / Elevator|Lobby|Parking Facilities Available|Front Desk|Multi Cuisine Restaurant |Local Tour / Travel Desk|Valet service|Major Credit Cards Accepted|24 Hour Front Desk|Doorman|Medical Assistance Available|Air-Conditioning - Central|Welcome Drinks|Power Backup|Express Check-In / Check-Out|Wedding Services Facility|Wake-up Call / Service|Coffee Shop / Cafe|Conference Facility |Electronic / Magnetic Keys|Wheelchair Accessibility - Room|Open Air Restaurant / Dining |Vegetarian Food / Jain Food Available|Car Rental|Express Laundry|Newspapers In Lobby|Room Service (24 Hours)|Air / Rail Booking|Courier Service,
Chethans inn  serviced apartments,4.0,The standard check-in time is 12:00 PM and the standard check-out time is 12:00 PM. Early check-in or late check-out is strictly subjected to availability and may be chargeable by the hotel. Any early check-in or late check-out request must be directed and reconfirmed with hotel directly Terms and Conditions: It is mandatory for guests to present valid photo identification at the time of check-in. Doctor on Call|Dry Cleaning|Laundry Service Available|Lift / Elevator|Parking Facilities Available|Front Desk|Local Tour / Travel Desk|Power Backup|Wake-up Call / Service|Taxi Services|Internet Access Free,
Calangute Annexe,4.0,The standard check-in time is 12:00 PM and the standard check-out time is 10:00 AM. Early check-in or late check-out is strictly subjected to availability and may be chargeable by the hotel. Any early check-in or late check-out request must be directed and reconfirmed with hotel directly Hotel may charge compulsory gala dinner supplement on Christmas / New Year's eve or other festive periods. Any such supplements need to be paid directly at the hotel. Multi Cuisine Restaurant |Local Tour / Travel Desk| Bike on Rent|Car Rental|Room Service,
Camp Mehi Cottages,4.0,The standard check-in time is 02:00 PM and the standard check-out time is 12:00 PM. Early check-in or late check-out is strictly subjected to availability and may be chargeable by the hotel. Any early check-in or late check-out request must be directed and reconfirmed with hotel directly The standard check-in time is 12:00 PM and the standard check-out time is 12:00 PM. Early check-in or late check-out is strictly subjected to availability and may be chargeable by the hotel. Doctor on Call|Lobby|Front Desk|Local Tour / Travel Desk|Major Credit Cards Accepted|24 Hour Front Desk|Luggage Storage|Medical Assistance Available|Power Backup,
CARAMEL HOMESTAY,4.0,The standard check-in time is 12:00 PM and the standard check-out time is 12:00 PM. Early check-in or late check-out is strictly subjected to availability and may be chargeable by the hotel. Any early check-in or late check-out request must be directed and reconfirmed with hotel directly Dear Sir/Madam  Request you to go through our terms and conditions. Carmel Home stay is run by my wife and I directly.  Therefore we are a bit cautious about our guests we host.  Carmel home stay is not for youngsters who are looking to party. Doctor on Call|Non Smoking Rooms|Doorman|Extra Person / Child - Share the same room|Family Room|Room Service (24 Hours)|Outdoor Parking - Secured|Room Service,
Blue Dawn Suites Service Appartment,4.0,The standard check-in time is 12:00 PM and the standard check-out time is 12:00 PM. Early check-in or late check-out is strictly subjected to availability and may be chargeable by the hotel. Any early check-in or late check-out request must be directed and reconfirmed with hotel directly We do not allow unmarried / unrelated couples to checkin. This is at full discretion of the hotel management. No refund would be applicable in case the checkin is denied under such circumstances Airport Transfer Available / Surcharge|Babysitting/ Child Care (surcharge)|Business Center |Concierge|Currency Exchange|Disabled Friendly Facilities |Doctor on Call|Dry Cleaning|Internet Access - Surcharge|Laundry Service Available|Lift / Elevator|Lobby|Non Smoking Rooms|Parking Facilities Available|Front Desk|Major Credit Cards Accepted|24 Hour Front Desk|Luggage Storage|Doorman|Internet Access Free,
Casa Anjuna-Boutique Resort,4.0,"The standard check-in time is 02:00 PM and the standard check-out time is 12:00 PM. Early check-in or late check-out is strictly subjected to availability and may be chargeable by the hotel. Any early check-in or late check-out request must be directed and reconfirmed with hotel directly Hotel is charging a Compulsory New year'Eve Gala Dinner @ Rs. 3000 per head, which is payable directly at the hotel on check in Swimming Pool|Airport Transfer Available / Surcharge|Bar / Lounge |Doctor on Call|Internet Access - Surcharge|Laundry Service Available|Lobby|Parking Facilities Available|Front Desk|Multi Cuisine Restaurant |Locker Facility|Spa On Site - Chargeable|Table Tennis|Local Tour / Travel Desk|Major Credit Cards Accepted|24 Hour Front Desk|Luggage Storage|Medical Assistance Available|Power Backup|Gardens|Coffee Shop / Cafe|Conference Facility |Pool Table|Pick Up and Drop (Rly Station, Bus Stand, Temple)|Open Air Restaurant / Dining | Bike on Rent|Extra Person / Child - Share the same room|Village Visit ( Chargeable )|Car Rental|Taxi Services|Food Facility|Internet Access Free|Newspapers In Lobby|Family Room|Spa Services Nearby| Cook Services|Guide / Sightseeing Service|Outdoor Parking - Non Secured|Parking Facility|Internet Access|Restaurant|Room Service|First-Aid Kit at Front Desk|Paid Transfers|Public Restrooms|Speciality Restaurant",
Calista Resort,4.0,The standard check-in time is 12:00 PM and the standard check-out time is 11:00 AM. Early check-in or late check-out is strictly subjected to availability and may be chargeable by the hotel. Any early check-in or late check-out request must be directed and reconfirmed with hotel directly 1. All guests requested to carry Valid ID proof for Check Inn. 2. Cancellation and prepayment policies vary according to room type. Airport Transfer Available / Surcharge|Ballroom|Banquet Facilities|Business Center |Concierge|Currency Exchange|Doctor on Call|Dry Cleaning|Internet Access - Surcharge|Laundry Service Available|Lobby|Non Smoking Rooms|Parking Facilities Available|Pets Allowed|Front Desk|Multi Cuisine Restaurant |Locker Facility|Non Smoking Hotel|Valet service|Major Credit Cards Accepted|24 Hour Front Desk|Doorman|Medical Assistance Available|Air-Conditioning - Central|Welcome Drinks|Power Backup|Express Check-In / Check-Out|Gardens|Audio - Visual Equipment|Wedding Services Facility|Catering|Multi Lingual Staff|Wake-up Call / Service|Porter / Bellhop|Suitable For Children|Coffee Shop / Cafe|Conference Facility |Smoking Rooms|Kitchen available (home cook food on request)|Electronic / Magnetic Keys|Fire Place Available |Free Local Calls|Picnic Area|Cell Phone Rental|Wheelchair Accessibility - Room|Massage Services |Smoking Area |Veg / Non Veg Kitchens Separate |Vegetarian Food / Jain Food Available|Extra Person / Child - Share the same room|Car Rental|Express Laundry|Self Check - In|Taxi Services|City Shuttle Service|Food Facility|Internet Access Free|Newspapers In Lobby|Electronic Check-Out|Postal / Parcel Services|Room Service (24 Hours)|Parking (Surcharge)|Party hall|Air / Rail Booking|STD / ISD|Baggage Room|Courier Service|Guide / Sightseeing Service|Courtesy Coach|RO Water Purification System|Outdoor Parking - Secured|Parking Facility|Room Service|Fire Safety|Anti-Slip Ramps|CCTV|First-Aid Kit at Front Desk|Full Time Operation for All 7 Days|Hotel Trading License|Metal Detectors|Paid Transfers|Pest Control Facility|Public Restrooms|Security at All Hotel Entrances|Smoke Detector|Suites,
Boopathy Lodge,4.0,The standard check-in time is 12:00 PM and the standard check-out time is 12:00 PM. Early check-in or late check-out is strictly subjected to availability and may be chargeable by the hotel. Any early check-in or late check-out request must be directed and reconfirmed with hotel directly Lift / Elevator|24 Hour Front Desk|Room Service (24 Hours)|Room Service,
Buxar Hotel,4.0,The standard check-in time is 02:00 PM and the standard check-out time is 12:00 PM. Early check-in or late check-out is strictly subjected to availability and may be chargeable by the hotel. Any early check-in or late check-out request must be directed and reconfirmed with hotel directly We do not allow unmarried / unrelated couples to checkin. This is at full discretion of the hotel management. No refund would be applicable in case the checkin is denied under such circumstances Doctor on Call|Laundry Service Available|Front Desk|Power Backup|Parking Facility,
Chief Guest House,4.0,The standard check-in time is 12:00 PM and the standard check-out time is 12:00 PM. Early check-in or late check-out is strictly subjected to availability and may be chargeable by the hotel. Any early check-in or late check-out request must be directed and reconfirmed with hotel directly Doctor on Call|Internet Access - Surcharge|Front Desk|Local Tour / Travel Desk|Medical Assistance Available|Power Backup,
Bhimtal Holiday Villa,4.0,The standard check-in time is 12:00 PM and the standard check-out time is 10:00 AM. Early check-in or late check-out is strictly subjected to availability and may be chargeable by the hotel. Any early check-in or late check-out request must be directed and reconfirmed with hotel directly The standard check-in time is 12:00 PM and the standard check-out time is 12:00 PM. Early check-in or late check-out is strictly subjected to availability and may be chargeable by the hotel. Doctor on Call|Parking Facilities Available|Front Desk|Air-Conditioning - Central|Power Backup|Wake-up Call / Service|Smoking Rooms|Internet Access|Restaurant|First-Aid Kit at Front Desk|Public Restrooms,
Chilipili Estate Stay,4.0,The standard check-in time is 12:00 PM and the standard check-out time is 12:00 PM. Early check-in or late check-out is strictly subjected to availability and may be chargeable by the hotel. Any early check-in or late check-out request must be directed and reconfirmed with hotel directly Hotel may charge compulsory gala dinner supplement on Christmas / New Year's eve or other festive periods. Any such supplements need to be paid directly at the hotel. Doctor on Call|Dry Cleaning|Games Zone|Parking Facilities Available|Front Desk|Multi Cuisine Restaurant |24 Hour Front Desk|Welcome Drinks|Power Backup|Gardens|Open Air Restaurant / Dining |Kids Play Zone|Campfire / Bon Fire|Newspapers In Lobby|Children's Park|Room Service (24 Hours),
Capitol Hills Hotel,4.0,The standard check-in time is 12:00 PM and the standard check-out time is 12:00 PM. Early check-in or late check-out is strictly subjected to availability and may be chargeable by the hotel. Any early check-in or late check-out request must be directed and reconfirmed with hotel directly Check in 1200 Hours Early arrival is subject to availability.  Check out 1200 Hours Late check-outs are available on request and subject to availability ,
Camp Chrysalid Dharamshala,4.0,The standard check-in time is 12:00 PM and the standard check-out time is 12:00 PM. Early check-in or late check-out is strictly subjected to availability and may be chargeable by the hotel. Any early check-in or late check-out request must be directed and reconfirmed with hotel directly Hotel may charge compulsory gala dinner supplement on Christmas / New Year's eve or other festive periods. Any such supplements need to be paid directly at the hotel. Doctor on Call|Laundry Service Available|Lift / Elevator|Parking Facilities Available|Local Tour / Travel Desk|Major Credit Cards Accepted|24 Hour Front Desk|Room Service (24 Hours),
Castle Service Apartment - Goregaon,4.0,The standard check-in time is 12:00 PM and the standard check-out time is 12:00 PM. Early check-in or late check-out is strictly subjected to availability and may be chargeable by the hotel. Any early check-in or late check-out request must be directed and reconfirmed with hotel directly Unmarried couple not allowed. Doctor on Call|Laundry Service Available|Lift / Elevator|Lobby|Room Service,
Chandana Annexe,4.0,The standard check-in time is 12:00 PM and the standard check-out time is 12:00 PM. Early check-in or late check-out is strictly subjected to availability and may be chargeable by the hotel. Any early check-in or late check-out request must be directed and reconfirmed with hotel directly Doctor on Call|Internet Access - Surcharge|Laundry Service Available|Lobby|Non Smoking Rooms|Parking Facilities Available|Front Desk|24 Hour Front Desk|Doorman|Power Backup|Express Check-In / Check-Out|Gardens|Car Rental|Kids Play Zone|Food Facility|Newspapers In Lobby|Family Room|Room Service (24 Hours),
carlin  service apartments,4.0,"The standard check-in time is 12:00 PM and the standard check-out time is 12:00 PM. Early check-in or late check-out is strictly subjected to availability and may be chargeable by the hotel. Any early check-in or late check-out request must be directed and reconfirmed with hotel directly Laundry Service Available|Non Smoking Rooms|Parking Facilities Available|Front Desk|Locker Facility|24 Hour Front Desk|Power Backup|Express Check-In / Check-Out|Catering|Multi Lingual Staff|Wake-up Call / Service|Porter / Bellhop|Suitable For Children|Pick Up and Drop (Rly Station, Bus Stand, Temple)|Extra Person / Child - Share the same room|Taxi Services|Food Facility|Internet Access Free|Newspapers In Lobby|Room Service (24 Hours)|Outdoor Parking - Secured|Parking Facility",
BHIDE HOMESTAY,4.0,The standard check-in time is 12:00 PM and the standard check-out time is 12:00 PM. Early check-in or late check-out is strictly subjected to availability and may be chargeable by the hotel. Any early check-in or late check-out request must be directed and reconfirmed with hotel directly Parking Facilities Available|Front Desk,
BORAH'S HOME STAY,4.0,The standard check-in time is 02:00 PM and the standard check-out time is 12:00 PM. Early check-in or late check-out is strictly subjected to availability and may be chargeable by the hotel. Any early check-in or late check-out request must be directed and reconfirmed with hotel directly  We do not allow unmarried / unrelated couples to checkin. This is at full discretion of the hotel management. No refund would be applicable in case the checkin is denied under such circumstances Doctor on Call|Front Desk|24 Hour Front Desk|Doorman|Room Service (24 Hours)|Outdoor Parking - Secured|Room Service|Fire Safety|CCTV,
Choice Rooms,4.0,The standard check-in time is 02:00 PM and the standard check-out time is 12:00 PM. Early check-in or late check-out is strictly subjected to availability and may be chargeable by the hotel. Any early check-in or late check-out request must be directed and reconfirmed with hotel directly Hotel may charge compulsory gala dinner supplement on Christmas / New Year's eve or other festive periods. Any such supplements need to be paid directly at the hotel. Laundry Service Available|Parking Facilities Available|Front Desk|Locker Facility|Power Backup|Internet Access Free|Room Service (24 Hours)|Outdoor Parking - Secured|Room Service|Porter Services Available,
Bizz Tamanna Hotel,4.0,The standard check-in time is 12:00 PM and the standard check-out time is 12:00 PM. Early check-in or late check-out is strictly subjected to availability and may be chargeable by the hotel. Any early check-in or late check-out request must be directed and reconfirmed with hotel directly Hotel may charge compulsory gala dinner supplement on Christmas / New Year's eve or other festive periods. Any such supplements need to be paid directly at the hotel. Bar / Lounge |Doctor on Call|Health Club / Gym Facility Available|Laundry Service Available|Lift / Elevator|Parking Facilities Available|Front Desk|Multi Cuisine Restaurant |Power Backup|Gardens|Internet Access Free|Room Service (24 Hours)|Outdoor Parking - Secured|Parking Facility|Room Service,
Blue Star Hotel,4.0,The standard check-in time is 12:00 PM and the standard check-out time is 12:00 PM. Early check-in or late check-out is strictly subjected to availability and may be chargeable by the hotel. Any early check-in or late check-out request must be directed and reconfirmed with hotel directly We do not allow unmarried / unrelated couples to checkin. This is at full discretion of the hotel management. No refund would be applicable in case the checkin is denied under such circumstances. Doctor on Call|Parking Facilities Available|Front Desk|Room Service|Fire Safety|Public Restrooms,
CCC PepperMint,4.0,"The standard check-in time is 12:00 PM and the standard check-out time is 12:00 PM. Early check-in or late check-out is strictly subjected to availability and may be chargeable by the hotel. Any early check-in or late check-out request must be directed and reconfirmed with hotel directly Booking rates will not be valid for Christmas and New year dates, High season and long weekend dates extra supplement will be charged over and above the paid rates as per actual and hotel discretion. Doctor on Call|Dry Cleaning|Front Desk|Food Facility|Room Service (24 Hours)|First-Aid Kit at Front Desk",
Chandana Residency,4.0,The standard check-in time is 12:00 PM and the standard check-out time is 12:00 PM. Early check-in or late check-out is strictly subjected to availability and may be chargeable by the hotel. Any early check-in or late check-out request must be directed and reconfirmed with hotel directly Check In time	12 noon Check out Time	11:00 AM Parking Facilities Available|Front Desk,
Bougainvillea,4.0,The standard check-in time is 01:00 PM and the standard check-out time is 11:00 AM. Early check-in or late check-out is strictly subjected to availability and may be chargeable by the hotel. Any early check-in or late check-out request must be directed and reconfirmed with hotel directly We do not allow unmarried / unrelated couples to checkin. This is at full discretion of the hotel management. No refund would be applicable in case the checkin is denied under such circumstances Swimming Pool|Doctor on Call|Non Smoking Rooms|Parking Facilities Available|Front Desk|Doorman|Power Backup|Internet Access Free|Baggage Room|Adjoining Rooms|Outdoor Parking - Secured|Parking Facility|First-Aid Kit at Front Desk|Suites,
BrijRama Palace. A Heritage Hotel,4.0,The standard check-in time is 12:00 PM and the standard check-out time is 12:00 PM. Early check-in or late check-out is strictly subjected to availability and may be chargeable by the hotel. Any early check-in or late check-out request must be directed and reconfirmed with hotel directly Complimentary Wifi up to 2 devices ID Cards are mandatory at the time of check in. Airport Transfer Available / Surcharge|Currency Exchange|Doctor on Call|Dry Cleaning|Laundry Service Available|Lift / Elevator|Lobby|Non Smoking Rooms|Front Desk|Non Smoking Hotel|Local Tour / Travel Desk|Major Credit Cards Accepted|24 Hour Front Desk|Luggage Storage|Air-Conditioning - Central|Welcome Drinks|Express Check-In / Check-Out|Audio - Visual Equipment|Multi Lingual Staff|Wake-up Call / Service|Separate Sitting Area|Boating|Veranda|Vegetarian Food / Jain Food Available|Car Rental|Newspapers In Lobby|Room Service (24 Hours)|Adjoining Rooms|Internet Access|Restaurant|CCTV,
Chandana Deluxe Hotel,4.0,The standard check-in time is 02:00 PM and the standard check-out time is 12:00 PM. Early check-in or late check-out is strictly subjected to availability and may be chargeable by the hotel. Any early check-in or late check-out request must be directed and reconfirmed with hotel directly We do not allow unmarried / unrelated couples to checkin. This is at full discretion of the hotel management. No refund would be applicable in case the checkin is denied under such circumstances Non Smoking Rooms|Parking Facilities Available|Smoking Rooms|Extra Person / Child - Share the same room|Outdoor Parking - Non Secured|Parking Facility|Room Service,
Blue Sky Group of houseboats,4.0,The standard check-in time is 12:00 PM and the standard check-out time is 12:00 PM. Early check-in or late check-out is strictly subjected to availability and may be chargeable by the hotel. Any early check-in or late check-out request must be directed and reconfirmed with hotel directly Doctor on Call|Lobby|Local Tour / Travel Desk|Power Backup|Room Service (24 Hours)|RO Water Purification System|Room Service,
BWDA Resort,4.0,The standard check-in time is 12:00 PM and the standard check-out time is 10:00 AM. Early check-in or late check-out is strictly subjected to availability and may be chargeable by the hotel. Any early check-in or late check-out request must be directed and reconfirmed with hotel directly Govt Id proof with address required The standard check-in time is 12:00 PM and the standard check-out time is 12:00 PM. Early check-in or late check-out is strictly subjected to availability and may be chargeable by the hotel. Any early check-in or late check-out request must be directed and reconfirmed with hotel directly ,
"Cambay Sapphire , Gandhinagar",4.0,"The standard check-in time is 02:00 PM and the standard check-out time is 12:00 PM. Early check-in or late check-out is strictly subjected to availability and may be chargeable by the hotel. Any early check-in or late check-out request must be directed and reconfirmed with hotel directly Guests staying on Dec 24 and  Dec 31 ,a mandatory Christmas eve extravaganza and  dinner charge of Rs. 1200 per adult / Rs. 800 per child will be charged and payable at hotel.  IN KEEPING WITH OUR HEIGHTENED SECURITY PROCEDURES WE/HOTEL REQUEST YOU TO CARRY A POSITIVE PHOTO - IDENTITY OF ALL THE OCCUPANTS/TRAVELLERS OF ROOMS. IT COULD BE YOUR PASSPORT, DRIVING LICENSE, VOTER ID CARD , AADHAR CARD OR PAN CARD. ONLY 02 CHILDREN BELOW 05 YEARS CAN BE ACCOMMODATED IN THE PARENTS ROOM WITH NO EXTRA CHARGE. CHILD ABOVE 5 YRS, PARENTS SHOULD CARRY A PROPER AGE PROOF OF RESPECTIVE CHILD FOLLOWED BY RESPECTIVE CHARGES. ",
Central Royale,4.0,The standard check-in time is 12:00 PM and the standard check-out time is 12:00 PM. Early check-in or late check-out is strictly subjected to availability and may be chargeable by the hotel. Any early check-in or late check-out request must be directed and reconfirmed with hotel directly 1.   not allowed unmarried couple 2.   not allowed local person 3.   not allowed room for drinking and gambling porpose. 4.   allow married couple if they show both i.d proof. Doctor on Call|Parking Facilities Available|Front Desk|Power Backup|Wake-up Call / Service|Nature Walk|Outdoor Parking - Secured|Parking Facility|Room Service,
Chandrama Hotel,4.0,The standard check-in time is 12:00 PM and the standard check-out time is 12:00 PM. Early check-in or late check-out is strictly subjected to availability and may be chargeable by the hotel. Any early check-in or late check-out request must be directed and reconfirmed with hotel directly  We do not allow unmarried / unrelated couples to checkin. This is at full discretion of the hotel management. No refund would be applicable in case the checkin is denied under such circumstances Doctor on Call|Parking Facilities Available|Front Desk|24 Hour Front Desk|Doorman|Baggage Room|Adjoining Rooms|RO Water Purification System|Outdoor Parking - Secured|Parking Facility|Room Service|Anti-Slip Ramps|First-Aid Kit at Front Desk|Public Restrooms,
Casa De Damao.,4.0,"The standard check-in time is 12:00 PM and the standard check-out time is 11:00 AM. Early check-in or late check-out is strictly subjected to availability and may be chargeable by the hotel. Any early check-in or late check-out request must be directed and reconfirmed with hotel directly Guest should show valid photo and address id proof such as passport , driving license , aadhar card or voters id  Out side food and drink are not allowed in the hotel. Check in time 12.00 Pm and Check out time 11.00 Am. Pets are not allowed. Banquet Facilities|Doctor on Call|Laundry Service Available|Lift / Elevator|Parking Facilities Available|Front Desk|Village Visit ( Chargeable )|Car Rental|Taxi Services|Food Facility|Newspapers In Lobby|Party hall|Internet / Fax (Reception area only)|Outdoor Parking - Non Secured|Room Service|CCTV|First-Aid Kit at Front Desk|Paid Transfers",
Chai Guesthouse Munnar,4.0,The standard check-in time is 12:00 PM and the standard check-out time is 11:00 AM. Early check-in or late check-out is strictly subjected to availability and may be chargeable by the hotel. Any early check-in or late check-out request must be directed and reconfirmed with hotel directly we request our guest to use public area for smoking and drinking. campfire and BBQ facility available at extra cost. free trekking in our cardamom plantation. Hotel may charge compulsory gala dinner supplement on Christmas / New Year's eve or other festive periods. Any such supplements need to be paid directly at the hotel. There will be a season hike for Oct/Nov/Dec on Room Tariff which needs to be paid directly to the hotel. Laundry Service Available|Parking Facilities Available|Front Desk|Power Backup|Gardens|Internet Access Free|Outdoor Parking - Secured|Parking Facility|Public Restrooms,
Brij Dham Guest House,4.0,The standard check-in time is 12:00 PM and the standard check-out time is 12:00 PM. Early check-in or late check-out is strictly subjected to availability and may be chargeable by the hotel. Any early check-in or late check-out request must be directed and reconfirmed with hotel directly Hotel may charge compulsory gala dinner supplement on Christmas / New Years eve or other festive periods. Any such supplements need to be paid directly at the hotel. As per government valid id proofs are required at the Time of Check in Doctor on Call|Parking Facilities Available|Front Desk|Taxi Services|Air / Rail Booking,
Casa Clarks INN,4.0,The standard check-in time is 12:00 PM and the standard check-out time is 12:00 PM. Early check-in or late check-out is strictly subjected to availability and may be chargeable by the hotel. Any early check-in or late check-out request must be directed and reconfirmed with hotel directly valid ID proof is required at the time of C/In Doctor on Call|Lobby|Front Desk|Local Tour / Travel Desk|24 Hour Front Desk|Power Backup,
Castle Service Apartment - Malad (W),4.0,The standard check-in time is 12:00 PM and the standard check-out time is 12:00 PM. Early check-in or late check-out is strictly subjected to availability and may be chargeable by the hotel. Any early check-in or late check-out request must be directed and reconfirmed with hotel directly Hotel doesn't allow unmarried couple. guest will allow with valid photo proof identification Laundry Service Available|Lift / Elevator,
Birds Valley Resorts,4.0,The standard check-in time is 12:00 PM and the standard check-out time is 12:00 PM. Early check-in or late check-out is strictly subjected to availability and may be chargeable by the hotel. Any early check-in or late check-out request must be directed and reconfirmed with hotel directly Doctor on Call|Dry Cleaning|Front Desk|Power Backup|Parking Facility,
Bon Habi Resort,4.0,The standard check-in time is 12:00 PM and the standard check-out time is 12:00 PM. Early check-in or late check-out is strictly subjected to availability and may be chargeable by the hotel. Any early check-in or late check-out request must be directed and reconfirmed with hotel directly Restaurant|Room Service,
Chakri Guest House,4.0,"The standard check-in time is 12:00 PM and the standard check-out time is 12:00 PM. Early check-in or late check-out is strictly subjected to availability and may be chargeable by the hotel. Any early check-in or late check-out request must be directed and reconfirmed with hotel directly 48 Hrs prior to check-in The standard check-in time is 14:00 PM and the standard check-out time is 12:00 PM. Early check-in or late check-out is strictly subjected to availability and may be chargeable by the hotel. Any early check-in or late check-out request must be directed and reconfirmed with hotel directly. According to government regulations, a valid Photo ID has to be carried by every person who stays at the hotel. The identification proofs accepted are Drivers License, Voters Card, Passport, Ration Card. Without valid ID the guest will not be allowed to check in. Note- PAN Cards will not be accepted as a valid ID card.   *   It is mandatory for guests to present valid photo identification at the time of check-in.   *   The primary guest checking in to the hotel must be at least 21 years of age.   *   The hotel reserves the right of admission. Accommodation can be denied to guests posing as a couple if suitable proof of identification is not presented at check-in.   *   The hotel reserves the right of admission for local residents. Accommodation can be denied to guests residing in the same city.   *   Local ID proof will not be valid. Banquet Facilities|Doctor on Call|Laundry Service Available|Major Credit Cards Accepted|24 Hour Front Desk|Power Backup|Internet Access",
Bheemeshwari nature &amp; adventure camp by Jungle Lodges,4.0,"The standard check-in time is 12:00 PM and the standard check-out time is 11:00 AM. Early check-in or late check-out is strictly subjected to availability and may be chargeable by the hotel. Any early check-in or late check-out request must be directed and reconfirmed with hotel directly The Rates are strictly  applicable only for  INDIAN CITIZENS, The Foreign tourist should pay extras directly at the hotel during the time of check in Doctor on Call|Laundry Service Available|Lobby|Non Smoking Rooms|Parking Facilities Available|Local Tour / Travel Desk|Major Credit Cards Accepted|24 Hour Front Desk|Medical Assistance Available|Power Backup|Separate Sitting Area|Conference Facility |Kitchen available (home cook food on request)|Nature Walk|Extra Person / Child - Share the same room|Taxi Services|Food Facility|Newspapers In Lobby|RO Water Purification System|Parking Facility",
Bliss Home Stay,4.0,The standard check-in time is 12:00 PM and the standard check-out time is 02:00 PM. Early check-in or late check-out is strictly subjected to availability and may be chargeable by the hotel. Any early check-in or late check-out request must be directed and reconfirmed with hotel directly We do not allow unmarried / unrelated couples to checkin. This is at full discretion of the hotel management. No refund would be applicable in case the checkin is denied under such circumstances Doctor on Call|Laundry Service Available|Lobby|Non Smoking Rooms|Parking Facilities Available|Spa On Site - Chargeable|Major Credit Cards Accepted|Power Backup|Express Check-In / Check-Out|Translation Services|Wake-up Call / Service|Smoking Area |Extra Person / Child - Share the same room|Express Laundry|Taxi Services|Internet Access Free|Newspapers In Lobby|Family Room|Air / Rail Booking|Baggage Room|Courier Service|Parking Facility|Room Service|Fire Safety|CCTV|First-Aid Kit at Front Desk|Public Restrooms|Security at All Hotel Entrances,
Calangute Residency,4.0,"The standard check-in time is 12:00 PM and the standard check-out time is 10:00 AM. Early check-in or late check-out is strictly subjected to availability and may be chargeable by the hotel. Any early check-in or late check-out request must be directed and reconfirmed with hotel directly Hotel may charge compulsory gala dinner supplement on Christmas / New Year's eve or other festive periods. Any such supplements need to be paid directly at the hotel. Swimming Pool|Airport Transfer Available / Surcharge|Doctor on Call|Dry Cleaning|Internet Access - Surcharge|Laundry Service Available|Lobby|Parking Facilities Available|Front Desk|Multi Cuisine Restaurant |Local Tour / Travel Desk|Major Credit Cards Accepted|24 Hour Front Desk|Luggage Storage|Power Backup|Gardens|Pick Up and Drop (Rly Station, Bus Stand, Temple)|Newspapers In Lobby|Room Service (24 Hours)|Guide / Sightseeing Service|RO Water Purification System",
"Chinar Villa, Nr.Fatehsagar Lake",4.0,The standard check-in time is 10:00 AM and the standard check-out time is 11:00 AM. Early check-in or late check-out is strictly subjected to availability and may be chargeable by the hotel. Any early check-in or late check-out request must be directed and reconfirmed with hotel directly Hotel may charge supplement charges on Christmas / New Year's eve or other festive periods. Photo ID must be carrying and having address proof.Unmarried couple are not allowed.We do not entertain local address id. Doctor on Call|Lobby|Parking Facilities Available|Newspapers In Lobby|Family Room,
Bijans Nature Resort,4.0,The standard check-in time is 12:00 PM and the standard check-out time is 11:00 AM. Early check-in or late check-out is strictly subjected to availability and may be chargeable by the hotel. Any early check-in or late check-out request must be directed and reconfirmed with hotel directly Terms and Conditions: It is mandatory for guests to present valid photo identification at the time of check-in. Airport Transfer Available / Surcharge|Doctor on Call|Laundry Service Available|Parking Facilities Available|Front Desk|Multi Cuisine Restaurant |Locker Facility|Local Tour / Travel Desk|Major Credit Cards Accepted|24 Hour Front Desk|Medical Assistance Available|Welcome Drinks|Power Backup|Gardens|Coffee Shop / Cafe|Nature Walk|Campfire / Bon Fire|Food Facility|Internet Access Free|Room Service (24 Hours)|Internet / Fax (Reception area only),
Blender Berry,4.0,The standard check-in time is 12:00 PM and the standard check-out time is 12:00 PM. Early check-in or late check-out is strictly subjected to availability and may be chargeable by the hotel. Any early check-in or late check-out request must be directed and reconfirmed with hotel directly We do not allow unmarried / unrelated couples to checkin. This is at full discretion of the hotel management. No refund would be applicable in case the checkin is denied under such circumstances Doctor on Call|Parking Facilities Available|Front Desk|Room Service|First-Aid Kit at Front Desk,
Bishnu Palace,4.0,The standard check-in time is 12:00 PM and the standard check-out time is 12:00 PM. Early check-in or late check-out is strictly subjected to availability and may be chargeable by the hotel. Any early check-in or late check-out request must be directed and reconfirmed with hotel directly We do not allow unmarried / unrelated couples to checkin. This is at full discretion of the hotel management. No refund would be applicable in case the checkin is denied under such circumstances Doctor on Call|Parking Facilities Available|Front Desk|Baggage Room|Adjoining Rooms|RO Water Purification System|Room Service|Fire Safety|Recreation Zone|Anti-Slip Ramps|CCTV|First-Aid Kit at Front Desk,
chandra residency,4.0,The standard check-in time is 12:00 PM and the standard check-out time is 12:00 PM. Early check-in or late check-out is strictly subjected to availability and may be chargeable by the hotel. Any early check-in or late check-out request must be directed and reconfirmed with hotel directly We do not allow unmarried / unrelated couples to checkin. This is at full discretion of the hotel management. No refund would be applicable in case the checkin is denied under such circumstances. Customer Government approved Photo ID card is must to carry at the time of check in. Doctor on Call|Lobby|Front Desk|Luggage Storage|Parking Facility|Room Service|First-Aid Kit at Front Desk,
Bon Farmhouse,4.0,The standard check-in time is 12:00 PM and the standard check-out time is 12:00 PM. Early check-in or late check-out is strictly subjected to availability and may be chargeable by the hotel. Any early check-in or late check-out request must be directed and reconfirmed with hotel directly We do not allow unmarried / unrelated couples to checkin. This is at full discretion of the hotel management. No refund would be applicable in case the checkin is denied under such circumstances Doctor on Call|Lobby|Front Desk|Local Tour / Travel Desk|24 Hour Front Desk,
Blossoms Garden,4.0,"The standard check-in time is 12:00 PM and the standard check-out time is 12:00 PM. Early check-in or late check-out is strictly subjected to availability and may be chargeable by the hotel. Any early check-in or late check-out request must be directed and reconfirmed with hotel directly Booking rates will not be valid for Christmas and New year dates, High season and long weekend dates extra supplement will be charged over and above the paid rates as per actual and hotel discretion. It is mandatory for guests to present valid photo identification at the time of check-in. ",
Cinnamon Residency,4.0,"The standard check-in time is 12:00 PM and the standard check-out time is 12:00 PM. Early check-in or late check-out is strictly subjected to availability and may be chargeable by the hotel. Any early check-in or late check-out request must be directed and reconfirmed with hotel directly Airport Transfer Available / Surcharge|Business Center |Currency Exchange|Disabled Friendly Facilities |Doctor on Call|Dry Cleaning|Health Club / Gym Facility Available|Internet Access - Surcharge|Laundry Service Available|Lift / Elevator|Lobby|Parking Facilities Available|Front Desk|Multi Cuisine Restaurant |Local Tour / Travel Desk|Valet service|Major Credit Cards Accepted|24 Hour Front Desk|Medical Assistance Available|Power Backup|Express Check-In / Check-Out|Gardens|Wedding Services Facility|Wake-up Call / Service|Suitable For Children|Coffee Shop / Cafe|ATM / Banking|Fax Machine|Fire Place Available |Pick Up and Drop (Rly Station, Bus Stand, Temple)|Open Air Restaurant / Dining |Veg / Non Veg Kitchens Separate |Vegetarian Food / Jain Food Available|Extra Person / Child - Share the same room|Village Visit ( Chargeable )|Car Rental|Express Laundry|Self Check - In|Taxi Services|Rooftop Garden|Food Facility| Drivers Rest Room|Internet Access Free|Newspapers In Lobby|Family Room|Room Service (24 Hours)|Parking (Surcharge)|Courier Service|Guide / Sightseeing Service|Laptop Available on Hire|Internet / Fax (Reception area only)|RO Water Purification System|Outdoor Parking - Secured|Parking Facility|Internet Access|Restaurant|Room Service|Fire Safety|Public Restrooms|Suites",
CENTRAL RESIDENCY,4.0,"The standard check-in time is 09:00 AM and the standard check-out time is 09:00 AM. Early check-in or late check-out is strictly subjected to availability and may be chargeable by the hotel. Any early check-in or late check-out request must be directed and reconfirmed with hotel directly all room double bed, extra person bed only, checkinn check out 24 hours,   goverment address froof compalseri. chennai id froof not allowed Business Center |Internet Access - Surcharge|Laundry Service Available|Lift / Elevator|Front Desk|Locker Facility|Power Backup|Internet Access Free|Newspapers In Lobby|Room Service (24 Hours)|Internet Access|Room Service",
CCR Residency,4.0,The standard check-in time is 12:00 PM and the standard check-out time is 12:00 PM. Early check-in or late check-out is strictly subjected to availability and may be chargeable by the hotel. Any early check-in or late check-out request must be directed and reconfirmed with hotel directly The standard check-in time is 12:00 PM and the standard check-out time is 12:00 PM. Early check-in or late check-out is strictly subjected to availability and may be chargeable by the hotel. Any early check-in or late check-out request must be direct Doctor on Call|Laundry Service Available|Lift / Elevator|Dance Performances (on demand)|Parking Facility|Room Service,
Bull and Bush Resort Satyamangalam,4.0,"The standard check-in time is 02:00 PM and the standard check-out time is 12:00 PM. Early check-in or late check-out is strictly subjected to availability and may be chargeable by the hotel. Any early check-in or late check-out request must be directed and reconfirmed with hotel directly Booking rates will not be valid for Christmas and New year dates, High season and long weekend dates , extra supplement will be charged over and above the paid rates as per actual and hotel discretion Doctor on Call|Parking Facilities Available|Children's Park|Outdoor Parking - Secured|Parking Facility",
Bubahut Boutique Resort,4.0,The standard check-in time is 12:00 PM and the standard check-out time is 12:00 PM. Early check-in or late check-out is strictly subjected to availability and may be chargeable by the hotel. Any early check-in or late check-out request must be directed and reconfirmed with hotel directly We do not allow unmarried / unrelated couples to checkin. This is at full discretion of the hotel management. No refund would be applicable in case the checkin is denied under such circumstances Doctor on Call|Parking Facilities Available|Front Desk|Room Service|First-Aid Kit at Front Desk,
Chandra Nivas,4.0,The standard check-in time is 12:00 PM and the standard check-out time is 12:00 PM. Early check-in or late check-out is strictly subjected to availability and may be chargeable by the hotel. Any early check-in or late check-out request must be directed and reconfirmed with hotel directly ,
Camp lagoon,4.0,"The standard check-in time is 12:00 PM and the standard check-out time is 12:00 PM. Early check-in or late check-out is strictly subjected to availability and may be chargeable by the hotel. Any early check-in or late check-out request must be directed and reconfirmed with hotel directly Swimming Pool|Doctor on Call|Games Zone|Internet Access - Surcharge|Pick Up and Drop (Rly Station, Bus Stand, Temple)|Campfire / Bon Fire|Food Facility|Guide / Sightseeing Service",
BigSplash,4.0,The standard check-in time is 12:00 PM and the standard check-out time is 12:00 PM. Early check-in or late check-out is strictly subjected to availability and may be chargeable by the hotel. Any early check-in or late check-out request must be directed and reconfirmed with hotel directly The standard cancellation policy will not be applicable during festive period ie. 01st Nov'13 to 17Nov'13 and 15th Dec'14 to 15th Jan'15 -  100% retention applicable. Hotel may charge compulsory gala dinner supplement on Christmas / New Year's eve or other festive periods. Any such supplements need to be paid directly at the hotel. Galla Dinner Complusory Charges 1000/-Rs per person should be paid directly to the hotel on 31 Dec 2014 Swimming Pool|Bar / Lounge |Business Center |Concierge|Doctor on Call|Dry Cleaning|Health Club / Gym Facility Available|Internet Access - Surcharge|Laundry Service Available|Lobby|Private / Plunge Pool|Front Desk|Multi Cuisine Restaurant |Welcome Drinks|Gardens|Sauna|Coffee Shop / Cafe|Conference Facility |Fax Machine|Campfire / Bon Fire|Internet Access Free|Newspapers In Lobby|Children's Park|Room Service (24 Hours)|Parking (Surcharge)|Outdoor Parking - Secured|Parking Facility,
Casa Legend,4.0,The standard check-in time is 01:00 PM and the standard check-out time is 12:00 PM. Early check-in or late check-out is strictly subjected to availability and may be chargeable by the hotel. Any early check-in or late check-out request must be directed and reconfirmed with hotel directly Children up to the age of 18 stay free with parents Swimming Pool|Airport Transfer Available / Surcharge|Bar / Lounge |Doctor on Call|Laundry Service Available|Parking Facilities Available|Multi Cuisine Restaurant |Locker Facility|Major Credit Cards Accepted|Power Backup|Gardens|Suitable For Children|Grocery| Bike on Rent|Car Rental| Drivers Rest Room|RO Water Purification System|Outdoor Parking - Secured,
Camp of Dooars,4.0,The standard check-in time is 12:00 PM and the standard check-out time is 12:00 PM. Early check-in or late check-out is strictly subjected to availability and may be chargeable by the hotel. Any early check-in or late check-out request must be directed and reconfirmed with hotel directly It is mandatory for guests to present valid photo identification at the time of check-in. The primary guest checking in to the hotel must be at least 18 years of age. Doctor on Call|Dry Cleaning|Lobby|Local Tour / Travel Desk|Newspapers In Lobby,
Canaan Lodge,4.0,The standard check-in time is 12:00 PM and the standard check-out time is 12:00 PM. Early check-in or late check-out is strictly subjected to availability and may be chargeable by the hotel. Any early check-in or late check-out request must be directed and reconfirmed with hotel directly We do not allow unmarried / unrelated couples to checkin. This is at full discretion of the hotel management. No refund would be applicable in case the checkin is denied under such circumstances Doctor on Call|Lobby|Front Desk|Local Tour / Travel Desk|Major Credit Cards Accepted|24 Hour Front Desk|Luggage Storage|Medical Assistance Available|Air-Conditioning - Central|Power Backup,
Casa Bella Vista,4.0,The standard check-in time is 12:00 PM and the standard check-out time is 12:00 PM. Early check-in or late check-out is strictly subjected to availability and may be chargeable by the hotel. Any early check-in or late check-out request must be directed and reconfirmed with hotel directly Doctor on Call|Dry Cleaning|Internet Access - Surcharge|Laundry Service Available|Non Smoking Rooms|Parking Facilities Available|Front Desk|Multi Cuisine Restaurant |Non Smoking Hotel|Local Tour / Travel Desk,
Brigade Royale Premier Business Class Hotel,4.0,The standard check-in time is 12:00 PM and the standard check-out time is 12:00 PM. Early check-in or late check-out is strictly subjected to availability and may be chargeable by the hotel. Any early check-in or late check-out request must be directed and reconfirmed with hotel directly Summer Offer Special inclusion (March - June)- Book for 3 nights and Get Airport Transfer Complimentary with Free Local Calls/ Book For 5 Nights and One Night stay complimentary with Free Local Calls.  The above inclusions subject to availability.  Hotel may charge compulsory gala dinner supplement on Christmas / New Year's eve or other festive periods. Any such supplements need to be paid directly at the hotel. Business Center |Doctor on Call|Internet Access - Surcharge|Laundry Service Available|Lift / Elevator|Lobby|Non Smoking Rooms|Front Desk|Multi Cuisine Restaurant |Locker Facility|Local Tour / Travel Desk|Major Credit Cards Accepted|24 Hour Front Desk|Luggage Storage|Doorman|Medical Assistance Available|Air-Conditioning - Central|Power Backup|Multi Lingual Staff|Wake-up Call / Service|Separate Sitting Area|Conference Facility |Smoking Area |Veg / Non Veg Kitchens Separate |Taxi Services|Food Facility|Internet Access Free|Newspapers In Lobby|Family Room|Party hall|Baggage Room|Internet / Fax (Reception area only)|Internet Access|Restaurant|Room Service|CCTV|Full Time Operation for All 7 Days|Security at All Hotel Entrances,
Bulande Hospitality Near Graphite India Signal,4.0,"The standard check-in time is 02:00 PM and the standard check-out time is 12:00 PM. Early check-in or late check-out is strictly subjected to availability and may be chargeable by the hotel. Any early check-in or late check-out request must be directed and reconfirmed with hotel directly Unmarried couples are not allowed and guest are mandatory to produce govt. photo ID proof during check-in i.e passport, driving licence, voters id or aadhar card Doctor on Call|Parking Facilities Available|Fire Place Available |Water Dispenser Available|RO Water Purification System|Fire Safety|Fire Exit Signs|First-Aid Kit at Front Desk",
Cidade De Goa,4.0,"The standard check-in time is 03:00 PM and the standard check-out time is 12:00 PM. Early check-in or late check-out is strictly subjected to availability and may be chargeable by the hotel. Any early check-in or late check-out request must be directed and reconfirmed with hotel directly Mandatory Gala dinner is included in room rate for 15/8/15 (Independence Day) , 11/11/15 (Diwali), 25/12/15 (Christmas) and 31/12/15 (New Year's Eve) for reservations taken after 24/02/2015 only. Swimming Pool|Bar / Lounge |Barbecue Area|Beauty Salon - on charge|Business Center |Health Club / Gym Facility Available|Laundry Service Available|Lift / Elevator|Parking Facilities Available|Front Desk|Multi Cuisine Restaurant |Locker Facility|Spa On Site - Chargeable|Table Tennis|Tennis Court|Welcome Drinks|Gardens|Fitness Equipment|Sauna|Coffee Shop / Cafe|Conference Facility |Jacuzzi|Pool Table|Poolside Bar|Open Air Restaurant / Dining |Transfers Available|Veg / Non Veg Kitchens Separate |Vegetarian Food / Jain Food Available|Badminttion Court|Board Room|Internet Access Free|Newspapers In Lobby|Children's Park|Room Service (24 Hours)|Airport Transfer Free|Outdoor Parking - Secured|Parking Facility|Restaurant|Recreation Zone",
Chaitanya Niwas,4.0,The standard check-in time is 12:00 PM and the standard check-out time is 12:00 PM. Early check-in or late check-out is strictly subjected to availability and may be chargeable by the hotel. Any early check-in or late check-out request must be directed and reconfirmed with hotel directly We do not allow unmarried / unrelated couples to checkin. This is at full discretion of the hotel management. No refund would be applicable in case the checkin is denied under such circumstances Airport Transfer Available / Surcharge|Business Center |Concierge|Currency Exchange|Disabled Friendly Facilities |Doctor on Call|Dry Cleaning|Internet Access - Surcharge|Laundry Service Available|Library|Lift / Elevator|Lobby|Non Smoking Rooms|Parking Facilities Available|Front Desk|Locker Facility|Medical Assistance Available|Power Backup|Room Service|Fire Safety|Fire Exit Signs|First-Aid Kit at Front Desk,
Chouki Dhani,4.0,"The standard check-in time is 12:00 PM and the standard check-out time is 10:00 AM. Early check-in or late check-out is strictly subjected to availability and may be chargeable by the hotel. Any early check-in or late check-out request must be directed and reconfirmed with hotel directly *Valid Identification Documents/ Proof are Mandatory. *In case of any unusual/ improper/ suspicious act, Hotel can cancel Room. *Unmarried and unrelated couples will not be allowed to check in due to security reason. *Customer has to carry a copy of booking voucher at the time of check in. *Check Inn @ 12:00 Noon and Check Out is 10:00 AM. After that half day charges will be applicable. *Early check-in or late check-out is strictly subjected to availability and may be chargeable by the hotel.  *Pets are not allowed. Swimming Pool|Doctor on Call|Games Zone|Internet Access - Surcharge|Laundry Service Available|Lift / Elevator|Lobby|Parking Facilities Available|Front Desk|Locker Facility|24 Hour Front Desk|Luggage Storage|Medical Assistance Available|Express Check-In / Check-Out|Wake-up Call / Service|Car Rental|Restaurant|CCTV",
C.M.Sieiro Guest House,4.0,The standard check-in time is 12:00 PM and the standard check-out time is 10:00 AM. Early check-in or late check-out is strictly subjected to availability and may be chargeable by the hotel. Any early check-in or late check-out request must be directed and reconfirmed with hotel directly It is mandatory to provide atleast ONE photo identity i.e pan card/drivers license/voter's id/aadhaar card during check-in. The identity card will be returned at check-out. Failure to provide the said card will be denied entry to the rooms. Doctor on Call|Lobby|Parking Facilities Available|Local Tour / Travel Desk|Power Backup|RO Water Purification System|CCTV,
Centaur Hotel,4.0,The standard check-in time is 12:00 PM and the standard check-out time is 12:00 PM. Early check-in or late check-out is strictly subjected to availability and may be chargeable by the hotel. Any early check-in or late check-out request must be directed and reconfirmed with hotel directly Banquet Facilities|Bar / Lounge |Doctor on Call|Dry Cleaning|Health Club / Gym Facility Available|Laundry Service Available|Lift / Elevator|Lobby|Front Desk|Multi Cuisine Restaurant |Locker Facility|Local Tour / Travel Desk|24 Hour Front Desk|Welcome Drinks|Power Backup|Conference Facility |Parking Facility,
chavi Village Resort,4.0,The standard check-in time is 12:00 PM and the standard check-out time is 12:00 PM. Early check-in or late check-out is strictly subjected to availability and may be chargeable by the hotel. Any early check-in or late check-out request must be directed and reconfirmed with hotel directly ID cards are mandatory during the time of check in. Doctor on Call|Lobby|Parking Facilities Available|Front Desk|24 Hour Front Desk|Luggage Storage|Doorman|Medical Assistance Available|Multi Lingual Staff|STD / ISD|Parking Facility|First-Aid Kit at Front Desk,
Citi Suites  southcity 1,4.0,The standard check-in time is 02:00 PM and the standard check-out time is 12:00 PM. Early check-in or late check-out is strictly subjected to availability and may be chargeable by the hotel. Any early check-in or late check-out request must be directed and reconfirmed with hotel directly Valid ID proof is required at the time of check in for all guests. Doctor on Call|Parking Facilities Available|Outdoor Parking - Secured|Parking Facility|Public Restrooms,
Chandana Inn,4.0,The standard check-in time is 03:00 PM and the standard check-out time is 02:00 PM. Early check-in or late check-out is strictly subjected to availability and may be chargeable by the hotel. Any early check-in or late check-out request must be directed and reconfirmed with hotel directly 1. Any Amendment/Cancellation 72 hours prior to the check in date :- No Charge 2. Any Amendment/ Cancellation between 72 hours to the check in date :- 50% of total booked period. Airport Transfer Available / Surcharge|Banquet Facilities|Business Center |Concierge|Currency Exchange|Doctor on Call|Dry Cleaning|Internet Access - Surcharge|Laundry Service Available|Lift / Elevator|Lobby|Non Smoking Rooms|Parking Facilities Available|Front Desk|Locker Facility|Non Smoking Hotel|Local Tour / Travel Desk|Major Credit Cards Accepted|24 Hour Front Desk|Luggage Storage|Doorman|Air-Conditioning - Central|Welcome Drinks|Power Backup|Wedding Services Facility|Wake-up Call / Service|Porter / Bellhop|Suitable For Children|Conference Facility |Smoking Area |In House Events |Extra Person / Child - Share the same room|Water Dispenser Available|Taxi Services|Board Room|Internet Access Free|Newspapers In Lobby|Postal / Parcel Services|Family Room|Room Service (24 Hours)|Party hall|STD / ISD|Baggage Room|Courier Service|Internet / Fax (Reception area only)|Adjoining Rooms|RO Water Purification System|Outdoor Parking - Secured|Parking Facility|Internet Access|Room Service|Fire Safety|CCTV|First-Aid Kit at Front Desk|Full Time Operation for All 7 Days|Pest Control Facility|Public Restrooms|Security at All Hotel Entrances|Smoke Detector|Stamps and Mailing Facility|Suites,
BLACK STONE HOTEL,4.0,The standard check-in time is 10:00 AM and the standard check-out time is 10:00 AM. Early check-in or late check-out is strictly subjected to availability and may be chargeable by the hotel. Any early check-in or late check-out request must be directed and reconfirmed with hotel directly Parking Facilities Available,
Camp Himaliyan Adventure,4.0,The standard check-in time is 12:00 PM and the standard check-out time is 12:00 PM. Early check-in or late check-out is strictly subjected to availability and may be chargeable by the hotel. Any early check-in or late check-out request must be directed and reconfirmed with hotel directly The standard check-in time is 12:00 PM and the standard check-out time is 12:00 PM. Early check-in or late check-out is strictly subjected to availability and may be chargeable by the hotel. Doctor on Call|Parking Facilities Available|Multi Cuisine Restaurant |Locker Facility|Room Service (24 Hours),
Bhakti Sankul Lodge,4.0,The standard check-in time is 12:00 PM and the standard check-out time is 12:00 PM. Early check-in or late check-out is strictly subjected to availability and may be chargeable by the hotel. Any early check-in or late check-out request must be directed and reconfirmed with hotel directly We do not allow unmarried / unrelated couples to checkin. This is at full discretion of the hotel management. No refund would be applicable in case the checkin is denied under such circumstances Doctor on Call|Dry Cleaning|Laundry Service Available|Non Smoking Rooms|Parking Facilities Available|Front Desk|24 Hour Front Desk|Luggage Storage|Medical Assistance Available|Smoking Rooms|Baggage Room|Parking Facility|Room Service,
Blue Ocean Resort &amp; Spa By Apodis,4.0,The standard check-in time is 02:00 PM and the standard check-out time is 11:00 AM. Early check-in or late check-out is strictly subjected to availability and may be chargeable by the hotel. Any early check-in or late check-out request must be directed and reconfirmed with hotel directly 10 percent off on Laundry  AND 10 percent Off on Food and Beverage include both alcoholic and non-alcoholic Swimming Pool|Airport Transfer Available / Surcharge|Bar / Lounge |Concierge|Currency Exchange|Doctor on Call|Dry Cleaning|Games Zone|Health Club / Gym Facility Available|Internet Access - Surcharge|Laundry Service Available|Parking Facilities Available|Front Desk|Multi Cuisine Restaurant |Locker Facility|Spa On Site - Chargeable|Local Tour / Travel Desk|Valet service|24 Hour Front Desk|Doorman|Air-Conditioning - Central|Welcome Drinks|Power Backup|Audio - Visual Equipment|Catering|Coffee Shop / Cafe|Conference Facility |Jacuzzi|Wheelchair Accessibility - Room|Pool Table|Massage Services |Poolside Bar|Veranda|Open Air Restaurant / Dining |Transfers Available|Vegetarian Food / Jain Food Available|Car Rental|Board Room|Food Facility|Internet Access Free|Whirlpool Bath / Shower Cubicle|Room Service (24 Hours)|Courier Service|Internet / Fax (Reception area only)|Outdoor Parking - Secured|Parking Facility|Internet Access|Restaurant|Room Service|Anti-Slip Ramps|CCTV|First-Aid Kit at Front Desk|Full Time Operation for All 7 Days|Porter Services Available|Security at All Hotel Entrances|Suites,
Budget Inn Palm Regency,4.0,The standard check-in time is 12:00 PM and the standard check-out time is 12:00 PM. Early check-in or late check-out is strictly subjected to availability and may be chargeable by the hotel. Any early check-in or late check-out request must be directed and reconfirmed with hotel directly Illegal Couple strictly not allowed Alocohol not allowed Banquet Facilities|Business Center |Doctor on Call|Dry Cleaning|Laundry Service Available|Lift / Elevator|Lobby|Parking Facilities Available|Front Desk|Multi Cuisine Restaurant |Major Credit Cards Accepted|24 Hour Front Desk|Luggage Storage|Power Backup|Wake-up Call / Service|ATM / Banking|Electronic / Magnetic Keys|Free Local Calls|Car Rental|Express Laundry|Taxi Services|Internet Access Free|Electronic Check-Out|Room Service (24 Hours)|Air / Rail Booking|Outdoor Parking - Secured|Parking Facility|Room Service,
CAMP THAR,4.0,The standard check-in time is 02:00 PM and the standard check-out time is 10:00 AM. Early check-in or late check-out is strictly subjected to availability and may be chargeable by the hotel. Any early check-in or late check-out request must be directed and reconfirmed with hotel directly All Rights Reserved with Hotel. Mandatory New year Gala Dinner Charges 3000 INR Per Person directly payable at Hotel. Airport Transfer Available / Surcharge|Banquet Facilities|Business Center |Currency Exchange|Doctor on Call|Laundry Service Available|Parking Facilities Available|Pets Allowed|Front Desk|Multi Cuisine Restaurant |Non Smoking Hotel|Local Tour / Travel Desk|Medical Assistance Available|Welcome Drinks|Power Backup|Express Check-In / Check-Out|Wedding Services Facility|Suitable For Children|Conference Facility |ATM / Banking|Fire Place Available |Open Air Restaurant / Dining |Veg / Non Veg Kitchens Separate |Vegetarian Food / Jain Food Available|Village Visit ( Chargeable )|Taxi Services|Board Room|Campfire / Bon Fire|Food Facility| Drivers Rest Room|RO Water Purification System|Outdoor Parking - Secured|Parking Facility|Restaurant|Room Service|CCTV|Flower Shop|Public Restrooms|Speciality Restaurant,
Check In Room Chuna Mandi,4.0,"The standard check-in time is 12:30 PM and the standard check-out time is 12:00 PM. Early check-in or late check-out is strictly subjected to availability and may be chargeable by the hotel. Any early check-in or late check-out request must be directed and reconfirmed with hotel directly We are a group of properties, In case of some unavoidable situation, we can shift you to our sister concern properties which are adjacently located to each other. As per The government of Delhi at the time of check-in guest has to present all valid Id proofs (i.e Aadhar Card, Voter ID, Passport),Pan card will not be entertained as valid ID proof, in case of failure , hotel will not allow guest check-in.. Unrelated couples are not allowed and Guest with local id's are not allowed for check-In.. Airport Transfer Available / Surcharge|Babysitting/ Child Care (surcharge)|Concierge|Currency Exchange|Doctor on Call|Dry Cleaning|Laundry Service Available|Lift / Elevator|Lobby|Non Smoking Rooms|Parking Facilities Available|Front Desk|Multi Cuisine Restaurant |Locker Facility|Non Smoking Hotel|Local Tour / Travel Desk|Major Credit Cards Accepted|24 Hour Front Desk|Luggage Storage|Medical Assistance Available|Air-Conditioning - Central|Power Backup|Express Check-In / Check-Out|Multi Lingual Staff|Exhibit Space|Wake-up Call / Service|Suitable For Children|Smoking Rooms|Kitchen available (home cook food on request)|Electronic / Magnetic Keys|Multi - Line Phone|Free Local Calls|Pick Up and Drop (Rly Station, Bus Stand, Temple)|Smoking Area |Open Air Restaurant / Dining |Extra Person / Child - Share the same room|Express Laundry|Water Dispenser Available|Taxi Services|Food Facility|Internet Access Free|Newspapers In Lobby|Electronic Check-Out|Postal / Parcel Services|Family Room|Room Service (24 Hours)| Cook Services|Air / Rail Booking|Courier Service|Guide / Sightseeing Service|RO Water Purification System|Outdoor Parking - Secured|Parking Facility|Restaurant|Room Service|CCTV|First-Aid Kit at Front Desk|Stamps and Mailing Facility",
Chonor House,4.0,The standard check-in time is 02:00 PM and the standard check-out time is 12:00 PM. Early check-in or late check-out is strictly subjected to availability and may be chargeable by the hotel. Any early check-in or late check-out request must be directed and reconfirmed with hotel directly Pets are not allowed. Valid Photo ID required for check-in ,
Chingaara Estate Stay,4.0,The standard check-in time is 12:00 PM and the standard check-out time is 11:00 AM. Early check-in or late check-out is strictly subjected to availability and may be chargeable by the hotel. Any early check-in or late check-out request must be directed and reconfirmed with hotel directly Doctor on Call|Parking Facilities Available|Medical Assistance Available|Gardens|Transfers Available,
Casa Paradise Resort,4.0,The standard check-in time is 11:00 AM and the standard check-out time is 10:00 AM. Early check-in or late check-out is strictly subjected to availability and may be chargeable by the hotel. Any early check-in or late check-out request must be directed and reconfirmed with hotel directly Unmarried couples not allowed Carry Valid Photo Id proof at the time of check in Hotel may charge compulsory gala dinner supplement on Christmas / New Year's eve or other festive periods. Any such supplements need to be paid directly at the hotel ,
BnB in GK II,4.0,The standard check-in time is 02:00 PM and the standard check-out time is 11:00 AM. Early check-in or late check-out is strictly subjected to availability and may be chargeable by the hotel. Any early check-in or late check-out request must be directed and reconfirmed with hotel directly ,
breathing Stone,4.0,The standard check-in time is 12:00 PM and the standard check-out time is 12:00 PM. Early check-in or late check-out is strictly subjected to availability and may be chargeable by the hotel. Any early check-in or late check-out request must be directed and reconfirmed with hotel directly check-in time is 1200 hours and checkout time is 1200 hours. Early check-in and late checkout is subject to availability. An additional charge of 50% of the room rate paid  1600 hours and 100% charge will be applicable post 1800 hours. Bar / Lounge |Business Center |Dry Cleaning|Internet Access - Surcharge|Laundry Service Available|Lobby|Parking Facilities Available|Front Desk|Multi Cuisine Restaurant |24 Hour Front Desk|Medical Assistance Available|Welcome Drinks|Power Backup|Catering|Wake-up Call / Service|Coffee Shop / Cafe|Conference Facility |Fax Machine|Veg / Non Veg Kitchens Separate |Vegetarian Food / Jain Food Available|Car Rental|Express Laundry|Board Room| Drivers Rest Room|Internet Access Free|Newspapers In Lobby|Family Room|Room Service (24 Hours)|Baggage Room|Internet / Fax (Reception area only)|RO Water Purification System|Outdoor Parking - Secured|Parking Facility,
Camp Chrysalid Junga,4.0,The standard check-in time is 12:00 PM and the standard check-out time is 12:00 PM. Early check-in or late check-out is strictly subjected to availability and may be chargeable by the hotel. Any early check-in or late check-out request must be directed and reconfirmed with hotel directly Up to 48 hours prior to arrival date - No cancellation fee From 24 hours up to arrival date - 1 Night Retention No Show - 1 Night Retention Hotel may charge compulsory gala dinner supplement on Christmas / New Year's eve or other festive periods. Any such supplements need to be paid directly at the hotel. Doctor on Call|Library|Parking Facilities Available|Multi Cuisine Restaurant |Conference Facility |Kitchen available (home cook food on request)|Car Rental|Amphitheatre|Room Service (24 Hours),
Bishnoi Village Camp and Resort,4.0,"The standard check-in time is 12:00 PM and the standard check-out time is 11:00 AM. Early check-in or late check-out is strictly subjected to availability and may be chargeable by the hotel. Any early check-in or late check-out request must be directed and reconfirmed with hotel directly Hotel may charge compulsory supplement on Christmas,New Years eve and other festive periods. Any such supplements need to be paid at the hotel.As per the govt. guidelines valid govt. issued id proofs are required to be presented on C/in. Currency Exchange|Doctor on Call|Local Tour / Travel Desk|Major Credit Cards Accepted|Safari|Car Rental|Guide / Sightseeing Service",
Breeze Residency,4.0,The standard check-in time is 12:00 PM and the standard check-out time is 12:00 PM. Early check-in or late check-out is strictly subjected to availability and may be chargeable by the hotel. Any early check-in or late check-out request must be directed and reconfirmed with hotel directly Business Center |Doctor on Call|Lobby|Parking Facilities Available|Front Desk|Multi Cuisine Restaurant |Locker Facility|Secretarial Services|Local Tour / Travel Desk|24 Hour Front Desk|Room Service (24 Hours),
Camp Royal Paradise,4.0,The standard check-in time is 12:45 PM and the standard check-out time is 10:45 AM. Early check-in or late check-out is strictly subjected to availability and may be chargeable by the hotel. Any early check-in or late check-out request must be directed and reconfirmed with hotel directly no cancellation Business Center |Pets Allowed|Power Backup|Express Check-In / Check-Out|Dance Performances (on demand)|Karaoke | Drivers Rest Room|Airport Transfer Free,
Catalyst- L&amp;T South City,4.0,The standard check-in time is 12:00 PM and the standard check-out time is 12:00 PM. Early check-in or late check-out is strictly subjected to availability and may be chargeable by the hotel. Any early check-in or late check-out request must be directed and reconfirmed with hotel directly Airport Transfer Available / Surcharge|Doctor on Call|Dry Cleaning|Internet Access - Surcharge|Laundry Service Available|Lobby|Parking Facilities Available|Front Desk|Major Credit Cards Accepted|Express Check-In / Check-Out|Wake-up Call / Service|Kitchen available (home cook food on request)|Car Rental|Newspapers In Lobby|Parking Facility,
Christville Homestay,4.0,The standard check-in time is 12:00 PM and the standard check-out time is 11:00 AM. Early check-in or late check-out is strictly subjected to availability and may be chargeable by the hotel. Any early check-in or late check-out request must be directed and reconfirmed with hotel directly Valid ID proof is mandatory on arrival Airport Transfer Available / Surcharge|Doctor on Call|Laundry Service Available|24 Hour Front Desk|Internet Access Free,
Bluelily Beach Resort,4.0,"The standard check-in time is 10:00 AM and the standard check-out time is 08:00 AM. Early check-in or late check-out is strictly subjected to availability and may be chargeable by the hotel. Any early check-in or late check-out request must be directed and reconfirmed with hotel directly C/in and C/out policy:- The Hotels standard check-in time is 09:00 AM local time. Early check-in is subject to availability.  The Hotels standard check out time is 08:00 AM local time. 50% charges will be applicable until 14:00 hours, and one day charges will be applicable after 14:00 hours. Late check outs will be provided on request subject to availability Compulsory Gala dinner supplement charges on 31st Dec eve @ Rs. 1599/- per person (above 12 yrs) and Rs. 799/- (above 6 yrs) per child need to be paid directly in the hotel at the time of check in. Swimming Pool|Airport Transfer Available / Surcharge|Banquet Facilities|Business Center |Currency Exchange|Doctor on Call|Dry Cleaning|Internet Access - Surcharge|Laundry Service Available|Lobby|Parking Facilities Available|Front Desk|Multi Cuisine Restaurant",
Blue Stones Service Apartments,4.0,The standard check-in time is 12:00 PM and the standard check-out time is 12:00 PM. Early check-in or late check-out is strictly subjected to availability and may be chargeable by the hotel. Any early check-in or late check-out request must be directed and reconfirmed with hotel directly It is mandatory for guests to present valid photo identification at the time of check-in. Early check-in or late check-out is subject to availability and may be chargeable by the hotel. The standard check-in time is 12 PM and the standard check-out time is 12 PM. Airport Transfer Available / Surcharge|Doctor on Call|Laundry Service Available|Power Backup|Kitchen available (home cook food on request)|Internet Access Free|Room Service (24 Hours),
BORIBISTA BACKPACKING HOSTEL,4.0,The standard check-in time is 12:00 PM and the standard check-out time is 12:00 PM. Early check-in or late check-out is strictly subjected to availability and may be chargeable by the hotel. Any early check-in or late check-out request must be directed and reconfirmed with hotel directly WE DONT ALLOW CHILDREN UNDER 15 YEARS OF AGE Doctor on Call|Dry Cleaning|Laundry Service Available|Front Desk|Locker Facility|24 Hour Front Desk|Doorman|Internet Access Free|Newspapers In Lobby|Outdoor Parking - Non Secured|Internet Access|Room Service|Fire Safety|CCTV|Fire Exit Signs,
Billoo Palace Houseboat,4.0,The standard check-in time is 02:00 PM and the standard check-out time is 12:00 PM. Early check-in or late check-out is strictly subjected to availability and may be chargeable by the hotel. Any early check-in or late check-out request must be directed and reconfirmed with hotel directly From 01 Jul - 30 Nov 2016 One night retention 07 days prior to check inn From 01 Apr-30 Jun 2016 One night retention 30 days prior to check inn Beauty Salon - on charge|Dry Cleaning|Local Tour / Travel Desk|Luggage Storage|Car Rental|Postal / Parcel Services|Room Service (24 Hours)|Air / Rail Booking|Courier Service|Guide / Sightseeing Service,
Bilberry Hotel,4.0,"The standard check-in time is 03:00 PM and the standard check-out time is 12:00 PM. Early check-in or late check-out is strictly subjected to availability and may be chargeable by the hotel. Any early check-in or late check-out request must be directed and reconfirmed with hotel directly Guests(Female occupant with Male) with the Rewari Id will not be entertained. Foreigners must carry passport with valid Visa. Non Resident Indians (NRI's) must carry passport with valid visa or any authentic valid Indian identification ID. Doctor on Call|Dry Cleaning|Internet Access - Surcharge|Laundry Service Available|Lift / Elevator|Lobby|Parking Facilities Available|Front Desk|Multi Cuisine Restaurant |Major Credit Cards Accepted|24 Hour Front Desk|Doorman|Air-Conditioning - Central|Power Backup|Wake-up Call / Service|Pick Up and Drop (Rly Station, Bus Stand, Temple)|Shopping Drop Facility (on fixed timings)|In House Events |Vegetarian Food / Jain Food Available|Extra Person / Child - Share the same room|Self Check - In|Taxi Services|Food Facility| Drivers Rest Room|Internet Access Free|Newspapers In Lobby|Family Room|Party hall|Air / Rail Booking|RO Water Purification System|Outdoor Parking - Secured|Room Service",
Blue Marine Beach Resort,4.0,The standard check-in time is 11:00 AM and the standard check-out time is 10:00 AM. Early check-in or late check-out is strictly subjected to availability and may be chargeable by the hotel. Any early check-in or late check-out request must be directed and reconfirmed with hotel directly * No chewing of Paan or Gutka in Hotel Premises * Pets not allowed * No Playing very loud music in the room * Minimum 2 night stay Swimming Pool|Airport Transfer Available / Surcharge|Doctor on Call|Laundry Service Available|Library|Lobby|Parking Facilities Available|Front Desk|Multi Cuisine Restaurant |Local Tour / Travel Desk|24 Hour Front Desk|Luggage Storage|Power Backup|Gardens|Wedding Services Facility|Suitable For Children|Pool Table|Veranda|Village Visit ( Chargeable )|Car Rental|Taxi Services|Air / Rail Booking|Guide / Sightseeing Service,
Chunda Palace,4.0,The standard check-in time is 02:00 PM and the standard check-out time is 12:00 PM. Early check-in or late check-out is strictly subjected to availability and may be chargeable by the hotel. Any early check-in or late check-out request must be directed and reconfirmed with hotel directly Hotel may charge compulsory gala dinner supplement on Christmas / New Year's eve or other festive periods. Any such supplements need to be paid directly at the hotel. ,
Callista-1,4.0,The standard check-in time is 12:00 PM and the standard check-out time is 12:00 PM. Early check-in or late check-out is strictly subjected to availability and may be chargeable by the hotel. Any early check-in or late check-out request must be directed and reconfirmed with hotel directly Accommodation can be denied to guests posing as a couple if suitable proof of identification is not presented at check-in.  The hotel reserves the right of admission for local residents. Doctor on Call|Dry Cleaning|Laundry Service Available|Parking Facilities Available|Front Desk|RO Water Purification System,
Chaandhni Lake View,4.0,The standard check-in time is 12:00 PM and the standard check-out time is 11:00 AM. Early check-in or late check-out is strictly subjected to availability and may be chargeable by the hotel. Any early check-in or late check-out request must be directed and reconfirmed with hotel directly Check in : 12 noon Check out : 11 am Guests are requested to provide Valid Address ID proof at the time of check in and Foreign Nationals Pass Port Doctor on Call|Lobby|Parking Facilities Available|Front Desk|Power Backup|Internet Access Free|RO Water Purification System|Parking Facility|Room Service|Public Restrooms,
Bijainagar Fort by 1589 Hotels,4.0,"The standard check-in time is 12:00 PM and the standard check-out time is 12:00 PM. Early check-in or late check-out is strictly subjected to availability and may be chargeable by the hotel. Any early check-in or late check-out request must be directed and reconfirmed with hotel directly We do not allow unmarried / unrelated couples to checkin. This is at full discretion of the hotel management. No refund would be applicable in case the checkin is denied under such circumstances) Airport Transfer Available / Surcharge|Banquet Facilities|Barbecue Area|Doctor on Call|Dry Cleaning|Laundry Service Available|Lift / Elevator|Non Smoking Rooms|Parking Facilities Available|Front Desk|Multi Cuisine Restaurant |Local Tour / Travel Desk|24 Hour Front Desk|Luggage Storage|Doorman|Air-Conditioning - Central|Welcome Drinks|Power Backup|Express Check-In / Check-Out|Gardens|Audio - Visual Equipment|Wedding Services Facility|Wake-up Call / Service|Separate Sitting Area|Conference Facility |Fire Place Available |Pick Up and Drop (Rly Station, Bus Stand, Temple)|Smoking Area |Kids Play Zone|Mini Theatre|Campfire / Bon Fire|Internet Access Free|Newspapers In Lobby|Room Service (24 Hours)|STD / ISD|Parking Facility|Internet Access|Restaurant|CCTV|Stamps and Mailing Facility|Suites",
BISHT NIWAS,4.0,The standard check-in time is 12:00 PM and the standard check-out time is 12:00 PM. Early check-in or late check-out is strictly subjected to availability and may be chargeable by the hotel. Any early check-in or late check-out request must be directed and reconfirmed with hotel directly We respects the privacy of all its customer and business partners. Arrival and Departure policy as below :-  Check in and Check out - 1200 Hours  Early in Check and Late Check out Subjected to availability Laundry Service Available|Parking Facilities Available|Medical Assistance Available|Suitable For Children|Nature Walk|Food Facility|Room Service|Full Time Operation for All 7 Days,
Budget Cottages Manali,4.0,The standard check-in time is 12:00 PM and the standard check-out time is 12:00 PM. Early check-in or late check-out is strictly subjected to availability and may be chargeable by the hotel. Any early check-in or late check-out request must be directed and reconfirmed with hotel directly Room Service (24 Hours)|Parking Facility,
canal view residency,4.0,The standard check-in time is 12:00 PM and the standard check-out time is 12:00 PM. Early check-in or late check-out is strictly subjected to availability and may be chargeable by the hotel. Any early check-in or late check-out request must be directed and reconfirmed with hotel directly We do not allow unmarried / unrelated couples to checkin. This is at full discretion of the hotel management. No refund would be applicable in case the checkin is denied under such circumstances. Lobby|24 Hour Front Desk|Luggage Storage|Doorman|Adjoining Rooms,
Cherai Beach Palace,4.0,"The standard check-in time is 12:00 PM and the standard check-out time is 12:00 PM. Early check-in or late check-out is strictly subjected to availability and may be chargeable by the hotel. Any early check-in or late check-out request must be directed and reconfirmed with hotel directly Booking rates will not be valid for Christmas  New year dates, High season  long weekend dates  extra supplement will be charged over  above the paid rates as per actual  hotel discretion. Doctor on Call|Parking Facilities Available|Outdoor Parking - Secured|Parking Facility|Public Restrooms",
Breeze Cottage,4.0,"The standard check-in time is 02:00 PM and the standard check-out time is 12:00 PM. Early check-in or late check-out is strictly subjected to availability and may be chargeable by the hotel. Any early check-in or late check-out request must be directed and reconfirmed with hotel directly Booking rates will not be valid for Christmas and New year dates, High season and long weekend dates extra supplement will be charged over and above the paid rates as per actual and hotel discretion. Doctor on Call|Parking Facilities Available|Front Desk|Local Tour / Travel Desk|Room Service|First-Aid Kit at Front Desk",
Casa Amigos Holiday Homes,4.0,The standard check-in time is 11:00 AM and the standard check-out time is 10:00 AM. Early check-in or late check-out is strictly subjected to availability and may be chargeable by the hotel. Any early check-in or late check-out request must be directed and reconfirmed with hotel directly Mandatory Photo Identity for all the guest who crossed their minority Pancard is not valid as Photo Identity Pets not allowed All pay @ hotel bookings will be confirmed on advance payment basis only Laundry Service Available|Parking Facilities Available|Gardens|Parking Facility|Room Service,
Cherry Tree,4.0,The standard check-in time is 12:00 PM and the standard check-out time is 12:00 PM. Early check-in or late check-out is strictly subjected to availability and may be chargeable by the hotel. Any early check-in or late check-out request must be directed and reconfirmed with hotel directly we need ID proof at the time of check in. unmarried couples not allowed Laundry Service Available|Lift / Elevator|Lobby|Front Desk|Locker Facility|Power Backup|Internet Access Free|Newspapers In Lobby|Room Service (24 Hours)| Cook Services,
Central Guest House,4.0,The standard check-in time is 10:00 AM and the standard check-out time is 10:00 AM. Early check-in or late check-out is strictly subjected to availability and may be chargeable by the hotel. Any early check-in or late check-out request must be directed and reconfirmed with hotel directly Doctor on Call|Dry Cleaning|Laundry Service Available|24 Hour Front Desk|Room Service,
Chirag Inn,4.0,"The standard check-in time is 03:00 PM and the standard check-out time is 03:00 PM. Early check-in or late check-out is strictly subjected to availability and may be chargeable by the hotel. Any early check-in or late check-out request must be directed and reconfirmed with hotel directly 24 Hrs check in check out . Airport Transfer Available / Surcharge|Banquet Facilities|Business Center |Concierge|Currency Exchange|Doctor on Call|Dry Cleaning|Laundry Service Available|Lift / Elevator|Lobby|Non Smoking Rooms|Parking Facilities Available|Front Desk|Multi Cuisine Restaurant |Locker Facility|Non Smoking Hotel|Local Tour / Travel Desk|Valet service|Major Credit Cards Accepted|24 Hour Front Desk|Luggage Storage|Doorman|Medical Assistance Available|Welcome Drinks|Power Backup|Audio - Visual Equipment|Catering|Wake-up Call / Service|Porter / Bellhop|Coffee Shop / Cafe|Conference Facility |Fax Machine|Kitchen available (home cook food on request)|Multi - Line Phone|Wheelchair Accessibility - Room|Massage Services |Pick Up and Drop (Rly Station, Bus Stand, Temple)|Smoking Area |Open Air Restaurant / Dining |Veg / Non Veg Kitchens Separate |Vegetarian Food / Jain Food Available|Extra Person / Child - Share the same room|Village Visit ( Chargeable )|Taxi Services|Board Room|Food Facility|Internet Access Free|Newspapers In Lobby|Room Service (24 Hours)|Party hall|Air / Rail Booking|STD / ISD|Baggage Room|Laptop Available on Hire|Internet / Fax (Reception area only)|Adjoining Rooms|Outdoor Parking - Secured|Parking Facility",
Brunton Boatyard,4.0,The standard check-in time is 02:00 PM and the standard check-out time is 11:00 AM. Early check-in or late check-out is strictly subjected to availability and may be chargeable by the hotel. Any early check-in or late check-out request must be directed and reconfirmed with hotel directly Hotel may charge compulsory gala dinner supplement on Christmas / New Year's eve or other festive periods. Any such supplements need to be paid directly at the hotel. Banquet Facilities|Business Center |Doctor on Call|Health Club / Gym Facility Available|Laundry Service Available|Multi Cuisine Restaurant |Locker Facility,
Cassowary Hotel,4.0,The standard check-in time is 12:00 PM and the standard check-out time is 12:00 PM. Early check-in or late check-out is strictly subjected to availability and may be chargeable by the hotel. Any early check-in or late check-out request must be directed and reconfirmed with hotel directly We do not allow unmarried / unrelated couples to checkin.  This is at full discretion of the hotel management. No refund would be applicable in case the checkin is denied under such circumstances Doctor on Call|Parking Facilities Available|Front Desk|Baggage Room|Adjoining Rooms|RO Water Purification System|Outdoor Parking - Secured|Parking Facility|Room Service|First-Aid Kit at Front Desk,
Chanakya BNR Ranchi,4.0,The standard check-in time is 12:00 PM and the standard check-out time is 12:00 PM. Early check-in or late check-out is strictly subjected to availability and may be chargeable by the hotel. Any early check-in or late check-out request must be directed and reconfirmed with hotel directly pets are not allowed... Single lady visitor are not allowed to gents guest room and vice versa. Swimming Pool|Airport Transfer Available / Surcharge|Banquet Facilities|Bar / Lounge |Business Center |Currency Exchange|Doctor on Call|Dry Cleaning|Health Club / Gym Facility Available|Laundry Service Available|Lift / Elevator|Lobby|Parking Facilities Available|Front Desk|Multi Cuisine Restaurant |Locker Facility|Local Tour / Travel Desk|Major Credit Cards Accepted|24 Hour Front Desk|Doorman|Medical Assistance Available|Air-Conditioning - Central|Welcome Drinks|Power Backup|Gardens|Audio - Visual Equipment|Wedding Services Facility|Wake-up Call / Service|Porter / Bellhop|Suitable For Children|Coffee Shop / Cafe|Conference Facility |Smoking Rooms|Fax Machine|Wheelchair Accessibility - Room|Massage Services |Car Rental|Express Laundry|Board Room|Food Facility|Internet Access Free|Newspapers In Lobby|Room Service (24 Hours)|Party hall|Baggage Room|Outdoor Parking - Secured|Parking Facility,
Caravan Home Stay,4.0,"The standard check-in time is 02:00 PM and the standard check-out time is 11:00 AM. Early check-in or late check-out is strictly subjected to availability and may be chargeable by the hotel. Any early check-in or late check-out request must be directed and reconfirmed with hotel directly Restrictions(Not Allowed): Loud Music, Pets ",
Bridge View Regency,4.0,"The standard check-in time is 12:00 PM and the standard check-out time is 12:00 PM. Early check-in or late check-out is strictly subjected to availability and may be chargeable by the hotel. Any early check-in or late check-out request must be directed and reconfirmed with hotel directly Hotel may charge compulsory gala dinner supplement on Christmas / New Year's eve or other festive periods. Any such supplements need to be paid directly at the hotel. Charges as given below -  Compulsory Christmas 25th Dec Gala Dinner charges would be Rs. 5000 extra for a couple and Extra person (Above 6 Years) @ Rs. 2500. Compulsory New Year 31st Dec Gala Dinner charges would be Rs. 6000 extra for a couple and Extra person (Above 6 Years) @ Rs. 3000. Stags entry not allowed. Airport Transfer Available / Surcharge|Bar / Lounge |Concierge|Doctor on Call|Internet Access - Surcharge|Laundry Service Available|Lift / Elevator|Lobby|Non Smoking Rooms|Front Desk|Multi Cuisine Restaurant |Local Tour / Travel Desk|Major Credit Cards Accepted|24 Hour Front Desk|Luggage Storage|Power Backup|Computer Rental|Wake-up Call / Service|Separate Sitting Area|Conference Facility |Smoking Rooms|ATM / Banking|Fax Machine|Pick Up and Drop (Rly Station, Bus Stand, Temple)|Nature Walk|Smoking Area |Horse Ride ( Chargeable ) |Village Visit ( Chargeable )|Car Rental|Express Laundry|Taxi Services|Board Room| Drivers Rest Room|Internet Access Free|Newspapers In Lobby|Electronic Check-Out|Family Room|Room Service (24 Hours)|Parking (Surcharge)|Party hall|Baggage Room|Internet / Fax (Reception area only)|Adjoining Rooms|Internet Access|Room Service|Fire Safety",
BHAWANI COTTAGE,4.0,The standard check-in time is 12:30 PM and the standard check-out time is 12:00 PM. Early check-in or late check-out is strictly subjected to availability and may be chargeable by the hotel. Any early check-in or late check-out request must be directed and reconfirmed with hotel directly BOOKING POLICY: Bookings are confirmed on at least 50% advance of the total reservation amount. The balance of the reservation amount to be made before or at the time of check-in. Parking Facilities Available|Multi Cuisine Restaurant | Bike on Rent|Campfire / Bon Fire|Outdoor Parking - Non Secured,
Carbery Farms,4.0,The standard check-in time is 02:00 PM and the standard check-out time is 12:00 PM. Early check-in or late check-out is strictly subjected to availability and may be chargeable by the hotel. Any early check-in or late check-out request must be directed and reconfirmed with hotel directly We do not allow unmarried / unrelated couples to checkin. This is at full discretion of the hotel management. No refund would be applicable in case the checkin is denied under such circumstances Doctor on Call|Front Desk|Non Smoking Hotel|Parking Facility|Room Service,
Bob Hostel,4.0,"The standard check-in time is 12:00 PM and the standard check-out time is 12:00 PM. Early check-in or late check-out is strictly subjected to availability and may be chargeable by the hotel. Any early check-in or late check-out request must be directed and reconfirmed with hotel directly Hotel may charge compulsory supplement on Christmas,New Years eve and other festive periods. Any such supplements need to be paid at the hotel.As per the govt. guidelines valid govt. issued id proofs are required to be presented on C/in. Laundry Service Available|Front Desk|Multi Cuisine Restaurant |Internet Access Free|Room Service (24 Hours)|Room Service",
Casa Fredwin Homestay,4.0,"The standard check-in time is 12:00 PM and the standard check-out time is 11:00 AM. Early check-in or late check-out is strictly subjected to availability and may be chargeable by the hotel. Any early check-in or late check-out request must be directed and reconfirmed with hotel directly AS PER GOVERNMENT DIRECTIVES IT IS MANDATORY FOR ALL GUEST TO SHOW THEIR PHOTO ID AT CHECK IN, WHICH CAN BE IN FORM OF PASSPORT AND VISA COPY/ DRIVING LICENSE/ VOTER ID CARD FAILING WHICH THE HOTEL RESERVES THE RIGHT OF REFUSAL. Airport Transfer Available / Surcharge|Internet Access - Surcharge|Library|Parking Facilities Available|Power Backup|Internet Access Free|Parking Facility",
Bul Bul Houseboats,4.0,"The standard check-in time is 12:00 PM and the standard check-out time is 12:00 PM. Early check-in or late check-out is strictly subjected to availability and may be chargeable by the hotel. Any early check-in or late check-out request must be directed and reconfirmed with hotel directly Booking rates will not be valid for Christmas and New year dates, High season and long weekend dates  extra supplement will be charged over and above the paid rates as per actual and hotel discretion. Doctor on Call|Parking Facilities Available|Front Desk|Medical Assistance Available|Public Restrooms",
Challenger Residency,4.0,"The standard check-in time is 10:00 AM and the standard check-out time is 10:00 AM. Early check-in or late check-out is strictly subjected to availability and may be chargeable by the hotel. Any early check-in or late check-out request must be directed and reconfirmed with hotel directly It is mandatory for guests to present valid photo identification at the time of check-in. Early check-in or late check-out is subject to availability and may be chargeable by the hotel. The standard check-in time is 12 PM and the standard check-out time is 12 PM. Concierge|Doctor on Call|Dry Cleaning|Laundry Service Available|Lift / Elevator|Lobby|Parking Facilities Available|Front Desk|Multi Cuisine Restaurant |Local Tour / Travel Desk|Valet service|Major Credit Cards Accepted|24 Hour Front Desk|Doorman|Air-Conditioning - Central|Welcome Drinks|Power Backup|Gardens|Audio - Visual Equipment|Catering|Wake-up Call / Service|Conference Facility |Access Via Exterior Corridors|Fax Machine|Kitchen available (home cook food on request)|Electronic / Magnetic Keys|Wheelchair Accessibility - Room|Pick Up and Drop (Rly Station, Bus Stand, Temple)|Veranda|Open Air Restaurant / Dining |Transfers Available|In House Events |Vegetarian Food / Jain Food Available|Extra Person / Child - Share the same room|Village Visit ( Chargeable )|Car Rental|Express Laundry|Board Room|Rooftop Garden|Food Facility|Internet Access Free|Newspapers In Lobby|Family Room|Party hall|Courier Service|Adjoining Rooms|RO Water Purification System|Airport Transfer Free|Parking Facility|Internet Access",
Century resorts,4.0,The standard check-in time is 02:00 PM and the standard check-out time is 12:00 PM. Early check-in or late check-out is strictly subjected to availability and may be chargeable by the hotel. Any early check-in or late check-out request must be directed and reconfirmed with hotel directly Doctor on Call|Front Desk|Multi Cuisine Restaurant |Local Tour / Travel Desk|Medical Assistance Available|Power Backup|Parking Facility|Restaurant|Room Service,
Caveri Residency,4.0,"The standard check-in time is 12:00 PM and the standard check-out time is 12:00 PM. Early check-in or late check-out is strictly subjected to availability and may be chargeable by the hotel. Any early check-in or late check-out request must be directed and reconfirmed with hotel directly No Show, Cancellation charges will be 100 % Cost.  within 6 days of checkin, Cancellation charges will be 1 Night Cost.  on and before 7 days of checkin, Cancellation charges will be Rs. 0 Fixed Cost Business Center |Doctor on Call|Parking Facilities Available|Front Desk|Local Tour / Travel Desk|Major Credit Cards Accepted|24 Hour Front Desk|Power Backup|Gardens|Multi Lingual Staff|Wake-up Call / Service|Extra Person / Child - Share the same room|Car Rental|Internet Access Free|Newspapers In Lobby|Guide / Sightseeing Service|Internet / Fax (Reception area only)|Outdoor Parking - Secured|Parking Facility|Internet Access|Restaurant|Room Service|CCTV|Public Restrooms|Suites",
Chandan Lodge,4.0,"The standard check-in time is 09:00 AM and the standard check-out time is 08:00 AM. Early check-in or late check-out is strictly subjected to availability and may be chargeable by the hotel. Any early check-in or late check-out request must be directed and reconfirmed with hotel directly Hotel may charge compulsory supplement on Christmas, New Years eve and other festive periods. Any such supplements need to be paid at the hotel. As per the govt. guidelines valid govt. issued id proofs are required to be presented at the Time of C/in. Doctor on Call|Internet Access - Surcharge|Front Desk|Local Tour / Travel Desk|24 Hour Front Desk|Power Backup|Pick Up and Drop (Rly Station, Bus Stand, Temple)|Food Facility|Room Service (24 Hours)|Parking Facility",
Casa Melhor Candolim 1 BHK Appartment,4.0,The standard check-in time is 02:00 PM and the standard check-out time is 12:00 PM. Early check-in or late check-out is strictly subjected to availability and may be chargeable by the hotel. Any early check-in or late check-out request must be directed and reconfirmed with hotel directly We do not allow unmarried / unrelated couples to checkin. This is at full discretion of the hotel management. No refund would be applicable in case the checkin is denied under such circumstances Doctor on Call|Dry Cleaning|Laundry Service Available|Parking Facilities Available|Front Desk|Locker Facility|24 Hour Front Desk|Luggage Storage|Wake-up Call / Service|Internet Access Free|Newspapers In Lobby|Room Service (24 Hours)|Parking Facility|Internet Access|Room Service|Fire Safety|CCTV|First-Aid Kit at Front Desk,
Bhalla Dormitory Hotel,4.0,The standard check-in time is 02:00 PM and the standard check-out time is 12:00 PM. Early check-in or late check-out is strictly subjected to availability and may be chargeable by the hotel. Any early check-in or late check-out request must be directed and reconfirmed with hotel directly We do not allow unmarried / unrelated couples to checkin. This is at full discretion of the hotel management. No refund would be applicable in case the checkin is denied under such circumstances 1.   not allowed unmarried couple 2.   not allowed local person 3.   not allowed room for drinking and gambling porpose. 4.   allow married couple if they show both i.d proof. Concierge|Disabled Friendly Facilities |Doctor on Call|Dry Cleaning|Internet Access - Surcharge|Laundry Service Available|Lobby|Front Desk|Local Tour / Travel Desk|24 Hour Front Desk,
Chandran Hyline,4.0,"The standard check-in time is 12:00 PM and the standard check-out time is 12:00 PM. Early check-in or late check-out is strictly subjected to availability and may be chargeable by the hotel. Any early check-in or late check-out request must be directed and reconfirmed with hotel directly Booking rates will not be valid for Christmas and New year dates, High season and long weekend dates , extra supplement will be charged over and above the paid rates as per actual and hotel discretion Gift Shop |Health Club / Gym Facility Available|Laundry Service Available|Lift / Elevator|Parking Facilities Available|Front Desk|Spa On Site - Chargeable|24 Hour Front Desk|Power Backup|Express Check-In / Check-Out|Multi Lingual Staff|Wake-up Call / Service|Porter / Bellhop|Suitable For Children|Kitchen available (home cook food on request)|Veranda|Veg / Non Veg Kitchens Separate |Vegetarian Food / Jain Food Available|Express Laundry|Food Facility| Drivers Rest Room|Internet Access Free|Room Service (24 Hours)| Cook Services|Internet / Fax (Reception area only)|Outdoor Parking - Secured|Parking Facility|Restaurant|Room Service|CCTV|Fire Exit Signs|Full Time Operation for All 7 Days|Porter Services Available|Public Restrooms|Security at All Hotel Entrances",
Bright Guest House,4.0,The standard check-in time is 12:00 PM and the standard check-out time is 12:00 PM. Early check-in or late check-out is strictly subjected to availability and may be chargeable by the hotel. Any early check-in or late check-out request must be directed and reconfirmed with hotel directly Booking rates will not be valid for Christmas and New year dates High season and long weekend dates extra supplement will be charged over and above the paid rates as per actual and hotel discretion. Doctor on Call|Parking Facilities Available|Front Desk|Medical Assistance Available|Wake-up Call / Service|Nature Walk|Veranda|Outdoor Parking - Secured|Parking Facility|Room Service|Full Time Operation for All 7 Days,
Birma Cottage,4.0,"The standard check-in time is 12:00 PM and the standard check-out time is 12:00 PM. Early check-in or late check-out is strictly subjected to availability and may be chargeable by the hotel. Any early check-in or late check-out request must be directed and reconfirmed with hotel directly Booking rates will not be valid for Christmas and New year dates, High season and long weekend dates  extra supplement will be charged over and above the paid rates as per actual and hotel discretion. Doctor on Call|Parking Facilities Available|Front Desk|Locker Facility|24 Hour Front Desk|Luggage Storage|Doorman|Food Facility|Adjoining Rooms|Outdoor Parking - Secured|Outdoor Parking - Non Secured|Parking Facility|Room Service|First-Aid Kit at Front Desk",
Casa Almeida Guest House,4.0,The standard check-in time is 12:00 PM and the standard check-out time is 11:00 AM. Early check-in or late check-out is strictly subjected to availability and may be chargeable by the hotel. Any early check-in or late check-out request must be directed and reconfirmed with hotel directly Swimming Pool|Airport Transfer Available / Surcharge|Doctor on Call|Dry Cleaning|Laundry Service Available|Lobby|Non Smoking Rooms|Parking Facilities Available|Front Desk|Locker Facility|Non Smoking Hotel|Local Tour / Travel Desk|24 Hour Front Desk|Power Backup|Catering|Wake-up Call / Service|Boating|Veranda| Bike on Rent|Car Rental|Internet Access Free|Room Service (24 Hours)|Outdoor Parking - Secured|Parking Facility,
Bhainsrorgarh Fort Hotel- 50 kms from Kota,4.0,The standard check-in time is 02:00 PM and the standard check-out time is 12:00 PM. Early check-in or late check-out is strictly subjected to availability and may be chargeable by the hotel. Any early check-in or late check-out request must be directed and reconfirmed with hotel directly Hotel Policies - Check in -1200PM Check out - 12:00 PM Alcohol Policy- Alcoholic beverage service is restricted to those 21 years or older (with valid identification). Doctor on Call|Lobby|Front Desk|Local Tour / Travel Desk,
CAMRON GUEST HOUSE,4.0,The standard check-in time is 07:00 AM and the standard check-out time is 07:00 AM. Early check-in or late check-out is strictly subjected to availability and may be chargeable by the hotel. Any early check-in or late check-out request must be directed and reconfirmed with hotel directly Government ID cards are mandatory during the time of check in. Multi Cuisine Restaurant |Gardens|Internet Access Free|Outdoor Parking - Secured|Parking Facility,
blackresidency,4.0,The standard check-in time is 12:00 PM and the standard check-out time is 12:00 PM. Early check-in or late check-out is strictly subjected to availability and may be chargeable by the hotel. Any early check-in or late check-out request must be directed and reconfirmed with hotel directly ,
BINI TOURIST HOME,4.0,"The standard check-in time is 12:00 PM and the standard check-out time is 12:00 PM. Early check-in or late check-out is strictly subjected to availability and may be chargeable by the hotel. Any early check-in or late check-out request must be directed and reconfirmed with hotel directly Booking rates will not be valid for Christmas and New year dates, High season and long weekend dates  extra supplement will be charged over and above the paid rates as per actual and hotel discretion. Doctor on Call|Parking Facilities Available|Front Desk|Medical Assistance Available|Room Service|Public Restrooms",
Casa Melhor  2BHK in SIolim,4.0,"The standard check-in time is 01:00 PM and the standard check-out time is 10:00 AM. Early check-in or late check-out is strictly subjected to availability and may be chargeable by the hotel. Any early check-in or late check-out request must be directed and reconfirmed with hotel directly Booking rates will not be valid for Christmas  New year dates, High season  long weekend dates  extra supplement will be charged over  above the paid rates as per actual  hotel discretion Swimming Pool|Doctor on Call|Lift / Elevator|Parking Facilities Available|Room Service",
Chukey's Homestay,4.0,The standard check-in time is 12:00 PM and the standard check-out time is 12:00 PM. Early check-in or late check-out is strictly subjected to availability and may be chargeable by the hotel. Any early check-in or late check-out request must be directed and reconfirmed with hotel directly ,
Casa Melhor  2BHK in Arpora,4.0,"The standard check-in time is 01:00 PM and the standard check-out time is 10:00 AM. Early check-in or late check-out is strictly subjected to availability and may be chargeable by the hotel. Any early check-in or late check-out request must be directed and reconfirmed with hotel directly Booking rates will not be valid for Christmas  New year dates, High season  long weekend dates  extra supplement will be charged over  above the paid rates as per actual  hotel discretion. Doctor on Call|Parking Facilities Available|Front Desk|Medical Assistance Available|Public Restrooms",
Birje Home Stay,4.0,"The standard check-in time is 11:00 AM and the standard check-out time is 10:00 AM. Early check-in or late check-out is strictly subjected to availability and may be chargeable by the hotel. Any early check-in or late check-out request must be directed and reconfirmed with hotel directly If you damage, break anything, you pay for the loss. Barbecue Area|Doctor on Call|Laundry Service Available|Lobby|Non Smoking Rooms|Parking Facilities Available|Pets Allowed|Local Tour / Travel Desk|Luggage Storage|Medical Assistance Available|Welcome Drinks|Power Backup|Gardens|Wedding Services Facility|Translation Services|Multi Lingual Staff|Porter / Bellhop|Suitable For Children|Grocery|Picnic Area|Boating|Pick Up and Drop (Rly Station, Bus Stand, Temple)|Nature Walk|Smoking Area |Camel Ride|Veranda|Transfers Available| Bike on Rent|Horse Ride ( Chargeable ) |Shopping Drop Facility (on fixed timings)|Extra Person / Child - Share the same room|Village Visit ( Chargeable )|Car Rental|Kids Play Zone|Self Check - In|Campfire / Bon Fire|Internet Access Free|Newspapers In Lobby|Children's Park| Cook Services|Baggage Room|Guide / Sightseeing Service|RO Water Purification System|Outdoor Parking - Secured|Parking Facility|Fishing|Trekking|Paid Transfers|Porter Services Available",
Cedar LodgeCedar Lodge,4.0,"The standard check-in time is 12:00 PM and the standard check-out time is 12:00 PM. Early check-in or late check-out is strictly subjected to availability and may be chargeable by the hotel. Any early check-in or late check-out request must be directed and reconfirmed with hotel directly Booking rates will not be valid for Christmas and New year dates, High season and long weekend dates  extra supplement will be charged over and above the paid rates as per actual and hotel discretion Doctor on Call|Front Desk|24 Hour Front Desk|Luggage Storage|Wake-up Call / Service|Parking Facility|Room Service|First-Aid Kit at Front Desk",
Chill Inn,4.0,The standard check-in time is 11:00 AM and the standard check-out time is 10:30 AM. Early check-in or late check-out is strictly subjected to availability and may be chargeable by the hotel. Any early check-in or late check-out request must be directed and reconfirmed with hotel directly Photo identity is mandatory for all the guest who crossed their minority Pancard is not valid as photo identity Pets not allowed We would like our guest to have the best time at our guest house with regard to your neighbour. Please throw garbage only in bins. No loaud music after 10pm. Laundry Service Available|Parking Facilities Available|Room Service,
Chalet Riviera,4.0,"The standard check-in time is 12:00 PM and the standard check-out time is 12:00 PM. Early check-in or late check-out is strictly subjected to availability and may be chargeable by the hotel. Any early check-in or late check-out request must be directed and reconfirmed with hotel directly Booking rates will not be valid for Christmas and New year dates, High season and long weekend dates , extra supplement will be charged over and above the paid rates as per actual and hotel discretion Swimming Pool|Health Club / Gym Facility Available|Lift / Elevator|Parking Facilities Available|Locker Facility|Power Backup|Gardens|Internet Access Free|Room Service (24 Hours)|Parking (Surcharge)|Internet / Fax (Reception area only)|Outdoor Parking - Secured|Parking Facility|Room Service|Porter Services Available|Suites",
Chembil Residency,4.0,The standard check-in time is 12:00 PM and the standard check-out time is 12:00 PM. Early check-in or late check-out is strictly subjected to availability and may be chargeable by the hotel. Any early check-in or late check-out request must be directed and reconfirmed with hotel directly We do not allow unmarried / unrelated couples to checkin. This is at full discretion of the hotel management. No refund would be applicable in case the checkin is denied under such circumstances. Customer Government approved Photo ID card is must to carry at the time of check in. Doctor on Call|Front Desk|Luggage Storage|Parking Facility|Room Service,
Blue Diamond Lodge,4.0,The standard check-in time is 12:00 PM and the standard check-out time is 12:00 PM. Early check-in or late check-out is strictly subjected to availability and may be chargeable by the hotel. Any early check-in or late check-out request must be directed and reconfirmed with hotel directly We do not allow unmarried / unrelated couples to checkin. This is at full discretion of the hotel management. No refund would be applicable in case the checkin is denied under such circumstances Doctor on Call|Dry Cleaning|Front Desk|Medical Assistance Available|Room Service|First-Aid Kit at Front Desk,
CHARULATA ECO RESORT,4.0,The standard check-in time is 12:00 PM and the standard check-out time is 10:30 AM. Early check-in or late check-out is strictly subjected to availability and may be chargeable by the hotel. Any early check-in or late check-out request must be directed and reconfirmed with hotel directly  We do not allow unmarried / unrelated couples to checkin. This is at full discretion of the hotel management. No refund would be applicable in case the checkin is denied under such circumstances Doctor on Call|Parking Facilities Available|Multi Cuisine Restaurant |Luggage Storage|Doorman|Power Backup|Parking Facility|Room Service|Porter Services Available,
Camp AquaForest,4.0,The standard check-in time is 01:00 PM and the standard check-out time is 11:00 AM. Early check-in or late check-out is strictly subjected to availability and may be chargeable by the hotel. Any early check-in or late check-out request must be directed and reconfirmed with hotel directly We do not allow unmarried / unrelated couples to checkin. This is at full discretion of the hotel management. No refund would be applicable in case the checkin is denied under such circumstances Library|Welcome Drinks|Power Backup|Gardens|Open Air Restaurant / Dining |Vegetarian Food / Jain Food Available|Extra Person / Child - Share the same room|Campfire / Bon Fire|Trekking|CCTV|First-Aid Kit at Front Desk,
Casa Melhor Calangute,4.0,"The standard check-in time is 01:00 PM and the standard check-out time is 10:00 AM. Early check-in or late check-out is strictly subjected to availability and may be chargeable by the hotel. Any early check-in or late check-out request must be directed and reconfirmed with hotel directly Photo ids are compulsory at the time of Ch-in, Hotel may reject confirm booking if fail to produce same Swimming Pool|Airport Transfer Available / Surcharge|Health Club / Gym Facility Available|Laundry Service Available|Lift / Elevator|Night Club|Non Smoking Rooms|Parking Facilities Available|Local Tour / Travel Desk|Doorman|Air-Conditioning - Central|Suitable For Children|Wheelchair Accessibility - Room|Pick Up and Drop (Rly Station, Bus Stand, Temple)|Car Rental|Parking Facility",
Casa Paradiso,4.0,The standard check-in time is 01:00 PM and the standard check-out time is 12:00 PM. Early check-in or late check-out is strictly subjected to availability and may be chargeable by the hotel. Any early check-in or late check-out request must be directed and reconfirmed with hotel directly Hotel may charge compulsory gala dinner supplement on Christmas / New Year's eve or other festive periods. Any such supplements need to be paid directly at the hotel. Airport Transfer Available / Surcharge|Laundry Service Available|Parking Facilities Available|Front Desk|Local Tour / Travel Desk|Major Credit Cards Accepted|24 Hour Front Desk|Luggage Storage|Power Backup| Bike on Rent|Taxi Services|Internet Access Free|Newspapers In Lobby|Room Service (24 Hours)|Parking (Surcharge)|Guide / Sightseeing Service|Outdoor Parking - Non Secured|Internet Access|Full Time Operation for All 7 Days|Paid Transfers,
Casa Amarilla,4.0,The standard check-in time is 12:00 PM and the standard check-out time is 10:00 AM. Early check-in or late check-out is strictly subjected to availability and may be chargeable by the hotel. Any early check-in or late check-out request must be directed and reconfirmed with hotel directly A photocopy of your photo ID is required at the time of check in as per law Check in 12 Noon/ Check Out 10 AM Children below 6 years of age free with parents Business Center |Laundry Service Available|Lift / Elevator|Lobby|Parking Facilities Available|Front Desk|Major Credit Cards Accepted|24 Hour Front Desk|Power Backup|Kitchen available (home cook food on request)| Bike on Rent|Extra Person / Child - Share the same room|Car Rental|Internet Access Free|Newspapers In Lobby|Room Service (24 Hours)|Guide / Sightseeing Service|Adjoining Rooms|Outdoor Parking - Secured|Parking Facility|Internet Access|Room Service|CCTV|Paid Transfers|Public Restrooms,
Camp Paradise,4.0,"The standard check-in time is 12:30 PM and the standard check-out time is 10:00 AM. Early check-in or late check-out is strictly subjected to availability and may be chargeable by the hotel. Any early check-in or late check-out request must be directed and reconfirmed with hotel directly Hotel will charge Mandatory New Year Gala Dinner's supplement. Airport Transfer Available / Surcharge|Babysitting/ Child Care (surcharge)|Banquet Facilities|Bar / Lounge |Business Center |Currency Exchange|Doctor on Call|Dry Cleaning|Internet Access - Surcharge|Parking Facilities Available|Pets Allowed|Front Desk|Locker Facility|Local Tour / Travel Desk|Hookah Lounge|24 Hour Front Desk|Luggage Storage|Medical Assistance Available|Welcome Drinks|Power Backup|Express Check-In / Check-Out|Audio - Visual Equipment|Dance Performances (on demand)|Wake-up Call / Service|Porter / Bellhop|Suitable For Children|Conference Facility |Smoking Rooms|ATM / Banking|Kitchen available (home cook food on request)|Picnic Area|Safari|Pick Up and Drop (Rly Station, Bus Stand, Temple)|Nature Walk|Smoking Area |Camel Ride|Veranda| Bike on Rent|Horse Ride ( Chargeable ) |In House Events |Vegetarian Food / Jain Food Available|Extra Person / Child - Share the same room|Village Visit ( Chargeable )|Car Rental|Taxi Services|City Shuttle Service|Karaoke |Campfire / Bon Fire|Food Facility| Drivers Rest Room|Newspapers In Lobby|Room Service (24 Hours)| Cook Services|Party hall|Air / Rail Booking|Baggage Room|Guide / Sightseeing Service|RO Water Purification System|Parking Facility",
Capitol Hill,4.0,"The standard check-in time is 12:00 PM and the standard check-out time is 12:00 PM. Early check-in or late check-out is strictly subjected to availability and may be chargeable by the hotel. Any early check-in or late check-out request must be directed and reconfirmed with hotel directly Check-in/Check-out time is 12:00 Noon Early Arrival and Late Departure is Subject to Availability. Airport Transfer Available / Surcharge|Babysitting/ Child Care (surcharge)|Banquet Facilities|Bar / Lounge |Beauty Salon - on charge|Business Center |Concierge|Currency Exchange|Disabled Friendly Facilities |Doctor on Call|Dry Cleaning|Gift Shop |Health Club / Gym Facility Available|Laundry Service Available|Lift / Elevator|Lobby|Non Smoking Rooms|Parking Facilities Available|Front Desk|Multi Cuisine Restaurant |Locker Facility|Local Tour / Travel Desk|Valet service|Major Credit Cards Accepted|24 Hour Front Desk|Luggage Storage|Doorman|Air-Conditioning - Central|Welcome Drinks|Power Backup|Wake-up Call / Service|Fitness Equipment|Suitable For Children|Conference Facility |Smoking Rooms|Fax Machine|Pick Up and Drop (Rly Station, Bus Stand, Temple)|Transfers Available|Extra Person / Child - Share the same room|Car Rental|Express Laundry|Food Facility|Internet Access Free|Newspapers In Lobby|Room Service (24 Hours)|STD / ISD|Baggage Room|RO Water Purification System|Outdoor Parking - Secured|Parking Facility|Suites",
Citi Suites,4.0,The standard check-in time is 12:00 PM and the standard check-out time is 12:00 PM. Early check-in or late check-out is strictly subjected to availability and may be chargeable by the hotel. Any early check-in or late check-out request must be directed and reconfirmed with hotel directly  We do not allow unmarried / unrelated couples to checkin. This is at full discretion of the hotel management. No refund would be applicable in case the checkin is denied under such circumstances Health Club / Gym Facility Available|Laundry Service Available|Parking Facilities Available|Front Desk|Locker Facility|Power Backup|Transfers Available|Internet Access Free|Room Service (24 Hours)|Outdoor Parking - Secured|Parking Facility|Room Service|Public Restrooms|Suites,
Bhaktavatsal  Lodge,4.0,The standard check-in time is 12:00 PM and the standard check-out time is 12:00 PM. Early check-in or late check-out is strictly subjected to availability and may be chargeable by the hotel. Any early check-in or late check-out request must be directed and reconfirmed with hotel directly Doctor on Call|Front Desk,
Bohemian Masala Beach Resort,4.0,The standard check-in time is 02:00 PM and the standard check-out time is 12:00 PM. Early check-in or late check-out is strictly subjected to availability and may be chargeable by the hotel. Any early check-in or late check-out request must be directed and reconfirmed with hotel directly No Extra bed provided Doctor on Call|Laundry Service Available|ATM / Banking|Baggage Room,
Casa De Cris,4.0,The standard check-in time is 12:00 PM and the standard check-out time is 12:00 PM. Early check-in or late check-out is strictly subjected to availability and may be chargeable by the hotel. Any early check-in or late check-out request must be directed and reconfirmed with hotel directly Hotel may charge compulsory gala dinner supplement on Christmas / New Year's eve or other festive periods. Any such supplements need to be paid directly at the hotel. Swimming Pool|Airport Transfer Available / Surcharge|Bar / Lounge |Currency Exchange|Doctor on Call|Internet Access - Surcharge|Laundry Service Available|Parking Facilities Available|Multi Cuisine Restaurant |Local Tour / Travel Desk,
Chalukya Residency,4.0,The standard check-in time is 12:00 PM and the standard check-out time is 12:00 PM. Early check-in or late check-out is strictly subjected to availability and may be chargeable by the hotel. Any early check-in or late check-out request must be directed and reconfirmed with hotel directly We do not allow unmarried / unrelated couples to checkin. This is at full discretion of the hotel management. No refund would be applicable in case the checkin is denied under such circumstances Doctor on Call|Front Desk|Room Service,
Citi Heart Hotel,4.0,The standard check-in time is 12:00 PM and the standard check-out time is 12:00 PM. Early check-in or late check-out is strictly subjected to availability and may be chargeable by the hotel. Any early check-in or late check-out request must be directed and reconfirmed with hotel directly We do not allow unmarried / unrelated couples to checkin. This is at full discretion of the hotel management. No refund would be applicable in case the checkin is denied under such circumstances. Doctor on Call|Front Desk|Parking Facility|Room Service|Public Restrooms,
Bharat Avenue,4.0,The standard check-in time is 12:00 PM and the standard check-out time is 12:00 PM. Early check-in or late check-out is strictly subjected to availability and may be chargeable by the hotel. Any early check-in or late check-out request must be directed and reconfirmed with hotel directly Airport Transfer Available / Surcharge|Dry Cleaning|Health Club / Gym Facility Available|Laundry Service Available|Lift / Elevator|Lobby|Front Desk|Multi Cuisine Restaurant |Internet Access Free,
Bombay Palace,4.0,"The standard check-in time is 12:00 PM and the standard check-out time is 12:00 PM. Early check-in or late check-out is strictly subjected to availability and may be chargeable by the hotel. Any early check-in or late check-out request must be directed and reconfirmed with hotel directly Minimum check-in age is 18 Check-in time starts at 12:00 noon Check-out time is 12:00 noon Note: Only Government issued ID and Address proof has to produce at the time of check-in (PAN Card is not valid) Airport Transfer Available / Surcharge|Dry Cleaning|Games Zone|Laundry Service Available|Front Desk|Locker Facility|Local Tour / Travel Desk|24 Hour Front Desk|Luggage Storage|Medical Assistance Available|Power Backup|Express Check-In / Check-Out|Kitchen available (home cook food on request)|Free Local Calls|Massage Services |Pick Up and Drop (Rly Station, Bus Stand, Temple)|Smoking Area |Extra Person / Child - Share the same room|Car Rental|Taxi Services|Food Facility|Internet Access Free|Postal / Parcel Services|Family Room|Room Service (24 Hours)| Cook Services|Air / Rail Booking|STD / ISD|Baggage Room|Courier Service|RO Water Purification System",
Citi Business Hotel,4.0,The standard check-in time is 12:00 PM and the standard check-out time is 12:00 PM. Early check-in or late check-out is strictly subjected to availability and may be chargeable by the hotel. Any early check-in or late check-out request must be directed and reconfirmed with hotel directly THIS IS OFFER VALID FROM 1st FEB 2015 Till April 30th ONLY FREE PICK UP FROM BUS STATION AND FROM RAILWAY STATION ONLY BY CAR. Bar / Lounge |Business Center |Internet Access - Surcharge|Laundry Service Available|Lift / Elevator|Parking Facilities Available|Front Desk|Multi Cuisine Restaurant |Locker Facility|Local Tour / Travel Desk|Power Backup|Conference Facility |Transfers Available|Internet Access Free|Room Service (24 Hours)|Parking Facility|Public Restrooms|Speciality Restaurant,
Chirag Guest House,4.0,The standard check-in time is 02:00 PM and the standard check-out time is 12:00 PM. Early check-in or late check-out is strictly subjected to availability and may be chargeable by the hotel. Any early check-in or late check-out request must be directed and reconfirmed with hotel directly We do not allow unmarried / unrelated couples to checkin. This is at full discretion of the hotel management. No refund would be applicable in case the checkin is denied under such circumstances Doctor on Call|Non Smoking Rooms|Parking Facilities Available|Front Desk|Gardens|Smoking Rooms|Extra Person / Child - Share the same room|Family Room|Room Service (24 Hours)|Adjoining Rooms|RO Water Purification System|Room Service|Public Restrooms,
Camp Nirvana,4.0,"The standard check-in time is 12:00 PM and the standard check-out time is 12:00 PM. Early check-in or late check-out is strictly subjected to availability and may be chargeable by the hotel. Any early check-in or late check-out request must be directed and reconfirmed with hotel directly Booking rates will not be valid for Christmas and New year dates, High season and long weekend dates  extra supplement will be charged over and above the paid rates as per actual and hotel discretion. Doctor on Call|Parking Facilities Available|Front Desk|Medical Assistance Available|Public Restrooms",
Castle House Palolem,4.0,The standard check-in time is 12:00 PM and the standard check-out time is 10:30 AM. Early check-in or late check-out is strictly subjected to availability and may be chargeable by the hotel. Any early check-in or late check-out request must be directed and reconfirmed with hotel directly Unmarried couples should bring Valid photo  ID.   NO  GROUPS  MORE THAN 6 PERSONS Hotel may charge compulsory gala dinner supplement on Christmas / New Year's eve or other festive periods. Any such supplements need to be paid directly at the hotel. Swimming Pool|Bar / Lounge |Laundry Service Available|Parking Facilities Available|Multi Cuisine Restaurant |Pool Table|Internet Access Free|Parking Facility,
"Chandan Mahal Hotel ,Sayajigunj",4.0,The standard check-in time is 12:00 PM and the standard check-out time is 12:00 PM. Early check-in or late check-out is strictly subjected to availability and may be chargeable by the hotel. Any early check-in or late check-out request must be directed and reconfirmed with hotel directly  We do not allow unmarried / unrelated couples to checkin. This is at full discretion of the hotel management. No refund would be applicable in case the checkin is denied under such circumstances Doctor on Call|Front Desk|Parking Facility|Room Service|Public Restrooms,
Buddha Guest House,4.0,The standard check-in time is 12:00 PM and the standard check-out time is 10:00 AM. Early check-in or late check-out is strictly subjected to availability and may be chargeable by the hotel. Any early check-in or late check-out request must be directed and reconfirmed with hotel directly Doctor on Call|Laundry Service Available|Front Desk|Multi Cuisine Restaurant |Power Backup|Internet Access Free,
Brunton Heights,4.0,"The standard check-in time is 02:00 PM and the standard check-out time is 12:00 PM. Early check-in or late check-out is strictly subjected to availability and may be chargeable by the hotel. Any early check-in or late check-out request must be directed and reconfirmed with hotel directly Required at the checkin Gov valid address proof like passport,voters id,driving license ,Aadhar card.. no pancards. We do not give rooms for local residents . Hotel do not allow unmarried couple to check in.Visitors are not allowed inside the room. Doctor on Call|Internet Access - Surcharge|Laundry Service Available|Parking Facilities Available|Multi Cuisine Restaurant |Locker Facility|24 Hour Front Desk|Power Backup|Internet Access Free|Newspapers In Lobby|Room Service (24 Hours)",
BLOSSOM BREEZE HOME STAY,4.0,The standard check-in time is 12:00 PM and the standard check-out time is 11:00 AM. Early check-in or late check-out is strictly subjected to availability and may be chargeable by the hotel. Any early check-in or late check-out request must be directed and reconfirmed with hotel directly We do not allow unmarried / unrelated couples to check in. This is at full discretion of the hotel management. No refund would be applicable in case the checkin is denied under such circumstances. Customer Government approved Photo ID card is must to carry at the time of check in. Doctor on Call|Laundry Service Available|Non Smoking Rooms|Parking Facilities Available|Front Desk|Medical Assistance Available|Smoking Rooms,
Chithra Hotel,4.0,The standard check-in time is 12:00 PM and the standard check-out time is 12:00 PM. Early check-in or late check-out is strictly subjected to availability and may be chargeable by the hotel. Any early check-in or late check-out request must be directed and reconfirmed with hotel directly Doctor on Call|Laundry Service Available|Lift / Elevator|Parking Facilities Available|Front Desk|24 Hour Front Desk|Luggage Storage|Power Backup|Extra Person / Child - Share the same room|Room Service (24 Hours),
Bluemoon Adventures,4.0,"The standard check-in time is 02:00 PM and the standard check-out time is 12:00 PM. Early check-in or late check-out is strictly subjected to availability and may be chargeable by the hotel. Any early check-in or late check-out request must be directed and reconfirmed with hotel directly Booking rates will not be valid for Christmas and New year dates, High season and long weekend dates , extra supplement will be charged over and above the paid rates as per actual and hotel discretion. Parking Facilities Available|Front Desk",
BUY-N-SAVE,4.0,"The standard check-in time is 12:00 PM and the standard check-out time is 12:15 PM. Early check-in or late check-out is strictly subjected to availability and may be chargeable by the hotel. Any early check-in or late check-out request must be directed and reconfirmed with hotel directly Booking rates will not be valid for Christmas and New year dates, High season and long weekend dates, extra supplement will be charged over and above the paid rates as per actual and hotel discretion. Doctor on Call|Internet Access - Surcharge|Parking Facilities Available|Parking Facility",
Camp Snowwoods,4.0,The standard check-in time is 01:00 PM and the standard check-out time is 11:30 AM. Early check-in or late check-out is strictly subjected to availability and may be chargeable by the hotel. Any early check-in or late check-out request must be directed and reconfirmed with hotel directly Barbecue Area|Business Center |Doctor on Call|Lobby|Front Desk|24 Hour Front Desk|Power Backup|Suitable For Children|Discotheque |Campfire / Bon Fire|Children's Park|Parking (Surcharge),
Blue Mountain Hotel,4.0,The standard check-in time is 02:00 PM and the standard check-out time is 12:00 PM. Early check-in or late check-out is strictly subjected to availability and may be chargeable by the hotel. Any early check-in or late check-out request must be directed and reconfirmed with hotel directly We do not allow unmarried / unrelated couples to checkin. This is at full discretion of the hotel management. No refund would be applicable in case the checkin is denied under such circumstances Non Smoking Rooms|Parking Facilities Available|Front Desk|Power Backup|Smoking Rooms|Veranda|Extra Person / Child - Share the same room|Outdoor Parking - Secured|Parking Facility|Room Service|Fire Safety|Anti-Slip Ramps|Fire Exit Signs|First-Aid Kit at Front Desk,
Chandrama Guest House,4.0,The standard check-in time is 12:00 PM and the standard check-out time is 12:00 PM. Early check-in or late check-out is strictly subjected to availability and may be chargeable by the hotel. Any early check-in or late check-out request must be directed and reconfirmed with hotel directly  We do not allow unmarried / unrelated couples to checkin. This is at full discretion of the hotel management. No refund would be applicable in case the checkin is denied under such circumstances Doctor on Call|Parking Facilities Available|Doorman|Baggage Room|Adjoining Rooms|RO Water Purification System|Parking Facility|Room Service|Fire Safety|Recreation Zone|Anti-Slip Ramps|CCTV|First-Aid Kit at Front Desk|Public Restrooms,
Blackbuck Resort by Jungle Lodges,4.0,"The standard check-in time is 12:00 PM and the standard check-out time is 11:00 AM. Early check-in or late check-out is strictly subjected to availability and may be chargeable by the hotel. Any early check-in or late check-out request must be directed and reconfirmed with hotel directly The Rates are strictly  applicable only for  INDIAN CITIZENS, The Foreign tourist should pay extras directly at the hotel during the time of check in Laundry Service Available|Lobby|Parking Facilities Available|Multi Cuisine Restaurant |Power Backup|Veranda|Newspapers In Lobby",
Chand V Regency,4.0,The standard check-in time is 02:00 PM and the standard check-out time is 12:00 PM. Early check-in or late check-out is strictly subjected to availability and may be chargeable by the hotel. Any early check-in or late check-out request must be directed and reconfirmed with hotel directly We do not allow unmarried / unrelated couples to checkin. This is at full discretion of the hotel management. No refund would be applicable in case the checkin is denied under such circumstances 1.   not allowed unmarried couple 2.   not allowed local person 3.   not allowed room for drinking and gambling porpose. 4.   allow married couple if they show both i.d proof. Casino|Concierge|Currency Exchange|Disabled Friendly Facilities |Doctor on Call|Internet Access - Surcharge|Laundry Service Available|Lobby|Front Desk|Local Tour / Travel Desk|24 Hour Front Desk,
Buddha Heritage,4.0,"The standard check-in time is 12:00 PM and the standard check-out time is 12:00 PM. Early check-in or late check-out is strictly subjected to availability and may be chargeable by the hotel. Any early check-in or late check-out request must be directed and reconfirmed with hotel directly Hotel may charge compulsory gala dinner supplement on Christmas / New Year's eve or other festive periods. Any such supplements need to be paid directly at the hotel. Airport Transfer Available / Surcharge|Banquet Facilities|Business Center |Concierge|Doctor on Call|Dry Cleaning|Laundry Service Available|Lift / Elevator|Lobby|Non Smoking Rooms|Parking Facilities Available|Front Desk|Multi Cuisine Restaurant |Non Smoking Hotel|Local Tour / Travel Desk|Valet service|Major Credit Cards Accepted|24 Hour Front Desk|Luggage Storage|Doorman|Medical Assistance Available|Air-Conditioning - Central|Welcome Drinks|Power Backup|Express Check-In / Check-Out|Computer Rental|Wedding Services Facility|Catering|Wake-up Call / Service|Porter / Bellhop|Suitable For Children|Separate Sitting Area|Coffee Shop / Cafe|Conference Facility |Smoking Rooms|Limousine Service Available|Massage Services |Pick Up and Drop (Rly Station, Bus Stand, Temple)|Smoking Area |Veranda|Open Air Restaurant / Dining |Veg / Non Veg Kitchens Separate |Shopping Drop Facility (on fixed timings)|Vegetarian Food / Jain Food Available|Extra Person / Child - Share the same room|Car Rental|Food Facility|Internet Access Free|Newspapers In Lobby|Postal / Parcel Services|Room Service (24 Hours)|Party hall|Air / Rail Booking|STD / ISD|Baggage Room|Courier Service|Laptop Available on Hire|RO Water Purification System|Airport Transfer Free|Outdoor Parking - Secured|Parking Facility",
Casa D.C.M &amp; Esmeralda,4.0,The standard check-in time is 12:00 PM and the standard check-out time is 10:00 AM. Early check-in or late check-out is strictly subjected to availability and may be chargeable by the hotel. Any early check-in or late check-out request must be directed and reconfirmed with hotel directly Valid ID proof is required at the time of check in for all guests. Airport Transfer Available / Surcharge|Barbecue Area|Disabled Friendly Facilities |Doctor on Call|Dry Cleaning|Laundry Service Available|Lobby|Parking Facilities Available|24 Hour Front Desk|Luggage Storage|Doorman|Medical Assistance Available|Air-Conditioning - Central|Welcome Drinks|Power Backup|Express Check-In / Check-Out|Gardens|Computer Rental|Catering|Multi Lingual Staff|Wake-up Call / Service|Suitable For Children|Separate Sitting Area|Grocery|Smoking Rooms|ATM / Banking|Disabled Friendly Rooms|Kitchen available (home cook food on request)|Cell Phone Rental|Wheelchair Accessibility - Room|Nature Walk|Smoking Area |Veranda| Bike on Rent|In House Events |Vegetarian Food / Jain Food Available|Car Rental|Express Laundry|Self Check - In|Taxi Services|City Shuttle Service|Campfire / Bon Fire|Food Facility|Internet Access Free|Newspapers In Lobby|Postal / Parcel Services|Family Room|Room Service (24 Hours)| Cook Services|STD / ISD|Baggage Room|Courier Service|Guide / Sightseeing Service|Laptop Available on Hire|Adjoining Rooms|RO Water Purification System|Outdoor Parking - Secured|Parking Facility|Internet Access|Room Service|Fishing|Fire Exit Signs|First-Aid Kit at Front Desk|Full Time Operation for All 7 Days|Paid Transfers|Suites,
Charanpahari Hotel,4.0,The standard check-in time is 12:00 PM and the standard check-out time is 12:00 PM. Early check-in or late check-out is strictly subjected to availability and may be chargeable by the hotel. Any early check-in or late check-out request must be directed and reconfirmed with hotel directly We do not allow unmarried / unrelated couples to checkin. This is at full discretion of the hotel management. No refund would be applicable in case the checkin is denied under such circumstances Doctor on Call|Laundry Service Available|Lobby|Parking Facilities Available|Room Service (24 Hours)|Baggage Room|Adjoining Rooms|RO Water Purification System|Outdoor Parking - Secured|Parking Facility|Internet Access|Room Service|First-Aid Kit at Front Desk,
Camp Chrysalid Kambre,4.0,The standard check-in time is 02:00 PM and the standard check-out time is 12:00 PM. Early check-in or late check-out is strictly subjected to availability and may be chargeable by the hotel. Any early check-in or late check-out request must be directed and reconfirmed with hotel directly We do not allow unmarried / unrelated couples to checkin. This is at full discretion of the hotel management. No refund would be applicable in case the checkin is denied under such circumstances Doctor on Call|Front Desk|24 Hour Front Desk|Parking Facility|Room Service|Fire Safety|CCTV|Public Restrooms,
Casito,4.0,The standard check-in time is 02:00 PM and the standard check-out time is 12:00 PM. Early check-in or late check-out is strictly subjected to availability and may be chargeable by the hotel. Any early check-in or late check-out request must be directed and reconfirmed with hotel directly We do not allow unmarried / unrelated couples to checkin. This is at full discretion of the hotel management. No refund would be applicable in case the checkin is denied under such circumstances Doctor on Call|Laundry Service Available|Front Desk|24 Hour Front Desk|Power Backup|ATM / Banking|Vegetarian Food / Jain Food Available|Food Facility|Room Service (24 Hours)|First-Aid Kit at Front Desk,
Chandra Mahal Haveli - Peharsar,4.0,The standard check-in time is 12:00 PM and the standard check-out time is 10:00 AM. Early check-in or late check-out is strictly subjected to availability and may be chargeable by the hotel. Any early check-in or late check-out request must be directed and reconfirmed with hotel directly Welcome drink on arrival Breakfast in Restaurant (Set Menu/Buffet) Two bottles of packaged drinking water in room per day Complimentary Tea/Coffee making facility in the room Swimming Pool|Airport Transfer Available / Surcharge|Bar / Lounge |Concierge|Currency Exchange|Doctor on Call|Dry Cleaning|Games Zone|Laundry Service Available|Lobby|Non Smoking Rooms|Parking Facilities Available|Front Desk|Multi Cuisine Restaurant |Locker Facility|Local Tour / Travel Desk|Major Credit Cards Accepted|24 Hour Front Desk|Welcome Drinks|Power Backup|Gardens|Wake-up Call / Service|Porter / Bellhop|Separate Sitting Area|Smoking Rooms|Smoking Area |Extra Person / Child - Share the same room|Village Visit ( Chargeable )|Car Rental|Taxi Services|Internet Access Free|Newspapers In Lobby|Courier Service|Adjoining Rooms|RO Water Purification System|Outdoor Parking - Secured|Room Service|First-Aid Kit at Front Desk|Full Time Operation for All 7 Days|Hotel Trading License|Paid Transfers|Porter Services Available|Public Restrooms|Suites,
Castle Service Apartments Goregaon East,4.0,The standard check-in time is 12:00 PM and the standard check-out time is 12:00 PM. Early check-in or late check-out is strictly subjected to availability and may be chargeable by the hotel. Any early check-in or late check-out request must be directed and reconfirmed with hotel directly Hotel doesn't allow unmarried couple Doctor on Call|Laundry Service Available|Lift / Elevator|Front Desk|Local Tour / Travel Desk,
Camp Footloose,4.0,"The standard check-in time is 12:00 PM and the standard check-out time is 10:00 AM. Early check-in or late check-out is strictly subjected to availability and may be chargeable by the hotel. Any early check-in or late check-out request must be directed and reconfirmed with hotel directly 1. no check - in after 8 PM. 2. Check out - any time between 5 AM - 7 PM 3. 1200 rs extra charge on consecutive stay 4. 750 rs charges - maid/servant 5. children 6-14 50 percent off 6. fighting with staff,village people no tolerance Airport Transfer Available / Surcharge|Banquet Facilities|Barbecue Area|Doctor on Call|Non Smoking Rooms|Parking Facilities Available|Local Tour / Travel Desk|Luggage Storage|Welcome Drinks|Gardens|Catering|Wake-up Call / Service|Suitable For Children|Separate Sitting Area|Coffee Shop / Cafe|Conference Facility |Kitchen available (home cook food on request)|Free Local Calls|Picnic Area|Safari|Nature Walk|Smoking Area |Veranda|Open Air Restaurant / Dining | Bike on Rent|Extra Person / Child - Share the same room|Village Visit ( Chargeable )|Car Rental|Taxi Services|Badminttion Court|Board Room|Campfire / Bon Fire|Rooftop Garden|Food Facility| Drivers Rest Room|Yoga Hall / Classes|Family Room| Cook Services|Air / Rail Booking|Baggage Room|Guide / Sightseeing Service",
BNT Dharamshala,4.0,The standard check-in time is 02:00 PM and the standard check-out time is 12:00 PM. Early check-in or late check-out is strictly subjected to availability and may be chargeable by the hotel. Any early check-in or late check-out request must be directed and reconfirmed with hotel directly We do not allow unmarried / unrelated couples to checkin. This is at full discretion of the hotel management. No refund would be applicable in case the checkin is denied under such circumstances Business Center |Concierge|Currency Exchange|Disabled Friendly Facilities |Doctor on Call|Dry Cleaning|Health Club / Gym Facility Available|Internet Access - Surcharge|Laundry Service Available|Lift / Elevator|Lobby|Non Smoking Rooms|Parking Facilities Available|Front Desk|Smoking Rooms|Baggage Room|Room Service|Public Restrooms,
Castle Service Apartment,4.0,"The standard check-in time is 12:00 PM and the standard check-out time is 12:00 PM. Early check-in or late check-out is strictly subjected to availability and may be chargeable by the hotel. Any early check-in or late check-out request must be directed and reconfirmed with hotel directly 1.ALL GUESTS ARE REQUIRED TO PRESENT PROPER PHOTO IDENTIFICATION UPON CHECK IN. 2.The identity proof would include a valid Driving license/voter identity card/PAN card, etc. Valid Passport mandatory for all Foreign guests. 3.Booking rates will not be valid for Christmas and New year dates High season and long weekend dates extra supplement will be charged over and above the paid rates as per actual and hotel discretion. No refund would be applicable in case the hotel denies check-in under such circumstances. Doctor on Call|Laundry Service Available|Lift / Elevator|Lobby|Parking Facilities Available|Front Desk|24 Hour Front Desk|Medical Assistance Available|Power Backup|Nature Walk|Newspapers In Lobby|Room Service (24 Hours)|STD / ISD|Internet / Fax (Reception area only)|RO Water Purification System|Parking Facility|Fire Safety|CCTV|Fire Exit Signs|First-Aid Kit at Front Desk|Paid Transfers|Stamps and Mailing Facility",
Chettinadu Mansion,4.0,"The standard check-in time is 12:00 PM and the standard check-out time is 12:00 PM. Early check-in or late check-out is strictly subjected to availability and may be chargeable by the hotel. Any early check-in or late check-out request must be directed and reconfirmed with hotel directly Terms and Conditions: We advise you to guarantee your reservation against Credit card, Cash deposit, Service Voucher  or demand draft at the time of booking. Hotel may charge compulsory gala dinner supplement on Christmas / New Year's eve or other festive periods. Any such supplements need to be paid directly at the hotel. Swimming Pool|Banquet Facilities|Laundry Service Available|Lobby|Parking Facilities Available|Front Desk|Local Tour / Travel Desk|Major Credit Cards Accepted|Welcome Drinks|Conference Facility |Massage Services |Village Visit ( Chargeable )| Drivers Rest Room|Internet Access Free|Newspapers In Lobby|Internet / Fax (Reception area only)",
Bungalow 6,4.0,The standard check-in time is 02:00 PM and the standard check-out time is 12:00 PM. Early check-in or late check-out is strictly subjected to availability and may be chargeable by the hotel. Any early check-in or late check-out request must be directed and reconfirmed with hotel directly Advance payment is must Check In 2pm and check out 12pm Non smoking rooms Doctor on Call|Lobby|Non Smoking Rooms|Parking Facilities Available|Gardens|Suitable For Children|Newspapers In Lobby| Cook Services|Parking Facility,
BHAGWATI HOME STAY,4.0,The standard check-in time is 12:00 PM and the standard check-out time is 12:00 PM. Early check-in or late check-out is strictly subjected to availability and may be chargeable by the hotel. Any early check-in or late check-out request must be directed and reconfirmed with hotel directly we respects the privacy of all its customer and business partners. Arrival and Departure policy as below :-  Check in and Check out - 1200 Hours  Early in Check and Late Check out Subjected to availability. Laundry Service Available|Parking Facilities Available|Medical Assistance Available|Nature Walk|Food Facility|Room Service,
BLUE PINE RETREAT,4.0,The standard check-in time is 12:00 PM and the standard check-out time is 12:00 PM. Early check-in or late check-out is strictly subjected to availability and may be chargeable by the hotel. Any early check-in or late check-out request must be directed and reconfirmed with hotel directly We do not allow unmarried / unrelated couples to checkin. This is at full discretion of the hotel management. No refund would be applicable in case the checkin is denied under such circumstances Doctor on Call|Doorman|Extra Person / Child - Share the same room|Family Room|Room Service (24 Hours)|Outdoor Parking - Secured,
Casa D Souza,4.0,The standard check-in time is 12:00 PM and the standard check-out time is 12:00 PM. Early check-in or late check-out is strictly subjected to availability and may be chargeable by the hotel. Any early check-in or late check-out request must be directed and reconfirmed with hotel directly Laundry Service Available|Power Backup|Gardens,
Catalyst Suites (Old Airport ),4.0,The standard check-in time is 12:00 PM and the standard check-out time is 12:00 PM. Early check-in or late check-out is strictly subjected to availability and may be chargeable by the hotel. Any early check-in or late check-out request must be directed and reconfirmed with hotel directly We follow a 24 hour billing cycle. Delayed check outs are extended on request and subject to room availability. Children upto the age of 5 can stay at no additional charges using existing bedding Airport Transfer Available / Surcharge|Doctor on Call|Laundry Service Available|Parking Facilities Available|Power Backup|Car Rental|Internet Access Free|Newspapers In Lobby|Room Service (24 Hours)|Parking Facility,
Camp Wild,4.0,The standard check-in time is 12:00 PM and the standard check-out time is 09:00 AM. Early check-in or late check-out is strictly subjected to availability and may be chargeable by the hotel. Any early check-in or late check-out request must be directed and reconfirmed with hotel directly Doctor on Call|Parking Facilities Available|Welcome Drinks|Picnic Area,
Casa D Calma,4.0,"The standard check-in time is 11:00 AM and the standard check-out time is 11:00 AM. Early check-in or late check-out is strictly subjected to availability and may be chargeable by the hotel. Any early check-in or late check-out request must be directed and reconfirmed with hotel directly AS PER GOVERNMENT DIRECTIVES IT IS MANDATORY FOR ALL GUEST TO SHOW THEIR PHOTO ID AT CHECK IN, WHICH CAN BE IN FORM OF PASSPORT AND VISA COPY/ DRIVING LICENSE/ VOTER ID CARD FAILING WHICH THE HOTEL RESERVES THE RIGHT OF REFUSAL. Bar / Lounge |Barbecue Area|Laundry Service Available|Parking Facilities Available|Front Desk|Multi Cuisine Restaurant |Luggage Storage|Gardens|Pick Up and Drop (Rly Station, Bus Stand, Temple)| Bike on Rent|Village Visit ( Chargeable )|Car Rental|Taxi Services|Spa Services Nearby|Guide / Sightseeing Service|Outdoor Parking - Non Secured|Parking Facility|Full Time Operation for All 7 Days|Speciality Restaurant |Suites",
Chopra residency,4.0,"The standard check-in time is 12:00 PM and the standard check-out time is 12:00 PM. Early check-in or late check-out is strictly subjected to availability and may be chargeable by the hotel. Any early check-in or late check-out request must be directed and reconfirmed with hotel directly  Pets are not allowed. Valid Photo ID required for check-in Banquet Facilities|Bar / Lounge |Doctor on Call|Gift Shop |Lift / Elevator|Parking Facilities Available|Front Desk|Multi Cuisine Restaurant |Major Credit Cards Accepted|Luggage Storage|Air-Conditioning - Central|Audio - Visual Equipment|Wedding Services Facility|Catering|Wake-up Call / Service|Separate Sitting Area|Coffee Shop / Cafe|Conference Facility |Smoking Rooms|Access Via Exterior Corridors|ATM / Banking|Picnic Area|Pick Up and Drop (Rly Station, Bus Stand, Temple)|Smoking Area |Veranda|Transfers Available|Veg / Non Veg Kitchens Separate |Vegetarian Food / Jain Food Available|Extra Person / Child - Share the same room|Taxi Services|Board Room|Food Facility| Drivers Rest Room|Internet Access Free|Family Room|Party hall|STD / ISD|Baggage Room|RO Water Purification System|Outdoor Parking - Secured|Parking Facility|Internet Access|Restaurant|Room Service|Fire Safety",
Cherisha Zone Hotel,4.0,The standard check-in time is 12:00 PM and the standard check-out time is 12:00 PM. Early check-in or late check-out is strictly subjected to availability and may be chargeable by the hotel. Any early check-in or late check-out request must be directed and reconfirmed with hotel directly ,
Cibori Cloud,4.0,The standard check-in time is 12:00 PM and the standard check-out time is 10:00 AM. Early check-in or late check-out is strictly subjected to availability and may be chargeable by the hotel. Any early check-in or late check-out request must be directed and reconfirmed with hotel directly Valid ID proof is required at the time of check in for all guests. Locals and unmarried couples are not allowed ( 30 KM area radius from hotel  take as a local area. Barbecue Area|Doctor on Call|Internet Access - Surcharge|Laundry Service Available|Lobby|Parking Facilities Available|Pets Allowed|Multi Cuisine Restaurant |Locker Facility|Local Tour / Travel Desk|Major Credit Cards Accepted|Welcome Drinks|Gardens|Dance Performances (on demand)|Kitchen available (home cook food on request)|Veranda|Open Air Restaurant / Dining |Transfers Available| Bike on Rent|Veg / Non Veg Kitchens Separate |Shopping Drop Facility (on fixed timings)|Car Rental|Karaoke |Campfire / Bon Fire|Food Facility| Drivers Rest Room|Internet Access Free|Newspapers In Lobby|Room Service (24 Hours)| Cook Services|Laptop Available on Hire|Outdoor Parking - Secured|Parking Facility|Internet Access|Restaurant|Room Service|CCTV|Stamps and Mailing Facility,
Bhavani Residency,4.0,"The standard check-in time is 12:00 PM and the standard check-out time is 12:00 PM. Early check-in or late check-out is strictly subjected to availability and may be chargeable by the hotel. Any early check-in or late check-out request must be directed and reconfirmed with hotel directly According to government regulations, a valid Photo ID has to be carried by every person who stays at the hotel. The identification proofs accepted are Drivers License, Voters Card, Passport, Ration Card. Without valid ID the guest will not be allowed to check in. Note- PAN Cards will not be accepted as a valid ID card. Front Desk|Power Backup|Room Service|First-Aid Kit at Front Desk",
Boat New Engilla,4.0,The standard check-in time is 11:00 AM and the standard check-out time is 02:00 PM. Early check-in or late check-out is strictly subjected to availability and may be chargeable by the hotel. Any early check-in or late check-out request must be directed and reconfirmed with hotel directly The property only accepts Cash Pyaments Laundry Service Available|Parking Facilities Available|Front Desk|Multi Cuisine Restaurant |Locker Facility|Power Backup|Internet Access Free|Room Service (24 Hours)|Outdoor Parking - Secured|Parking Facility|Room Service|Speciality Restaurant |Suites,
C 9 Service Apartments,4.0,The standard check-in time is 12:00 PM and the standard check-out time is 12:00 PM. Early check-in or late check-out is strictly subjected to availability and may be chargeable by the hotel. Any early check-in or late check-out request must be directed and reconfirmed with hotel directly We do not allow unmarried / unrelated couples to checkin. This is at full discretion of the hotel management. No refund would be applicable in case the checkin is denied under such circumstances Doctor on Call|Lobby|Parking Facilities Available|Front Desk|24 Hour Front Desk|Medical Assistance Available|Separate Sitting Area|Smoking Area |Parking Facility|Room Service|CCTV|First-Aid Kit at Front Desk|Public Restrooms,
"Catch22 Hospitality Services , OMR Sholinganallur",4.0,"The standard check-in time is 12:00 PM and the standard check-out time is 12:00 PM. Early check-in or late check-out is strictly subjected to availability and may be chargeable by the hotel. Any early check-in or late check-out request must be directed and reconfirmed with hotel directly Booking rates will not be valid for Christmas and New year dates, High season and long weekend dates , extra supplement will be charged over and above the paid rates as per actual and hotel discretion Business Center |Laundry Service Available|Lobby|Parking Facilities Available|Front Desk|24 Hour Front Desk|Luggage Storage|Doorman|Air-Conditioning - Central|Welcome Drinks|Power Backup|Express Check-In / Check-Out|Multi Lingual Staff|Grocery|Kitchen available (home cook food on request)|Veranda|Extra Person / Child - Share the same room|Internet Access Free|Newspapers In Lobby|Family Room| Cook Services|STD / ISD|Parking Facility|Room Service|CCTV|Full Time Operation for All 7 Days|Porter Services Available|Security at All Hotel Entrances|Suites",
Bombay Beach Resort,4.0,"The standard check-in time is 12:00 PM and the standard check-out time is 11:00 AM. Early check-in or late check-out is strictly subjected to availability and may be chargeable by the hotel. Any early check-in or late check-out request must be directed and reconfirmed with hotel directly Barbecue Area|Doctor on Call|Dry Cleaning|Laundry Service Available|Lobby|Parking Facilities Available|Pets Allowed|Front Desk|Hookah Lounge|Major Credit Cards Accepted|Power Backup|Gardens|Wake-up Call / Service|Separate Sitting Area|Coffee Shop / Cafe|Smoking Rooms|Access Via Exterior Corridors|Kitchen available (home cook food on request)|Picnic Area|Pick Up and Drop (Rly Station, Bus Stand, Temple)|Private Beach|Nature Walk|Smoking Area |Veranda|Open Air Restaurant / Dining |Vegetarian Food / Jain Food Available|Extra Person / Child - Share the same room|Kids Play Zone|Taxi Services|Badminttion Court|Karaoke |Campfire / Bon Fire|Food Facility| Drivers Rest Room|Newspapers In Lobby|Children's Park|Room Service (24 Hours)|Laptop Available on Hire|Internet / Fax (Reception area only)|RO Water Purification System|Outdoor Parking - Secured|Parking Facility|Restaurant|Room Service|Anti-Slip Ramps|CCTV|First-Aid Kit at Front Desk|Paid Transfers|Public Restrooms",
Cedar Inn,4.0,"The standard check-in time is 01:00 PM and the standard check-out time is 11:00 AM. Early check-in or late check-out is strictly subjected to availability and may be chargeable by the hotel. Any early check-in or late check-out request must be directed and reconfirmed with hotel directly Children upto 05 years of age sharing same bed - No Charge. Children between 05 and 08 years of age sharing the same room with an extra bed 50% charge. Babysitting/ Child Care (surcharge)|Bar / Lounge |Business Center |Doctor on Call|Dry Cleaning|Gift Shop |Laundry Service Available|Library|Lift / Elevator|Parking Facilities Available|Multi Cuisine Restaurant |24 Hour Front Desk|Welcome Drinks|Gardens|Catering|Wake-up Call / Service|Coffee Shop / Cafe|Conference Facility |Fire Place Available |Pick Up and Drop (Rly Station, Bus Stand, Temple)|Open Air Restaurant / Dining |Transfers Available|Car Rental|Kids Play Zone|Food Facility|Internet Access Free|Newspapers In Lobby|Room Service (24 Hours)|STD / ISD|Guide / Sightseeing Service|Internet / Fax (Reception area only)|Outdoor Parking - Non Secured|Internet Access|Restaurant|Room Service|Fire Safety|Public Restrooms",
Butt Clermont Houseboat,4.0,The standard check-in time is 12:00 PM and the standard check-out time is 10:00 AM. Early check-in or late check-out is strictly subjected to availability and may be chargeable by the hotel. Any early check-in or late check-out request must be directed and reconfirmed with hotel directly Hotel may charge compulsory gala dinner supplement on Christmas / New Year's eve or other festive periods. Any such supplements need to be paid directly at the hotel. Airport Transfer Available / Surcharge|Currency Exchange|Doctor on Call|Laundry Service Available|Parking Facilities Available|Front Desk|Multi Cuisine Restaurant |Major Credit Cards Accepted|Medical Assistance Available|Welcome Drinks|Power Backup|Gardens|Dance Performances (on demand)|Wake-up Call / Service|Nature Walk|Transfers Available| Bike on Rent|Vegetarian Food / Jain Food Available|Extra Person / Child - Share the same room|Car Rental|Oxygen Cylinder (on request)|Taxi Services|Campfire / Bon Fire| Drivers Rest Room|Internet Access Free|Guide / Sightseeing Service|Outdoor Parking - Secured|Parking Facility|Restaurant|Room Service|Paid Transfers,
Cambay Grand,4.0,"The standard check-in time is 02:00 PM and the standard check-out time is 12:00 PM. Early check-in or late check-out is strictly subjected to availability and may be chargeable by the hotel. Any early check-in or late check-out request must be directed and reconfirmed with hotel directly Guests staying on Dec 24 and  Dec 31 ,a mandatory Christmas eve extravaganza and  dinner charge of Rs. 1200 per adult / Rs. 800 per child will be charged and payable at hotel. Mandatory Gala Dinner and DJ Party Charges on 31 Dec 2015 Rs. 3999 Per Couple, directly payable at hotel only for Cambay Grand, Ahmedabad. Please find the attached for your reference. Party Inclusions:- 1) Russian belly dancers 2)Ice live mocktail bar    3)Lady bollywood DJ 4)Gala Dinner (Veg and Non Veg) 5)International Dance act 6) Fire act Swimming Pool|Babysitting/ Child Care (surcharge)|Ballroom|Banquet Facilities|Beauty Salon - on charge|Business Center |Concierge|Currency Exchange|Dry Cleaning|Health Club / Gym Facility Available|Laundry Service Available|Lift / Elevator|Lobby|Non Smoking Rooms|Parking Facilities Available|Front Desk|Multi Cuisine Restaurant |Spa On Site - Chargeable|Local Tour / Travel Desk|Major Credit Cards Accepted|24 Hour Front Desk|Luggage Storage|Air-Conditioning - Central|Welcome Drinks|Power Backup|Express Check-In / Check-Out|Catering|Wake-up Call / Service|Suitable For Children|Coffee Shop / Cafe|Conference Facility |Smoking Rooms|Electronic / Magnetic Keys|Massage Services |In House Events |Vegetarian Food / Jain Food Available|Car Rental|Taxi Services|Board Room|Food Facility|Internet Access Free|Newspapers In Lobby|Room Service (24 Hours)|Party hall|Baggage Room|Internet / Fax (Reception area only)|RO Water Purification System|Parking Facility|Restaurant|Room Service|CCTV|Fire Exit Signs|Hotel Trading License|Paid Transfers|Pest Control Facility|Public Restrooms|Suites",
Cherry Tree Hotels,4.0,The standard check-in time is 12:00 PM and the standard check-out time is 10:00 AM. Early check-in or late check-out is strictly subjected to availability and may be chargeable by the hotel. Any early check-in or late check-out request must be directed and reconfirmed with hotel directly 24 Hrs room Service Multi Channel LCD in Rooms Wi-Fi connectivity Banquet Facilities|Bar / Lounge |Business Center |Concierge|Doctor on Call|Dry Cleaning|Laundry Service Available|Lift / Elevator|Lobby|Parking Facilities Available|Front Desk|Multi Cuisine Restaurant |Locker Facility|24 Hour Front Desk|Luggage Storage|Air-Conditioning - Central|Welcome Drinks|Power Backup|Express Check-In / Check-Out|Wake-up Call / Service|Coffee Shop / Cafe|Conference Facility |ATM / Banking|Vegetarian Food / Jain Food Available|Car Rental|Water Dispenser Available|Taxi Services|Internet Access Free|Newspapers In Lobby|Whirlpool Bath / Shower Cubicle|Room Service (24 Hours)|Baggage Room|RO Water Purification System|Outdoor Parking - Secured|Parking Facility|Internet Access,
Castle View,4.0,The standard check-in time is 12:00 PM and the standard check-out time is 10:00 AM. Early check-in or late check-out is strictly subjected to availability and may be chargeable by the hotel. Any early check-in or late check-out request must be directed and reconfirmed with hotel directly Doctor on Call|Laundry Service Available|Parking Facilities Available|Multi Cuisine Restaurant |Local Tour / Travel Desk|Medical Assistance Available|Smoking Rooms|Extra Person / Child - Share the same room|Food Facility|Room Service (24 Hours)|RO Water Purification System|Outdoor Parking - Secured|Parking Facility|Room Service,
Bharat Mahal Palace,4.0,The standard check-in time is 12:00 PM and the standard check-out time is 12:00 PM. Early check-in or late check-out is strictly subjected to availability and may be chargeable by the hotel. Any early check-in or late check-out request must be directed and reconfirmed with hotel directly Doctor on Call|Laundry Service Available|Multi Cuisine Restaurant |Local Tour / Travel Desk|Major Credit Cards Accepted|Dance Performances (on demand)|Safari|Camel Ride|Car Rental|Internet Access|Room Service,
Bhambri House,4.0,The standard check-in time is 12:00 PM and the standard check-out time is 11:00 AM. Early check-in or late check-out is strictly subjected to availability and may be chargeable by the hotel. Any early check-in or late check-out request must be directed and reconfirmed with hotel directly 1. All guests requested to carry Valid ID proof for Check Inn. 2. Couple Guests with Local ID's are not allowed to check inn. 3. Cancellation and prepayment policies vary according to room type. Swimming Pool|Laundry Service Available|Power Backup|Taxi Services|Rooftop Garden|Internet Access Free|Party hall|Room Service,
Callista Inn South City,4.0,The standard check-in time is 12:00 PM and the standard check-out time is 12:00 PM. Early check-in or late check-out is strictly subjected to availability and may be chargeable by the hotel. Any early check-in or late check-out request must be directed and reconfirmed with hotel directly Accommodation can be denied to guests posing as a couple if suitable proof of identification is not presented at check-in.  The hotel reserves the right of admission for local residents. Laundry Service Available|Lobby|Parking Facilities Available|Pets Allowed|Front Desk|Multi Cuisine Restaurant |Parking Facility,
Camp High 5,4.0,The standard check-in time is 02:00 PM and the standard check-out time is 12:00 PM. Early check-in or late check-out is strictly subjected to availability and may be chargeable by the hotel. Any early check-in or late check-out request must be directed and reconfirmed with hotel directly The standard check-in time is 12:00 PM and the standard check-out time is 12:00 PM. Early check-in or late check-out is strictly subjected to availability and may be chargeable by the hotel. Doctor on Call|Lobby|Front Desk|Local Tour / Travel Desk|Major Credit Cards Accepted|24 Hour Front Desk|Medical Assistance Available|Air-Conditioning - Central|Power Backup|Room Service (24 Hours)|First-Aid Kit at Front Desk,
Celestial Resorts,4.0,The standard check-in time is 12:00 PM and the standard check-out time is 12:00 PM. Early check-in or late check-out is strictly subjected to availability and may be chargeable by the hotel. Any early check-in or late check-out request must be directed and reconfirmed with hotel directly Parking Facilities Available|Front Desk|Gardens|Campfire / Bon Fire|Food Facility|Children's Park|Room Service (24 Hours)|Internet / Fax (Reception area only)|Outdoor Parking - Secured|Parking Facility,
Cesolo Alibaug,4.0,The standard check-in time is 02:00 PM and the standard check-out time is 12:00 PM. Early check-in or late check-out is strictly subjected to availability and may be chargeable by the hotel. Any early check-in or late check-out request must be directed and reconfirmed with hotel directly We do not allow unmarried / unrelated couples to checkin. This is at full discretion of the hotel management. No refund would be applicable in case the checkin is denied under such circumstances) Non Smoking Rooms|Parking Facilities Available|24 Hour Front Desk|Separate Sitting Area|Extra Person / Child - Share the same room|Newspapers In Lobby|Family Room|Party hall|RO Water Purification System|Outdoor Parking - Secured|Parking Facility|Fire Safety|Fire Exit Signs|First-Aid Kit at Front Desk|Paid Transfers|Public Restrooms,
Bombay Nightout,4.0,The standard check-in time is 12:00 PM and the standard check-out time is 12:00 PM. Early check-in or late check-out is strictly subjected to availability and may be chargeable by the hotel. Any early check-in or late check-out request must be directed and reconfirmed with hotel directly At the time of Check in you have to pay Full Payment Front Desk|Power Backup|Internet Access Free|Room Service (24 Hours)|Room Service,
ChanderMukhi Cottage,4.0,The standard check-in time is 12:00 PM and the standard check-out time is 12:00 PM. Early check-in or late check-out is strictly subjected to availability and may be chargeable by the hotel. Any early check-in or late check-out request must be directed and reconfirmed with hotel directly Hotel may charge compulsory gala dinner supplement on Christmas / New Year's eve or other festive periods. Any such supplements need to be paid directly at the hotel. Babysitting/ Child Care (surcharge)|Doctor on Call|Dry Cleaning|Laundry Service Available|Parking Facilities Available|Front Desk|Multi Cuisine Restaurant |Local Tour / Travel Desk,
Chayan Cottage Manali,4.0,The standard check-in time is 12:00 PM and the standard check-out time is 12:00 PM. Early check-in or late check-out is strictly subjected to availability and may be chargeable by the hotel. Any early check-in or late check-out request must be directed and reconfirmed with hotel directly Cancellation Terms : - 75 % total booking amount Cancellation charge in if cancelled less than Doctor on Call|Parking Facilities Available|Front Desk|Locker Facility|Luggage Storage|Doorman|Baggage Room|Adjoining Rooms|Outdoor Parking - Secured|Parking Facility|Room Service|First-Aid Kit at Front Desk,
Chalet regency,4.0,The standard check-in time is 12:00 PM and the standard check-out time is 12:00 PM. Early check-in or late check-out is strictly subjected to availability and may be chargeable by the hotel. Any early check-in or late check-out request must be directed and reconfirmed with hotel directly Laundry Service Available|Power Backup|Internet Access Free|Newspapers In Lobby|Room Service,
Chobhyal Cottage,4.0,The standard check-in time is 12:00 PM and the standard check-out time is 12:00 PM. Early check-in or late check-out is strictly subjected to availability and may be chargeable by the hotel. Any early check-in or late check-out request must be directed and reconfirmed with hotel directly Pets are not allowed. Valid Photo ID required for check-in Doctor on Call|Dry Cleaning|Health Club / Gym Facility Available|Laundry Service Available|Lobby|Non Smoking Rooms|Parking Facilities Available|Non Smoking Hotel|24 Hour Front Desk|Medical Assistance Available|Power Backup|Fitness Equipment|Pool Table|Newspapers In Lobby,
Blue Merry Inn Pvt. Ltd,4.0,The standard check-in time is 12:00 PM and the standard check-out time is 12:00 PM. Early check-in or late check-out is strictly subjected to availability and may be chargeable by the hotel. Any early check-in or late check-out request must be directed and reconfirmed with hotel directly  We do not allow unmarried / unrelated couples to checkin. This is at full discretion of the hotel management. No refund would be applicable in case the checkin is denied under such circumstances Concierge|Doctor on Call|Health Club / Gym Facility Available|Parking Facilities Available|Front Desk|24 Hour Front Desk|Luggage Storage|Doorman|Family Room|Room Service (24 Hours)|Room Service|CCTV,
Blue Beach Nest Service Apartments,4.0,The standard check-in time is 02:00 PM and the standard check-out time is 12:00 PM. Early check-in or late check-out is strictly subjected to availability and may be chargeable by the hotel. Any early check-in or late check-out request must be directed and reconfirmed with hotel directly ,
Champions Yacht - Free Spirit,4.0,The standard check-in time is 04:00 PM and the standard check-out time is 11:00 AM. Early check-in or late check-out is strictly subjected to availability and may be chargeable by the hotel. Any early check-in or late check-out request must be directed and reconfirmed with hotel directly All the tariffs are based on Per Hour mode and All the Bookings will be confirmed on call Swimming Pool|Babysitting/ Child Care (surcharge)|Ballroom|Billiards|Business Center |Casino|Concierge|Currency Exchange|Doctor on Call|Dry Cleaning|Health Club / Gym Facility Available|Laundry Service Available|Library|Lift / Elevator|Lobby|Night Club|Non Smoking Rooms|Parking Facilities Available|Private / Plunge Pool|Front Desk|Multi Cuisine Restaurant |Locker Facility|24 Hour Front Desk|Luggage Storage|Doorman|Power Backup|Fire Safety|Fire Exit Signs|First-Aid Kit at Front Desk,
Chennaibnb,4.0,The standard check-in time is 11:30 AM and the standard check-out time is 10:00 PM. Early check-in or late check-out is strictly subjected to availability and may be chargeable by the hotel. Any early check-in or late check-out request must be directed and reconfirmed with hotel directly As  per the hotel policy we obide the rules. Business Center |Dry Cleaning|Health Club / Gym Facility Available|Internet Access - Surcharge|Laundry Service Available|Lift / Elevator|Lobby|Parking Facilities Available|Front Desk|Locker Facility|Valet service|24 Hour Front Desk|Doorman|Power Backup|Porter / Bellhop|Coffee Shop / Cafe|Conference Facility |Kitchen available (home cook food on request)|Smoking Area |Open Air Restaurant / Dining |Veg / Non Veg Kitchens Separate |Food Facility|Internet Access Free|Newspapers In Lobby|Room Service (24 Hours)| Cook Services|Parking Facility|Internet Access|Restaurant|Room Service|Fire Safety|Hotel Trading License|Porter Services Available|Security at All Hotel Entrances|Smoke Detector|Suites,
CASA DA BOA VIDA,4.0,The standard check-in time is 02:00 PM and the standard check-out time is 12:00 PM. Early check-in or late check-out is strictly subjected to availability and may be chargeable by the hotel. Any early check-in or late check-out request must be directed and reconfirmed with hotel directly Laundry Service Available|Parking Facilities Available|Internet Access Free|Room Service (24 Hours)|Parking Facility,
BRS Homes,4.0,The standard check-in time is 12:00 PM and the standard check-out time is 10:00 AM. Early check-in or late check-out is strictly subjected to availability and may be chargeable by the hotel. Any early check-in or late check-out request must be directed and reconfirmed with hotel directly Check-in time is 12:00 PM and check-out time is 10:00 AM. Early check-in or late check-out is strictly subjected to availability and will be chargeable. Half day charge up to 6 pm and after 6 pm full day charge will be applicable. Doctor on Call|Dry Cleaning|Internet Access - Surcharge|Laundry Service Available|Parking Facilities Available|Front Desk|Multi Cuisine Restaurant |Locker Facility|24 Hour Front Desk|Air-Conditioning - Central|Power Backup|Suitable For Children|Internet Access Free|Newspapers In Lobby|Room Service (24 Hours)|Parking Facility,
BIMAL GUEST HOUSE,4.0,The standard check-in time is 12:00 PM and the standard check-out time is 12:00 PM. Early check-in or late check-out is strictly subjected to availability and may be chargeable by the hotel. Any early check-in or late check-out request must be directed and reconfirmed with hotel directly Right to Admission Reserved Laundry Service Available|Lobby|Parking Facilities Available|Front Desk|Local Tour / Travel Desk|Major Credit Cards Accepted|24 Hour Front Desk|Medical Assistance Available|Air-Conditioning - Central|Power Backup|Food Facility|Parking Facility,
Butola Guest House,4.0,The standard check-in time is 12:00 PM and the standard check-out time is 12:00 PM. Early check-in or late check-out is strictly subjected to availability and may be chargeable by the hotel. Any early check-in or late check-out request must be directed and reconfirmed with hotel directly Right to Admission Reserved 24 Hour Front Desk|Room Service (24 Hours)|Parking Facility,
CALANGUTE BEACH SIDE HOTEL,4.0,"The standard check-in time is 11:00 AM and the standard check-out time is 10:00 AM. Early check-in or late check-out is strictly subjected to availability and may be chargeable by the hotel. Any early check-in or late check-out request must be directed and reconfirmed with hotel directly In triple occupancy room 3 males only or 3 females only or 2 parents and 1 child are allowed in the room, please note 2 females and 1 male, 2 males and 1 female will not be allowed in the room. Doctor on Call|Local Tour / Travel Desk|Power Backup| Bike on Rent|Internet Access Free|Outdoor Parking - Secured|Parking Facility|Internet Access|Room Service",
Buhari Royale Boutique Hotel,4.0,The standard check-in time is 12:00 PM and the standard check-out time is 12:00 PM. Early check-in or late check-out is strictly subjected to availability and may be chargeable by the hotel. Any early check-in or late check-out request must be directed and reconfirmed with hotel directly Hotel may charge compulsory gala dinner supplement on Christmas / New Year's eve or other festive periods. Any such supplements need to be paid directly at the hotel. Laundry Service Available|Lift / Elevator|Parking Facilities Available|Front Desk|Multi Cuisine Restaurant |24 Hour Front Desk|Medical Assistance Available|Power Backup|Car Rental|Internet Access Free|Newspapers In Lobby|Postal / Parcel Services|Room Service (24 Hours)|Air / Rail Booking|Courier Service|Outdoor Parking - Secured|Parking Facility|Fire Exit Signs|Full Time Operation for All 7 Days|Security at All Hotel Entrances,
Cherry Resort,4.0,"The standard check-in time is 12:00 PM and the standard check-out time is 11:00 AM. Early check-in or late check-out is strictly subjected to availability and may be chargeable by the hotel. Any early check-in or late check-out request must be directed and reconfirmed with hotel directly Doctor on Call|Internet Access - Surcharge|Lobby|Parking Facilities Available|Front Desk|Express Check-In / Check-Out|Pick Up and Drop (Rly Station, Bus Stand, Temple)|Kids Play Zone|Badminttion Court|Room Service (24 Hours)|STD / ISD|Guide / Sightseeing Service",
Camel Resort &amp; Camp,4.0,The standard check-in time is 12:00 PM and the standard check-out time is 12:00 PM. Early check-in or late check-out is strictly subjected to availability and may be chargeable by the hotel. Any early check-in or late check-out request must be directed and reconfirmed with hotel directly We do not allow unmarried / unrelated couples to checkin. This is at full discretion of the hotel management. No refund would be applicable in case the checkin is denied under such circumstances Doctor on Call|Parking Facilities Available|Front Desk|Room Service|First-Aid Kit at Front Desk|Public Restrooms,
Casa Grand,4.0,The standard check-in time is 12:00 PM and the standard check-out time is 12:00 PM. Early check-in or late check-out is strictly subjected to availability and may be chargeable by the hotel. Any early check-in or late check-out request must be directed and reconfirmed with hotel directly 1. All guests requested to carry Valid ID proof for Check In. 2. Couple Guests with Local ID's are not allowed to check in. Doctor on Call|Lobby|Parking Facilities Available|Front Desk|Locker Facility|24 Hour Front Desk|Medical Assistance Available|Power Backup|Conference Facility |Nature Walk|Internet Access Free|Newspapers In Lobby|Room Service (24 Hours)|STD / ISD|Internet / Fax (Reception area only)|Parking Facility|Fire Safety|CCTV|Fire Exit Signs|First-Aid Kit at Front Desk|Paid Transfers|Stamps and Mailing Facility,
Boktoo Palace Group of Houseboats,4.0,The standard check-in time is 02:00 PM and the standard check-out time is 12:00 PM. Early check-in or late check-out is strictly subjected to availability and may be chargeable by the hotel. Any early check-in or late check-out request must be directed and reconfirmed with hotel directly We do not allow unmarried / unrelated couples to checkin. This is at full discretion of the hotel management. No refund would be applicable in case the checkin is denied under such circumstances Internet Access - Surcharge|Parking Facilities Available|Front Desk|Internet Access Free|Outdoor Parking - Secured|Parking Facility|Room Service|Suites,
Blueberry Inn,4.0,"The standard check-in time is 12:00 PM and the standard check-out time is 12:00 PM. Early check-in or late check-out is strictly subjected to availability and may be chargeable by the hotel. Any early check-in or late check-out request must be directed and reconfirmed with hotel directly Hotel may charge compulsory supplement on Christmas, New Years eve and other festive periods. Any such supplements need to be paid at the hotel. As per the govt. guidelines valid govt. issued id proofs are required to be presented at the Time of C/in Laundry Service Available|Lobby|Parking Facilities Available|Front Desk|Multi Cuisine Restaurant |Locker Facility|24 Hour Front Desk|Luggage Storage|Doorman|Welcome Drinks|Power Backup|Conference Facility |Picnic Area|Nature Walk|Internet Access Free|Newspapers In Lobby|Room Service (24 Hours)| Cook Services|Party hall|Parking Facility",
Camp BlueWaters,4.0,The standard check-in time is 12:00 PM and the standard check-out time is 12:00 PM. Early check-in or late check-out is strictly subjected to availability and may be chargeable by the hotel. Any early check-in or late check-out request must be directed and reconfirmed with hotel directly Laundry Service Available|Parking Facilities Available|Front Desk|Medical Assistance Available|Nature Walk| Bike on Rent|Vegetarian Food / Jain Food Available|Car Rental|Campfire / Bon Fire|Outdoor Parking - Secured|Parking Facility|Restaurant|Room Service,
Chureshwar Resort,4.0,The standard check-in time is 02:00 PM and the standard check-out time is 12:00 PM. Early check-in or late check-out is strictly subjected to availability and may be chargeable by the hotel. Any early check-in or late check-out request must be directed and reconfirmed with hotel directly We do not allow unmarried / unrelated couples to checkin. This is at full discretion of the hotel management. No refund would be applicable in case the checkin is denied under such circumstances Alcohol and Smoking is strictly restricted . Airport Transfer Available / Surcharge|Basketball Court |Doctor on Call|Parking Facilities Available|Front Desk|Public Restrooms,
Casa Colvale,4.0,"The standard check-in time is 02:00 PM and the standard check-out time is 12:00 PM. Early check-in or late check-out is strictly subjected to availability and may be chargeable by the hotel. Any early check-in or late check-out request must be directed and reconfirmed with hotel directly Please note that the hotel is charging a Compulsory New year'Eve Gala Dinner @ Rs. 3000 per head, the same is payable directly at the hotel on check in Swimming Pool|Airport Transfer Available / Surcharge|Bar / Lounge |Internet Access - Surcharge|Laundry Service Available|Non Smoking Rooms|Parking Facilities Available|Front Desk|Multi Cuisine Restaurant |Locker Facility|Spa On Site - Chargeable|Local Tour / Travel Desk|Major Credit Cards Accepted|24 Hour Front Desk|Luggage Storage|Medical Assistance Available|Power Backup|Gardens|Wake-up Call / Service|Poolside Bar|Open Air Restaurant / Dining |Village Visit ( Chargeable )|Car Rental|Taxi Services|Food Facility|Internet Access Free|Newspapers In Lobby|Guide / Sightseeing Service|Outdoor Parking - Non Secured|Parking Facility|Internet Access|Restaurant|Room Service|Paid Transfers|Public Restrooms|Security at All Hotel Entrances|Speciality Restaurant",
Calangute Beach Resort,4.0,The standard check-in time is 12:00 PM and the standard check-out time is 12:00 PM. Early check-in or late check-out is strictly subjected to availability and may be chargeable by the hotel. Any early check-in or late check-out request must be directed and reconfirmed with hotel directly Like the policy for : We do not allow unmarried / unrelated couples to checkin. This is at full discretion of the hotel management. No refund would be applicable in case the checkin is denied under such circumstances Doctor on Call|Lobby|Non Smoking Rooms|Parking Facilities Available|Front Desk|24 Hour Front Desk|Power Backup|Nature Walk|Veranda|Water Dispenser Available|Food Facility|Family Room|Room Service (24 Hours)|RO Water Purification System|Outdoor Parking - Secured|Parking Facility|Room Service|First-Aid Kit at Front Desk|Full Time Operation for All 7 Days|Public Restrooms|Suites,
Castle Bijaipur Hotels(35 Km from Chittorgarh),4.0,The standard check-in time is 12:00 PM and the standard check-out time is 12:00 PM. Early check-in or late check-out is strictly subjected to availability and may be chargeable by the hotel. Any early check-in or late check-out request must be directed and reconfirmed with hotel directly Hotel may charge gala dinner supplement on Christmas/New Years eve or other festive periods. Which needs to be paid directly at the hotel.As per the govt. guidelines valid govt. issued id proofs are required to be presented at the Time of C/in. Swimming Pool|Bar / Lounge |Internet Access - Surcharge|Laundry Service Available|Parking Facilities Available|Front Desk|Multi Cuisine Restaurant |Welcome Drinks|Wheelchair Accessibility - Room|Internet Access Free|Newspapers In Lobby|Room Service (24 Hours)|Parking Facility,
Calypso Hotel and Resorts,4.0,The standard check-in time is 12:00 PM and the standard check-out time is 11:30 AM. Early check-in or late check-out is strictly subjected to availability and may be chargeable by the hotel. Any early check-in or late check-out request must be directed and reconfirmed with hotel directly Doctor on Call|Laundry Service Available|Multi Cuisine Restaurant,
Bota Royal,4.0,The standard check-in time is 12:00 PM and the standard check-out time is 12:00 PM. Early check-in or late check-out is strictly subjected to availability and may be chargeable by the hotel. Any early check-in or late check-out request must be directed and reconfirmed with hotel directly Doctor on Call|Lobby|Campfire / Bon Fire|Newspapers In Lobby|Room Service (24 Hours),
Campal Beach Resort,4.0,The standard check-in time is 09:00 AM and the standard check-out time is 09:00 AM. Early check-in or late check-out is strictly subjected to availability and may be chargeable by the hotel. Any early check-in or late check-out request must be directed and reconfirmed with hotel directly Airport Transfer Available / Surcharge|Doctor on Call|Laundry Service Available|Parking Facilities Available|Front Desk|Locker Facility|24 Hour Front Desk|Taxi Services|Newspapers In Lobby|Room Service (24 Hours)|Guide / Sightseeing Service|Outdoor Parking - Non Secured|Room Service|CCTV|Paid Transfers|Public Restrooms,
Boon Inn,4.0,The standard check-in time is 12:00 PM and the standard check-out time is 12:00 PM. Early check-in or late check-out is strictly subjected to availability and may be chargeable by the hotel. Any early check-in or late check-out request must be directed and reconfirmed with hotel directly Terms and Conditions: It is mandatory for guests to present valid photo identification at the time of check-in. Banquet Facilities|Business Center |Doctor on Call|Internet Access - Surcharge|Laundry Service Available|Lobby|Front Desk|Multi Cuisine Restaurant |Local Tour / Travel Desk,
Bommana Residency,4.0,The standard check-in time is 12:00 PM and the standard check-out time is 12:00 PM. Early check-in or late check-out is strictly subjected to availability and may be chargeable by the hotel. Any early check-in or late check-out request must be directed and reconfirmed with hotel directly . Terms and Conditions: It is mandatory for guests to present valid photo identification at the time of check-in. and should carry hotel Booking Voucher at the time of check in. Unmarried Couples not allowed Front Desk,
CasaMelhor 1 BHK In Siolim,4.0,"The standard check-in time is 01:00 PM and the standard check-out time is 10:00 AM. Early check-in or late check-out is strictly subjected to availability and may be chargeable by the hotel. Any early check-in or late check-out request must be directed and reconfirmed with hotel directly Kindly note that this apartments are available in two different complex and different blocks. Booking rates will not be valid for Christmas New year dates, High season long weekend dates extra supplement will be charged over above the paid rates. Swimming Pool|Doctor on Call|Parking Facilities Available|Front Desk|Doorman|Car Rental|Parking Facility|Room Service",
Blueberry Service Apartments,4.0,The standard check-in time is 02:00 PM and the standard check-out time is 12:00 PM. Early check-in or late check-out is strictly subjected to availability and may be chargeable by the hotel. Any early check-in or late check-out request must be directed and reconfirmed with hotel directly We do not allow unmarried / unrelated couples to checkin. This is at full discretion of the hotel management. No refund would be applicable in case the checkin is denied under such circumstances Doctor on Call|Parking Facilities Available|Doorman|Children's Park|Outdoor Parking - Secured|Parking Facility,
Carmelia Haven,4.0,"The standard check-in time is 01:00 PM and the standard check-out time is 11:00 AM. Early check-in or late check-out is strictly subjected to availability and may be chargeable by the hotel. Any early check-in or late check-out request must be directed and reconfirmed with hotel directly **** Compulsory Supplement charges to be paid **** Mandatory New Year Gala Dinner Charges on 31st Dec at Rs.6000 per couple per room,to be paid at the hotel directly at the time of check in. Mandatory Christmas Gala Dinner charges on 24th Dec at Rs. 4000 per couple per room,to be paid at the hotel directly at the time of check in. Swimming Pool|Airport Transfer Available / Surcharge|Babysitting/ Child Care (surcharge)|Bar / Lounge |Beauty Salon - on charge|Business Center |Concierge|Disabled Friendly Facilities |Doctor on Call|Dry Cleaning|Health Club / Gym Facility Available|Internet Access - Surcharge|Laundry Service Available|Lobby|Non Smoking Rooms|Parking Facilities Available|Pets Allowed|Front Desk|Multi Cuisine Restaurant |Locker Facility|Local Tour / Travel Desk|24 Hour Front Desk|Luggage Storage|Doorman|Medical Assistance Available|Welcome Drinks|Power Backup|Gardens|Multi Lingual Staff|Fitness Equipment|Sauna|Conference Facility |Massage Services |Car Rental|Food Facility|Newspapers In Lobby|Room Service (24 Hours)|Spa Services Nearby",
British Cliff Club Resort,4.0,The standard check-in time is 12:00 PM and the standard check-out time is 10:00 AM. Early check-in or late check-out is strictly subjected to availability and may be chargeable by the hotel. Any early check-in or late check-out request must be directed and reconfirmed with hotel directly Hotel may charge compulsory gala dinner supplement on Christmas / New Year's eve or other festive periods. Any such supplements need to be paid directly at the hotel. There will be season hike for Oct/Nov/Dec Rs.1000 per Room/Per night will be payable directly at the hotel at the time of check-in Airport Transfer Available / Surcharge|Banquet Facilities|Internet Access - Surcharge|Laundry Service Available|Parking Facilities Available|Local Tour / Travel Desk|Luggage Storage|Medical Assistance Available|Power Backup|Express Check-In / Check-Out|Gardens|Multi Lingual Staff|Wake-up Call / Service|Picnic Area|Newspapers In Lobby|Room Service (24 Hours)|Parking Facility,
Bobina Hotel,4.0,"The standard check-in time is 12:00 PM and the standard check-out time is 12:00 PM. Early check-in or late check-out is strictly subjected to availability and may be chargeable by the hotel. Any early check-in or late check-out request must be directed and reconfirmed with hotel directly Cancellation and prepayment policies vary according to room type and Hotel Policies, Please check and Call directly to Hotel before booking the Hotel, Please clear all doubts on phone before booking. Swimming Pool|Bar / Lounge |Business Center |Doctor on Call|Dry Cleaning|Laundry Service Available|Lift / Elevator|Parking Facilities Available|Front Desk|Multi Cuisine Restaurant |Locker Facility|Non Smoking Hotel|24 Hour Front Desk|Power Backup|Gardens|Catering|Suitable For Children|Vegetarian Food / Jain Food Available|Car Rental|Food Facility|Internet Access Free|Newspapers In Lobby|Room Service (24 Hours)|Airport Transfer Free|Outdoor Parking - Secured|Parking Facility|Internet Access|Restaurant|Room Service|Fire Safety|Anti-Slip Ramps|CCTV|First-Aid Kit at Front Desk|Flower Shop|Full Time Operation for All 7 Days|Public Restrooms|Suites",
Chira Meadows,4.0,The standard check-in time is 12:00 PM and the standard check-out time is 11:00 AM. Early check-in or late check-out is strictly subjected to availability and may be chargeable by the hotel. Any early check-in or late check-out request must be directed and reconfirmed with hotel directly We do not allow unmarried / unrelated couples to checkin. This is at full discretion of the hotel management. No refund would be applicable in case the checkin is denied under such circumstances Health Club / Gym Facility Available|Internet Access - Surcharge|Laundry Service Available|Front Desk|Multi Cuisine Restaurant |Power Backup|Gardens|Open Air Restaurant / Dining |Vegetarian Food / Jain Food Available|Room Service (24 Hours)|Outdoor Parking - Secured|Parking Facility|Room Service,
chandigarh Ashok,4.0,"The standard check-in time is 02:00 PM and the standard check-out time is 12:00 PM. Early check-in or late check-out is strictly subjected to availability and may be chargeable by the hotel. Any early check-in or late check-out request must be directed and reconfirmed with hotel directly Hotel may charge compulsory gala dinner supplement on Christmas / New Year's eve or other festive periods. Any such supplements need to be paid directly at the hotel. Free two way Airport transfer (will be valid until 31st Dec 2015)  We do not allow unmarried / unrelated couples to checkin. This is at full discretion of the hotel management. No refund would be applicable in case the checkin is denied under such circumstances Swimming Pool|Ballroom|Banquet Facilities|Bar / Lounge |Business Center |Currency Exchange|Disabled Friendly Facilities |Doctor on Call|Dry Cleaning|Health Club / Gym Facility Available|Internet Access - Surcharge|Laundry Service Available|Lift / Elevator|Lobby|Non Smoking Rooms|Parking Facilities Available|Front Desk|Multi Cuisine Restaurant |Locker Facility|Non Smoking Hotel|Local Tour / Travel Desk|Major Credit Cards Accepted|Luggage Storage|Express Check-In / Check-Out|Wedding Services Facility|Wake-up Call / Service|Separate Sitting Area|Smoking Rooms|Electronic / Magnetic Keys|Multi - Line Phone|Wheelchair Accessibility - Room|Pick Up and Drop (Rly Station, Bus Stand, Temple)|Smoking Area |Express Laundry|Taxi Services| Drivers Rest Room|Internet Access Free|Newspapers In Lobby|Room Service (24 Hours)|Party hall|STD / ISD|Baggage Room|Adjoining Rooms|RO Water Purification System|Parking Facility|Room Service|Fire Safety|CCTV|First-Aid Kit at Front Desk|Paid Transfers|Pest Control Facility|Porter Services Available|Public Restrooms|Smoke Detector|Suites",
Bless Inn,4.0,The standard check-in time is 12:00 PM and the standard check-out time is 12:00 PM. Early check-in or late check-out is strictly subjected to availability and may be chargeable by the hotel. Any early check-in or late check-out request must be directed and reconfirmed with hotel directly Unmarried couples will not be allowed in the hotel. Valid  government ID proof is required for check in. Pan card is not accepted as a valid ID proof. Business Center |Doctor on Call|Internet Access - Surcharge|Laundry Service Available|Parking Facilities Available|Front Desk|Multi Cuisine Restaurant |Locker Facility|24 Hour Front Desk|Medical Assistance Available|Power Backup|Catering|Multi Lingual Staff|Suitable For Children|Fax Machine|Kitchen available (home cook food on request)|Massage Services |Open Air Restaurant / Dining |Transfers Available|Vegetarian Food / Jain Food Available|Car Rental|Food Facility|Newspapers In Lobby|Room Service (24 Hours)|Spa Services Nearby|Air / Rail Booking|Courier Service|Internet / Fax (Reception area only)|Outdoor Parking - Non Secured|Parking Facility,
BnB Inn,4.0,"The standard check-in time is 02:00 PM and the standard check-out time is 12:00 PM. Early check-in or late check-out is strictly subjected to availability and may be chargeable by the hotel. Any early check-in or late check-out request must be directed and reconfirmed with hotel directly Unmarried Couples (Fiancee, Girlfriend) are not allowed. Guest with local id proofs won't be entertained..  24 hours check in available.  Photo ID Proof of each and every person is mandatory at the time of check in. Airport Transfer Available / Surcharge|Business Center |Doctor on Call|Dry Cleaning|Laundry Service Available|Lift / Elevator|Lobby|Non Smoking Rooms|Parking Facilities Available|Front Desk|Multi Cuisine Restaurant |Locker Facility|Non Smoking Hotel|Local Tour / Travel Desk|Major Credit Cards Accepted|24 Hour Front Desk|Luggage Storage|Doorman|Medical Assistance Available|Welcome Drinks|Power Backup|Multi Lingual Staff|Wake-up Call / Service|Suitable For Children|Separate Sitting Area|Conference Facility |Smoking Rooms|Limousine Service Available|Multi - Line Phone|Fire Place Available |Floor Butler|Pick Up and Drop (Rly Station, Bus Stand, Temple)|Nature Walk|Smoking Area |Extra Person / Child - Share the same room|Car Rental|Express Laundry|Taxi Services|City Shuttle Service|Food Facility|Internet Access Free|Newspapers In Lobby|Family Room|Room Service (24 Hours)|Party hall|STD / ISD|Baggage Room|Courtesy Coach|RO Water Purification System|Outdoor Parking - Secured|Parking Facility|Internet Access|Restaurant|Room Service|Fire Safety|CCTV|Fire Exit Signs|First-Aid Kit at Front Desk|Full Time Operation for All 7 Days|Paid Transfers|Pest Control Facility|Porter Services Available|Public Restrooms|Security at All Hotel Entrances",
Bikamp Adventures,4.0,The standard check-in time is 12:00 PM and the standard check-out time is 12:00 PM. Early check-in or late check-out is strictly subjected to availability and may be chargeable by the hotel. Any early check-in or late check-out request must be directed and reconfirmed with hotel directly Airport Transfer Available / Surcharge|Barbecue Area|Dry Cleaning|Laundry Service Available|Parking Facilities Available|Multi Cuisine Restaurant |24 Hour Front Desk|Medical Assistance Available|Welcome Drinks|Express Check-In / Check-Out|Gardens|Dance Performances (on demand)|Grocery|Boating|Nature Walk| Bike on Rent|Car Rental|Oxygen Cylinder (on request)|Badminttion Court|Campfire / Bon Fire|Food Facility| Drivers Rest Room| Cook Services|Air / Rail Booking|Courier Service|Outdoor Parking - Secured|Outdoor Parking - Non Secured|Room Service,
Capital Guest House,4.0,The standard check-in time is 12:00 PM and the standard check-out time is 12:00 PM. Early check-in or late check-out is strictly subjected to availability and may be chargeable by the hotel. Any early check-in or late check-out request must be directed and reconfirmed with hotel directly Free! One child under 11 years stays free of charge when using existing beds.   One older child or adult is charged INR 300 per person per night in an extra bed. The maximum number of extra beds in a room is 1. Doctor on Call|Laundry Service Available,
BNR lodge,4.0,The standard check-in time is 12:00 PM and the standard check-out time is 12:00 PM. Early check-in or late check-out is strictly subjected to availability and may be chargeable by the hotel. Any early check-in or late check-out request must be directed and reconfirmed with hotel directly We do not allow unmarried / unrelated couples to checkin. This is at full discretion of the hotel management. No refund would be applicable in case the checkin is denied under such circumstances Currency Exchange|Doctor on Call|Lift / Elevator|Parking Facilities Available|Front Desk|Local Tour / Travel Desk|24 Hour Front Desk|Luggage Storage|Power Backup|Family Room|Parking Facility|Room Service|Fire Safety|Fire Exit Signs,
Casino Hotel - Cgh Earth,4.0,The standard check-in time is 02:00 PM and the standard check-out time is 11:00 AM. Early check-in or late check-out is strictly subjected to availability and may be chargeable by the hotel. Any early check-in or late check-out request must be directed and reconfirmed with hotel directly Hotel may charge compulsory gala dinner supplement on Christmas / New Year's eve or other festive periods. Any such supplements need to be paid directly at the hotel. Swimming Pool|Banquet Facilities|Bar / Lounge |Business Center |Currency Exchange|Doctor on Call|Dry Cleaning|Health Club / Gym Facility Available|Laundry Service Available|Lift / Elevator|Parking Facilities Available|Front Desk|Multi Cuisine Restaurant |Locker Facility|Major Credit Cards Accepted|24 Hour Front Desk|Power Backup|Express Check-In / Check-Out|Internet Access Free|Room Service (24 Hours)|Parking Facility|Public Restrooms|Speciality Restaurant,
Casa De Royale,4.0,"The standard check-in time is 12:00 PM and the standard check-out time is 11:00 AM. Early check-in or late check-out is strictly subjected to availability and may be chargeable by the hotel. Any early check-in or late check-out request must be directed and reconfirmed with hotel directly Photo ids are compulsory at the time of Ch-in, Hotel may reject confirm booking if fail to produce same Swimming Pool|Bar / Lounge |Currency Exchange|Doctor on Call|Laundry Service Available|Parking Facilities Available|Front Desk|Multi Cuisine Restaurant |Local Tour / Travel Desk|Gardens|Internet Access Free|Internet Access|Room Service",
Chitra Residency,4.0,The standard check-in time is 12:00 PM and the standard check-out time is 12:00 PM. Early check-in or late check-out is strictly subjected to availability and may be chargeable by the hotel. Any early check-in or late check-out request must be directed and reconfirmed with hotel directly Doctor on Call|Dry Cleaning|Laundry Service Available|Lobby|Front Desk|24 Hour Front Desk|Luggage Storage|Power Backup|Wake-up Call / Service|Taxi Services|Food Facility|Newspapers In Lobby|Room Service (24 Hours),
Chandra Imperial,4.0,The standard check-in time is 12:00 PM and the standard check-out time is 12:00 PM. Early check-in or late check-out is strictly subjected to availability and may be chargeable by the hotel. Any early check-in or late check-out request must be directed and reconfirmed with hotel directly Children policy: Child below five years will be accommodated free of charge when sharing bed with parents Business Center |Laundry Service Available|Lift / Elevator|Parking Facilities Available|Front Desk|Multi Cuisine Restaurant |Locker Facility|Power Backup|Catering|Coffee Shop / Cafe|Kitchen available (home cook food on request)|Vegetarian Food / Jain Food Available|Food Facility|Internet Access Free|Room Service (24 Hours)|Outdoor Parking - Secured|Parking Facility,
C Pearl,4.0,The standard check-in time is 01:00 PM and the standard check-out time is 12:00 PM. Early check-in or late check-out is strictly subjected to availability and may be chargeable by the hotel. Any early check-in or late check-out request must be directed and reconfirmed with hotel directly ID cards are mandatory during the time of check in. Doctor on Call|Front Desk|Room Service|First-Aid Kit at Front Desk|Public Restrooms,
Bharath Service Apartment,4.0,The standard check-in time is 12:00 PM and the standard check-out time is 12:00 PM. Early check-in or late check-out is strictly subjected to availability and may be chargeable by the hotel. Any early check-in or late check-out request must be directed and reconfirmed with hotel directly It is mandatory for guests to present valid photo identification at the time of check-in. Early check-in or late check-out is subject to availability and may be chargeable by the hotel. The standard check-in time is 2 PM and the standard check-out time is 10 AM. Laundry Service Available|Lift / Elevator|Front Desk|Power Backup|Room Service (24 Hours)|Outdoor Parking - Secured,
Blackberry Hills Retreat and Spa,4.0,The standard check-in time is 12:00 PM and the standard check-out time is 11:00 AM. Early check-in or late check-out is strictly subjected to availability and may be chargeable by the hotel. Any early check-in or late check-out request must be directed and reconfirmed with hotel directly Mandatory Gala Dinner charges on 24th Dec at Rs.3000 per person to be paid at the hotel directly at the time of Check in Mandatory New Year Gala Dinner charges on 31st Dec at Rs.3000 per personto be paid at the hotel directly at the time of Check in Airport Transfer Available / Surcharge|Barbecue Area|Concierge|Currency Exchange|Disabled Friendly Facilities |Dry Cleaning|Games Zone|Gift Shop |Laundry Service Available|Library|Lobby|Non Smoking Rooms|Parking Facilities Available|Front Desk|Multi Cuisine Restaurant |Locker Facility|Non Smoking Hotel|Spa On Site - Chargeable|Table Tennis|Local Tour / Travel Desk|Major Credit Cards Accepted|24 Hour Front Desk|Luggage Storage|Welcome Drinks|Power Backup|Express Check-In / Check-Out|Gardens|Multi Lingual Staff|Wake-up Call / Service|Sauna|Separate Sitting Area|Smoking Rooms|Disabled Friendly Rooms|Multi - Line Phone|Picnic Area|Jacuzzi|Wheelchair Accessibility - Room|Massage Services |Clubhouse|Nature Walk|Smoking Area | Bike on Rent|In House Events |Vegetarian Food / Jain Food Available|Extra Person / Child - Share the same room|Village Visit ( Chargeable )|Car Rental|Express Laundry|Meditation Room|Water Dispenser Available|Taxi Services|Campfire / Bon Fire|Food Facility| Drivers Rest Room|Internet Access Free|Newspapers In Lobby|Yoga Hall / Classes|Whirlpool Bath / Shower Cubicle|Postal / Parcel Services|Room Service (24 Hours)|Spa Services Nearby| Cook Services|Spa Services Onsite - Free|Air / Rail Booking|STD / ISD|Baggage Room|Courier Service|Guide / Sightseeing Service|Outdoor Parking - Secured|Parking Facility|Internet Access|Restaurant|Room Service|Ayurvedic Facilities |Trekking|Fire Safety|Recreation Zone|CCTV|First-Aid Kit at Front Desk|Porter Services Available|Public Restrooms|Suites,
CANAL VIEW,4.0,"The standard check-in time is 12:00 PM and the standard check-out time is 12:00 PM. Early check-in or late check-out is strictly subjected to availability and may be chargeable by the hotel. Any early check-in or late check-out request must be directed and reconfirmed with hotel directly Booking rates will not be valid for Christmas and New year dates, High season and long weekend dates  extra supplement will be charged over and above the paid rates as per actual and hotel discretion. Doctor on Call",
Camp A Star,4.0,"The standard check-in time is 12:00 PM and the standard check-out time is 12:00 PM. Early check-in or late check-out is strictly subjected to availability and may be chargeable by the hotel. Any early check-in or late check-out request must be directed and reconfirmed with hotel directly Booking rates will not be valid for Christmas and New year dates, High season and long weekend dates extra supplement will be charged over and above the paid rates as per actual and hotel discretion. Airport Transfer Available / Surcharge|Barbecue Area|Doctor on Call|Non Smoking Rooms|Parking Facilities Available|Local Tour / Travel Desk|Welcome Drinks|Wake-up Call / Service|Separate Sitting Area|Picnic Area|Pick Up and Drop (Rly Station, Bus Stand, Temple)|Private Beach|Nature Walk| Bike on Rent|Vegetarian Food / Jain Food Available|Extra Person / Child - Share the same room|Campfire / Bon Fire|Yoga Hall / Classes|Guide / Sightseeing Service",
Cerulean Inn,4.0,The standard check-in time is 12:00 PM and the standard check-out time is 12:00 PM. Early check-in or late check-out is strictly subjected to availability and may be chargeable by the hotel. Any early check-in or late check-out request must be directed and reconfirmed with hotel directly We do not allow unmarried / unrelated couples to checkin. This is at full discretion of the hotel management. No refund would be applicable in case the checkin is denied under such circumstances Laundry Service Available|Parking Facilities Available|Front Desk|Transfers Available|Internet Access Free|Outdoor Parking - Secured|Parking Facility|Room Service|Porter Services Available|Speciality Restaurant,
Candolim Apartments,4.0,The standard check-in time is 02:00 PM and the standard check-out time is 10:30 AM. Early check-in or late check-out is strictly subjected to availability and may be chargeable by the hotel. Any early check-in or late check-out request must be directed and reconfirmed with hotel directly Like the policy for : We do not allow unmarried / unrelated couples to checkin. This is at full discretion of the hotel management. No refund would be applicable in case the checkin is denied under such circumstances Swimming Pool|Airport Transfer Available / Surcharge|Concierge|Currency Exchange|Disabled Friendly Facilities |Doctor on Call|Dry Cleaning|Games Zone|Gift Shop |Golf Course|Health Club / Gym Facility Available|Internet Access - Surcharge|Laundry Service Available|Library|Lift / Elevator|Parking Facilities Available|Locker Facility|Local Tour / Travel Desk|Suitable For Children|Smoking Rooms|Smoking Area |Extra Person / Child - Share the same room|Car Rental|Taxi Services|Family Room|Guide / Sightseeing Service|Parking Facility,
Blessing's Hotel,4.0,The standard check-in time is 12:00 PM and the standard check-out time is 12:00 PM. Early check-in or late check-out is strictly subjected to availability and may be chargeable by the hotel. Any early check-in or late check-out request must be directed and reconfirmed with hotel directly We do not allow unmarried / unrelated couples to checkin. This is at full discretion of the hotel management. No refund would be applicable in case the checkin is denied under such circumstances Airport Transfer Available / Surcharge|Babysitting/ Child Care (surcharge)|Banquet Facilities|Business Center |Concierge|Currency Exchange|Disabled Friendly Facilities |Doctor on Call|Dry Cleaning|Health Club / Gym Facility Available|Internet Access - Surcharge|Laundry Service Available|Lift / Elevator|Lobby|Non Smoking Rooms|Parking Facilities Available,
Blue Country Resort,4.0,"The standard check-in time is 11:00 AM and the standard check-out time is 09:00 AM. Early check-in or late check-out is strictly subjected to availability and may be chargeable by the hotel. Any early check-in or late check-out request must be directed and reconfirmed with hotel directly No refund applicable for No Shows / early check out / cancellation on any weekend or prime dates / long connecting weekends 31st December night Gala Dinner charges Rs. 1800/- per person compulsory need to be paid directly at the time of check in at the hotel. Hotel may charge compulsory gala dinner supplement on Christmas / New Year's eve or other festive periods. Any such supplements need to be paid directly at the hotel. Single Occupancy Booking is Not Accepted, and would be cancelled without any prior Intimation. Minimum Double Occupancy Bookings would be Accepted. Swimming Pool|Concierge|Doctor on Call|Games Zone|Health Club / Gym Facility Available|Parking Facilities Available|Front Desk|Multi Cuisine Restaurant |Spa On Site - Chargeable|Power Backup|Gardens|Veg / Non Veg Kitchens Separate |Horse Ride ( Chargeable ) |Shopping Drop Facility (on fixed timings)|Internet Access Free|Outdoor Parking - Secured|Room Service",
Blue Bird Hotel,4.0,The standard check-in time is 12:00 PM and the standard check-out time is 12:00 PM. Early check-in or late check-out is strictly subjected to availability and may be chargeable by the hotel. Any early check-in or late check-out request must be directed and reconfirmed with hotel directly Hotel Policies - Check in -1200PM Check out - 12:00 PM Alcohol Policy- Alcoholic beverage service is restricted to those 21 years or older (with valid identification). Airport Transfer Available / Surcharge|Banquet Facilities|Bar / Lounge |Doctor on Call|Gift Shop |Internet Access - Surcharge|Parking Facilities Available|Front Desk|Multi Cuisine Restaurant |Locker Facility|Conference Facility |Room Service (24 Hours),
Chandra Niwas Guest House,4.0,The standard check-in time is 01:00 PM and the standard check-out time is 12:45 PM. Early check-in or late check-out is strictly subjected to availability and may be chargeable by the hotel. Any early check-in or late check-out request must be directed and reconfirmed with hotel directly Airport Transfer Available / Surcharge|Concierge|Doctor on Call|Dry Cleaning|Laundry Service Available|Parking Facilities Available|Pets Allowed|Locker Facility|Luggage Storage|Medical Assistance Available|Gardens|Multi Lingual Staff|Wake-up Call / Service|Suitable For Children|Grocery|Kitchen available (home cook food on request)|Cell Phone Rental|Wheelchair Accessibility - Room|Massage Services |Safari|Camel Ride|Veranda|Open Air Restaurant / Dining | Bike on Rent|In House Events |Vegetarian Food / Jain Food Available|Car Rental|Express Laundry|Kids Play Zone|Water Dispenser Available|City Shuttle Service|Rooftop Garden|Food Facility|Internet Access Free|Postal / Parcel Services|Family Room|Spa Services Nearby|Baggage Room|Guide / Sightseeing Service|RO Water Purification System|Outdoor Parking - Non Secured|Parking Facility,
BKR Residency,4.0,The standard check-in time is 02:00 PM and the standard check-out time is 12:00 PM. Early check-in or late check-out is strictly subjected to availability and may be chargeable by the hotel. Any early check-in or late check-out request must be directed and reconfirmed with hotel directly We do not allow unmarried / unrelated couples to checkin. This is at full discretion of the hotel management. No refund would be applicable in case the checkin is denied under such circumstances Doctor on Call|Parking Facilities Available|Front Desk|Local Tour / Travel Desk|Medical Assistance Available|Smoking Rooms|Extra Person / Child - Share the same room|Room Service (24 Hours)|STD / ISD,
Camp Whispering Waves,4.0,"The standard check-in time is 12:00 PM and the standard check-out time is 12:00 PM. Early check-in or late check-out is strictly subjected to availability and may be chargeable by the hotel. Any early check-in or late check-out request must be directed and reconfirmed with hotel directly Confirmed booking will be held for 24 Hrs, Subject to payment in bank. Booking amount 50% of the total amount and balance will settle by or before the time of arrival. Multi Cuisine Restaurant",
Casa Melhor Charming 2BHK Candolim,4.0,"The standard check-in time is 01:00 PM and the standard check-out time is 10:00 AM. Early check-in or late check-out is strictly subjected to availability and may be chargeable by the hotel. Any early check-in or late check-out request must be directed and reconfirmed with hotel directly Photo ids of all guests above the age of 18 years are compulsory at the time of Check-in (one original govt. issued photo ID will be kept and returned at checkout or security deposit Rs10,000), Hotel may reject confirm booking if fail to produce same Swimming Pool|Airport Transfer Available / Surcharge|Bar / Lounge |Health Club / Gym Facility Available|Internet Access - Surcharge|Lift / Elevator|Night Club|Non Smoking Rooms|Parking Facilities Available|Multi Cuisine Restaurant |Local Tour / Travel Desk|Doorman|Gardens|Wheelchair Accessibility - Room|Car Rental|Parking Facility",
Century Inn Deluxe Lodge,4.0,"The standard check-in time is 12:00 PM and the standard check-out time is 12:00 PM. Early check-in or late check-out is strictly subjected to availability and may be chargeable by the hotel. Any early check-in or late check-out request must be directed and reconfirmed with hotel directly ALL GUESTS ARE REQUIRED TO PRESENT PROPER PHOTO IDENTIFICATION UPON CHECK IN. The identity proof would include a valid Driving license/voter identity card/PAN card, etc. Valid Passport mandatory for all Foreign guests. Hotel is not allow unmarried / unrelated couples to check-in. This is at full discretion of the hotel management. No refund would be applicable in case the hotel denies check-in under such circumstances. Doctor on Call|Internet Access - Surcharge|Laundry Service Available|Non Smoking Rooms|Parking Facilities Available|Front Desk|Major Credit Cards Accepted|24 Hour Front Desk|Luggage Storage|Medical Assistance Available|Power Backup|Wake-up Call / Service|Smoking Rooms",
Brightland Resort &amp; Spa,4.0,"The standard check-in time is 02:00 PM and the standard check-out time is 10:00 AM. Early check-in or late check-out is strictly subjected to availability and may be chargeable by the hotel. Any early check-in or late check-out request must be directed and reconfirmed with hotel directly SINGLE OCCUPANCY BOOKING IS NOT ACCEPTABLE AS PER THE LOCAL POLICE LAW. And the same would be rejected without any prior notice, Minimum Double Occupancy Booking is acceptable.  Swimming Pool will be under renovation from 16 Aug to 30 Sep 2016. Swimming Pool|Banquet Facilities|Bar / Lounge |Basketball Court |Health Club / Gym Facility Available|Laundry Service Available|Parking Facilities Available|Front Desk|Multi Cuisine Restaurant |Table Tennis|Tennis Court|Power Backup|Gardens|Audio - Visual Equipment|Conference Facility |Fax Machine|Discotheque |Board Room|Internet Access Free|Parking Facility|Internet Access|Room Service|Porter Services Available|Public Restrooms|Speciality Restaurant |Stamps and Mailing Facility",
Chitrakuta Meadows,4.0,The standard check-in time is 12:00 PM and the standard check-out time is 12:00 PM. Early check-in or late check-out is strictly subjected to availability and may be chargeable by the hotel. Any early check-in or late check-out request must be directed and reconfirmed with hotel directly We do not allow unmarried / unrelated couples to checkin. This is at full discretion of the hotel management. No refund would be applicable in case the checkin is denied under such circumstances. Doctor on Call|Parking Facilities Available|Front Desk|Locker Facility|Luggage Storage|Doorman|Medical Assistance Available|Nature Walk|RO Water Purification System|Parking Facility|Room Service|Trekking,
Chandramukuta homestay,4.0,The standard check-in time is 02:00 PM and the standard check-out time is 12:00 PM. Early check-in or late check-out is strictly subjected to availability and may be chargeable by the hotel. Any early check-in or late check-out request must be directed and reconfirmed with hotel directly Music will be allowed till 10.30pm. Food Services are available only till 10:00 PM. Games Zone|Internet Access - Surcharge|Parking Facilities Available|Pets Allowed|Front Desk|Locker Facility|Local Tour / Travel Desk|Power Backup|Gardens|Suitable For Children|Separate Sitting Area|Kitchen available (home cook food on request)|Fire Place Available |Picnic Area|Safari|Nature Walk|Smoking Area |Veranda|Open Air Restaurant / Dining |Veg / Non Veg Kitchens Separate |Vegetarian Food / Jain Food Available|Extra Person / Child - Share the same room|Kids Play Zone|Campfire / Bon Fire|Food Facility| Drivers Rest Room|Internet Access Free|Postal / Parcel Services|Family Room|Room Service (24 Hours)| Cook Services|Guide / Sightseeing Service|RO Water Purification System|Outdoor Parking - Secured|Parking Facility|Internet Access|Room Service|Trekking|Recreation Zone,
Camp Sarovar Ganga,4.0,"The standard check-in time is 12:00 PM and the standard check-out time is 12:00 PM. Early check-in or late check-out is strictly subjected to availability and may be chargeable by the hotel. Any early check-in or late check-out request must be directed and reconfirmed with hotel directly ALL GUESTS ARE REQUIRED TO PRESENT PROPER PHOTO IDENTIFICATION UPON CHECK IN. 2.The identity proof would include a valid Driving license/voter identity card/PAN card, etc. Valid Passport mandatory for all Foreign guests. 3.Booking rates will not be valid for Christmas and New year dates High season and long weekend dates extra supplement will be charged over and above the paid rates as per actual and hotel discretion. Doctor on Call|Lobby|Front Desk|Local Tour / Travel Desk|24 Hour Front Desk|Power Backup|Family Room|Room Service (24 Hours)",
Blue Ginger Spa Resort,4.0,"The standard check-in time is 01:00 PM and the standard check-out time is 11:00 AM. Early check-in or late check-out is strictly subjected to availability and may be chargeable by the hotel. Any early check-in or late check-out request must be directed and reconfirmed with hotel directly Terms and Conditions: It is mandatory for guests to present valid photo identification at the time of check-in.  As roads leading to the resort are off roads, hence you might experience a rocky/ hilly drive. Swimming Pool|Currency Exchange|Doctor on Call|Dry Cleaning|Games Zone|Health Club / Gym Facility Available|Internet Access - Surcharge|Laundry Service Available|Parking Facilities Available|Front Desk|Multi Cuisine Restaurant |Spa On Site - Chargeable|Table Tennis|Major Credit Cards Accepted|24 Hour Front Desk|Welcome Drinks|Power Backup|Gardens|Suitable For Children|Massage Services |Nature Walk|Veranda|Campfire / Bon Fire|Food Facility|Room Service (24 Hours)|Internet / Fax (Reception area only)|Outdoor Parking - Secured|Parking Facility|Room Service|Speciality Restaurant |Suites",
BUXA VALLEY RESORT,4.0, Concierge|Doctor on Call|Parking Facilities Available|Front Desk|24 Hour Front Desk|Luggage Storage|Doorman|Suitable For Children|Smoking Rooms|Floor Butler|Veranda|Food Facility|Newspapers In Lobby|Family Room|Room Service (24 Hours),
Bunkstop Jaipur,4.0,"The standard check-in time is 11:00 AM and the standard check-out time is 10:00 AM. Early check-in or late check-out is strictly subjected to availability and may be chargeable by the hotel. Any early check-in or late check-out request must be directed and reconfirmed with hotel directly check in - check out 11:00 hours - 10:00 hours Airport Transfer Available / Surcharge|Doctor on Call|Internet Access - Surcharge|Laundry Service Available|Library|Lobby|Non Smoking Rooms|Parking Facilities Available|Front Desk|Locker Facility|Non Smoking Hotel|Major Credit Cards Accepted|24 Hour Front Desk|Power Backup|Dance Performances (on demand)|Wake-up Call / Service|Grocery|Kitchen available (home cook food on request)|Safari|Pick Up and Drop (Rly Station, Bus Stand, Temple)|Veranda|Transfers Available| Bike on Rent|Vegetarian Food / Jain Food Available|Car Rental|Water Dispenser Available|Taxi Services|Food Facility|Internet Access Free|Newspapers In Lobby|Spa Services Nearby| Cook Services|Air / Rail Booking|Guide / Sightseeing Service|RO Water Purification System|Outdoor Parking - Non Secured|Parking Facility|Internet Access|Recreation Zone|CCTV|First-Aid Kit at Front Desk|Full Time Operation for All 7 Days|Paid Transfers|Pest Control Facility|Public Restrooms|Stamps and Mailing Facility",
Black Thunder Resort,4.0,The standard check-in time is 10:00 AM and the standard check-out time is 10:00 AM. Early check-in or late check-out is strictly subjected to availability and may be chargeable by the hotel. Any early check-in or late check-out request must be directed and reconfirmed with hotel directly Bar / Lounge |Business Center |Currency Exchange|Doctor on Call|Health Club / Gym Facility Available|Laundry Service Available|Parking Facilities Available|Front Desk|Multi Cuisine Restaurant |Local Tour / Travel Desk|Major Credit Cards Accepted|Express Check-In / Check-Out|Conference Facility |Massage Services |Room Service (24 Hours),
Breathing Earth,4.0,The standard check-in time is 12:00 PM and the standard check-out time is 11:00 AM. Early check-in or late check-out is strictly subjected to availability and may be chargeable by the hotel. Any early check-in or late check-out request must be directed and reconfirmed with hotel directly Swimming Pool|Health Club / Gym Facility Available|Lobby|Parking Facilities Available|Front Desk|Multi Cuisine Restaurant |Major Credit Cards Accepted|Power Backup|Gardens|Boating|Campfire / Bon Fire|Internet Access Free|Children's Park|Outdoor Parking - Secured|Recreation Zone,
Bs Hive  Kadal,4.0,"The standard check-in time is 06:00 PM and the standard check-out time is 10:00 AM. Early check-in or late check-out is strictly subjected to availability and may be chargeable by the hotel. Any early check-in or late check-out request must be directed and reconfirmed with hotel directly Booking rates will not be valid for Christmas and New year dates, High season and long weekend dates , extra supplement will be charged over and above the paid rates as per actual and hotel discretion Basketball Court |Doctor on Call|Internet Access - Surcharge|Laundry Service Available|Parking Facilities Available|Front Desk|Locker Facility|Power Backup|Gardens|Catering|Kitchen available (home cook food on request)|Marina On Site|Nature Walk|Veranda|Open Air Restaurant / Dining |Badminttion Court|Campfire / Bon Fire|Children's Park|Whirlpool Bath / Shower Cubicle|Outdoor Parking - Secured|Parking Facility|Room Service",
Castle Rock,4.0,The standard check-in time is 02:00 PM and the standard check-out time is 12:00 PM. Early check-in or late check-out is strictly subjected to availability and may be chargeable by the hotel. Any early check-in or late check-out request must be directed and reconfirmed with hotel directly The standard check- in time is 12:00 PM and the standard check-out time is 12:00 PM. Early check-in or late check-out is strictly subjected to availability and may be charged by the hotel. Doctor on Call|Internet Access - Surcharge|Laundry Service Available|Lobby|Parking Facilities Available|Front Desk|Multi Cuisine Restaurant |Locker Facility|Welcome Drinks|Power Backup|Gardens|Jacuzzi|Internet Access Free|Room Service (24 Hours)|RO Water Purification System|Outdoor Parking - Secured|Parking Facility|Room Service|Public Restrooms|Speciality Restaurant,
Cama Rajputana Club Resort,4.0,"The standard check-in time is 02:00 PM and the standard check-out time is 12:00 PM. Early check-in or late check-out is strictly subjected to availability and may be chargeable by the hotel. Any early check-in or late check-out request must be directed and reconfirmed with hotel directly In case of an early departure the hotel has the right to charge a minimum one night and a maximum of 100% of the total room night actually booked. Bookings done during Festive periods are 100% Non Refundable (Holi-Dhuleti, Independence-Janmashtmi, Gandhi jayanti, Dusshera, Diwali, Christmas and New Year Period) Swimming Pool|Banquet Facilities|Bar / Lounge |Billiards|Doctor on Call|Dry Cleaning|Games Zone|Health Club / Gym Facility Available|Internet Access - Surcharge|Laundry Service Available|Library|Lobby|Parking Facilities Available|Front Desk|Multi Cuisine Restaurant |Locker Facility|Table Tennis|Sauna|Conference Facility |Room Service (24 Hours)",
CHAWLHNA HOTEL,4.0,The standard check-in time is 12:00 PM and the standard check-out time is 12:00 PM. Early check-in or late check-out is strictly subjected to availability and may be chargeable by the hotel. Any early check-in or late check-out request must be directed and reconfirmed with hotel directly ,
Chembakassery Homestay,4.0,"The standard check-in time is 01:00 PM and the standard check-out time is 12:00 PM. Early check-in or late check-out is strictly subjected to availability and may be chargeable by the hotel. Any early check-in or late check-out request must be directed and reconfirmed with hotel directly We do not allow unmarried / unrelated couples to checkin. This is at full discretion of the hotel management. No refund would be applicable in case the checkin is denied under such circumstances. Airport Transfer Available / Surcharge|Babysitting/ Child Care (surcharge)|Barbecue Area|Currency Exchange|Disabled Friendly Facilities |Dry Cleaning|Laundry Service Available|Lobby|Non Smoking Rooms|Parking Facilities Available|Pets Allowed|Front Desk|Locker Facility|Non Smoking Hotel|Spa On Site - Chargeable|Local Tour / Travel Desk|24 Hour Front Desk|Luggage Storage|Medical Assistance Available|Welcome Drinks|Power Backup|Express Check-In / Check-Out|Gardens|Wedding Services Facility|Dance Performances (on demand)|Multi Lingual Staff|Wake-up Call / Service|Suitable For Children|Separate Sitting Area|Coffee Shop / Cafe|Kitchen available (home cook food on request)|Free Local Calls|Massage Services |Safari|Boating|Pick Up and Drop (Rly Station, Bus Stand, Temple)|Nature Walk|Smoking Area |Veranda|Open Air Restaurant / Dining | Bike on Rent|Veg / Non Veg Kitchens Separate |In House Events |Vegetarian Food / Jain Food Available|Extra Person / Child - Share the same room|Village Visit ( Chargeable )|Car Rental|Express Laundry|Kids Play Zone|Meditation Room|Taxi Services|City Shuttle Service|Campfire / Bon Fire|Food Facility|Internet Access Free|Newspapers In Lobby|Yoga Hall / Classes|Postal / Parcel Services|Family Room|Room Service (24 Hours)|Spa Services Nearby| Cook Services|Air / Rail Booking|Baggage Room|Courier Service|Guide / Sightseeing Service|RO Water Purification System|Outdoor Parking - Secured|Parking Facility|Internet Access|Restaurant|Room Service|Ayurvedic Facilities |Trekking|First-Aid Kit at Front Desk|Full Time Operation for All 7 Days|Security at All Hotel Entrances|Speciality Restaurant |Suites",
Chandrakant Home Stay,4.0,The standard check-in time is 12:00 PM and the standard check-out time is 10:00 AM. Early check-in or late check-out is strictly subjected to availability and may be chargeable by the hotel. Any early check-in or late check-out request must be directed and reconfirmed with hotel directly We do not allow unmarried / unrelated couples to checkin. This is at full discretion of the hotel management. No refund would be applicable in case the checkin is denied under such circumstances Doctor on Call|Parking Facilities Available|Non Smoking Hotel|Luggage Storage|Family Room|Baggage Room|Room Service|Public Restrooms,
Chumbi Residency,4.0,The standard check-in time is 12:00 PM and the standard check-out time is 12:00 PM. Early check-in or late check-out is strictly subjected to availability and may be chargeable by the hotel. Any early check-in or late check-out request must be directed and reconfirmed with hotel directly Hotel may charge compulsory gala dinner supplement on Christmas / New Year's eve or other festive periods. Any such supplements need to be paid directly at the hotel. Bar / Lounge |Business Center |Laundry Service Available|Parking Facilities Available|Front Desk|Multi Cuisine Restaurant |24 Hour Front Desk|Power Backup|Conference Facility |Newspapers In Lobby|Room Service (24 Hours)|Outdoor Parking - Secured|Parking Facility,
Camp River View,4.0,The standard check-in time is 10:00 AM and the standard check-out time is 12:00 PM. Early check-in or late check-out is strictly subjected to availability and may be chargeable by the hotel. Any early check-in or late check-out request must be directed and reconfirmed with hotel directly We do not allow unmarried / unrelated couples to checkin. This is at full discretion of the hotel management. No refund would be applicable in case the checkin is denied under such circumstances Doctor on Call|Lobby|Front Desk|Local Tour / Travel Desk|24 Hour Front Desk|Welcome Drinks|Power Backup|Conference Facility |Guide / Sightseeing Service|Public Restrooms,
Camp Golden Tower,4.0,"The standard check-in time is 03:00 PM and the standard check-out time is 09:00 AM. Early check-in or late check-out is strictly subjected to availability and may be chargeable by the hotel. Any early check-in or late check-out request must be directed and reconfirmed with hotel directly Hotel may charge compulsory supplement on Christmas, New Years eve and other festive periods. Any such supplements need to be paid at the hotel. As per the govt. guidelines valid govt. issued id proofs are required to be presented on C/in. Laundry Service Available|Front Desk|Multi Cuisine Restaurant |Welcome Drinks|Outdoor Parking - Secured",
Cambria Hotel,4.0,The standard check-in time is 12:00 PM and the standard check-out time is 12:00 PM. Early check-in or late check-out is strictly subjected to availability and may be chargeable by the hotel. Any early check-in or late check-out request must be directed and reconfirmed with hotel directly 1.	Any supplements need to be paid directly at the hotel. 2.	All guests requested to carry Valid ID proof for Check Inn. 3.	Couple Guests with Local ID's are not allowed to check inn. Airport Transfer Available / Surcharge|Business Center |Currency Exchange|Dry Cleaning|Laundry Service Available|Lobby|Non Smoking Rooms|Parking Facilities Available|Front Desk|Local Tour / Travel Desk|Major Credit Cards Accepted|24 Hour Front Desk|Luggage Storage|Doorman|Medical Assistance Available|Welcome Drinks|Taxi Services|Internet Access Free|Newspapers In Lobby|Family Room|Room Service (24 Hours)|Parking Facility,
Budd Rooms,4.0,The standard check-in time is 02:00 PM and the standard check-out time is 12:00 PM. Early check-in or late check-out is strictly subjected to availability and may be chargeable by the hotel. Any early check-in or late check-out request must be directed and reconfirmed with hotel directly We do not allow unmarried / unrelated couples to checkin. This is at full discretion of the hotel management. No refund would be applicable in case the checkin is denied under such circumstances Doctor on Call|Laundry Service Available|Parking Facilities Available|Front Desk|Power Backup|Internet Access Free|Newspapers In Lobby|Outdoor Parking - Secured|Parking Facility|Room Service|Fire Safety|First-Aid Kit at Front Desk|Security at All Hotel Entrances,
Cine City hotel,4.0,The standard check-in time is 12:00 PM and the standard check-out time is 11:00 AM. Early check-in or late check-out is strictly subjected to availability and may be chargeable by the hotel. Any early check-in or late check-out request must be directed and reconfirmed with hotel directly Most hotels do not allow unmarried / unrelated couples to check-in. This is at full discretion of the hotel management. No refund would be applicable in case the hotel denies check-in under such circumstances . Airport Transfer Available / Surcharge|Bar / Lounge |Business Center |Doctor on Call|Internet Access - Surcharge|Laundry Service Available|Lift / Elevator|Lobby|Parking Facilities Available|Front Desk|Multi Cuisine Restaurant |Valet service|Major Credit Cards Accepted|24 Hour Front Desk|Medical Assistance Available|Air-Conditioning - Central|Welcome Drinks|Power Backup|Conference Facility |Rooftop Garden|Internet Access Free|Newspapers In Lobby|Room Service (24 Hours)|Parking Facility,
Cherry Guest House,4.0,The standard check-in time is 12:00 PM and the standard check-out time is 12:00 PM. Early check-in or late check-out is strictly subjected to availability and may be chargeable by the hotel. Any early check-in or late check-out request must be directed and reconfirmed with hotel directly ,
Casa de Bengaluru,4.0,The standard check-in time is 12:00 PM and the standard check-out time is 12:00 PM. Early check-in or late check-out is strictly subjected to availability and may be chargeable by the hotel. Any early check-in or late check-out request must be directed and reconfirmed with hotel directly Hotel may charge compulsory gala dinner supplement on Christmas / New Year's eve or other festive periods. Any such supplements need to be paid directly at the hotel. Babysitting/ Child Care (surcharge)|Banquet Facilities|Bar / Lounge |Business Center |Doctor on Call|Health Club / Gym Facility Available|Laundry Service Available|Parking Facilities Available|Front Desk|Multi Cuisine Restaurant |24 Hour Front Desk|Conference Facility |Internet Access Free|Room Service (24 Hours)|Airport Transfer Free|Parking Facility,
CAMPS @ TIKKAR TAAL,4.0,The standard check-in time is 12:00 PM and the standard check-out time is 12:00 PM. Early check-in or late check-out is strictly subjected to availability and may be chargeable by the hotel. Any early check-in or late check-out request must be directed and reconfirmed with hotel directly We do not allow unmarried / unrelated couples to checkin. This is at full discretion of the hotel management. No refund would be applicable in case the checkin is denied under such circumstances Doctor on Call|Parking Facilities Available|Front Desk|Parking Facility|Room Service|First-Aid Kit at Front Desk,
Bharat Hotel (BTH),4.0,The standard check-in time is 12:00 PM and the standard check-out time is 12:00 PM. Early check-in or late check-out is strictly subjected to availability and may be chargeable by the hotel. Any early check-in or late check-out request must be directed and reconfirmed with hotel directly Hotel may charge compulsory gala dinner supplement on Christmas / New Year's eve or other festive periods. Any such supplements need to be paid directly at the hotel. There will be season hike for Oct/Nov/Dec Rs.1000 per Room/Per night will be payable directly at the hotel at the  time of check-in Airport Transfer Available / Surcharge|Banquet Facilities|Business Center |Doctor on Call|Dry Cleaning|Internet Access - Surcharge|Laundry Service Available|Lift / Elevator|Lobby|Parking Facilities Available|Front Desk|Multi Cuisine Restaurant |Locker Facility|Secretarial Services|24 Hour Front Desk|Medical Assistance Available|Welcome Drinks|Power Backup|Gardens|Catering|Multi Lingual Staff|Porter / Bellhop|Suitable For Children|Coffee Shop / Cafe|Conference Facility |Fax Machine|Kitchen available (home cook food on request)|Floor Butler|Massage Services |Veg / Non Veg Kitchens Separate |In House Events |Vegetarian Food / Jain Food Available|Car Rental|Board Room|Rooftop Garden|Food Facility|Internet Access Free|Newspapers In Lobby|Children's Park|Postal / Parcel Services|Room Service (24 Hours)|Courier Service|Guide / Sightseeing Service|Internet / Fax (Reception area only)|Outdoor Parking - Secured|Outdoor Parking - Non Secured|Parking Facility|Internet Access|Restaurant|Room Service|Fire Exit Signs|Full Time Operation for All 7 Days|Porter Services Available|Public Restrooms|Security at All Hotel Entrances|Speciality Restaurant |Stamps and Mailing Facility|Suites,
Blessing The Ultimate,4.0,The standard check-in time is 12:00 PM and the standard check-out time is 12:00 PM. Early check-in or late check-out is strictly subjected to availability and may be chargeable by the hotel. Any early check-in or late check-out request must be directed and reconfirmed with hotel directly Front Desk|Power Backup|Room Service (24 Hours),
Chithirapuram Palace,4.0,The standard check-in time is 12:00 PM and the standard check-out time is 11:00 AM. Early check-in or late check-out is strictly subjected to availability and may be chargeable by the hotel. Any early check-in or late check-out request must be directed and reconfirmed with hotel directly Pets not allowed. Internet Access - Surcharge|Laundry Service Available|Parking Facilities Available|Front Desk|Multi Cuisine Restaurant |Local Tour / Travel Desk|Power Backup|Gardens|Multi Lingual Staff|Open Air Restaurant / Dining |Campfire / Bon Fire|Internet Access Free|Newspapers In Lobby|Outdoor Parking - Secured|Parking Facility|Restaurant|Room Service,
Budget Inn Service Apartments Tiger Plaza,4.0,The standard check-in time is 12:00 PM and the standard check-out time is 12:00 PM. Early check-in or late check-out is strictly subjected to availability and may be chargeable by the hotel. Any early check-in or late check-out request must be directed and reconfirmed with hotel directly Unmarried couples not allowed. Carry Valid Photo Id proof at the time of check in Hotel may charge compulsory gala dinner supplement on Christmas / New Year's eve or other festive periods. Any such supplements need to be paid directly at the hotel Business Center |Health Club / Gym Facility Available|Internet Access - Surcharge|Laundry Service Available|Lift / Elevator|Parking Facilities Available|Multi Cuisine Restaurant |Locker Facility|Table Tennis|24 Hour Front Desk|Power Backup|Gardens|Fitness Equipment|Pool Table|Outdoor Parking - Secured|Parking Facility|Porter Services Available|Public Restrooms,
Camp Awara,4.0,The standard check-in time is 01:00 PM and the standard check-out time is 11:00 AM. Early check-in or late check-out is strictly subjected to availability and may be chargeable by the hotel. Any early check-in or late check-out request must be directed and reconfirmed with hotel directly Games Zone|Gardens|Catering|Nature Walk|Veg / Non Veg Kitchens Separate |Vegetarian Food / Jain Food Available|Campfire / Bon Fire|Food Facility|Outdoor Parking - Secured|Parking Facility,
Cardamom Village Plantation Home Stay,4.0,"The standard check-in time is 12:00 PM and the standard check-out time is 11:00 AM. Early check-in or late check-out is strictly subjected to availability and may be chargeable by the hotel. Any early check-in or late check-out request must be directed and reconfirmed with hotel directly Airport Transfer Available / Surcharge|Laundry Service Available|Library|Parking Facilities Available|Local Tour / Travel Desk|Power Backup|Gardens|Computer Rental|Wake-up Call / Service|Suitable For Children|Grocery|Kitchen available (home cook food on request)|Pick Up and Drop (Rly Station, Bus Stand, Temple)|Nature Walk|Open Air Restaurant / Dining |Extra Person / Child - Share the same room|Village Visit ( Chargeable )|Car Rental|Kids Play Zone|Water Dispenser Available|Taxi Services|Badminttion Court|City Shuttle Service|Food Facility| Drivers Rest Room|Internet Access Free|Newspapers In Lobby|Yoga Hall / Classes|Postal / Parcel Services|Family Room| Cook Services|Air / Rail Booking|Courier Service|Guide / Sightseeing Service|Laptop Available on Hire|Internet / Fax (Reception area only)|Outdoor Parking - Secured|Parking Facility",
Casa Grande Studios,4.0,"The standard check-in time is 12:00 PM and the standard check-out time is 12:00 PM. Early check-in or late check-out is strictly subjected to availability and may be chargeable by the hotel. Any early check-in or late check-out request must be directed and reconfirmed with hotel directly Children Policy: B/w 0 to 6 years,Child is inclusive. B/w 6 to 10 years,Charges Rs.750 is applicable but no extra bed is provided Hotel may charge compulsory gala dinner supplement on Christmas / New Year's eve or other festive periods. Any such supplements need to be paid directly at the hotel. Airport Transfer Available / Surcharge|Business Center |Doctor on Call|Dry Cleaning|Health Club / Gym Facility Available|Internet Access - Surcharge|Laundry Service Available|Lift / Elevator|Parking Facilities Available|Front Desk|Multi Cuisine Restaurant |Locker Facility|Valet service|Major Credit Cards Accepted|24 Hour Front Desk|Welcome Drinks|Power Backup|Wake-up Call / Service|Fitness Equipment|Separate Sitting Area|Conference Facility |Smoking Rooms|Fax Machine|Pool Table|Smoking Area |Board Room|Food Facility|Internet Access Free|Newspapers In Lobby|Room Service (24 Hours)|Internet / Fax (Reception area only)|Outdoor Parking - Secured|Parking Facility",
Casa Ribera resort,4.0,The standard check-in time is 02:00 PM and the standard check-out time is 12:00 PM. Early check-in or late check-out is strictly subjected to availability and may be chargeable by the hotel. Any early check-in or late check-out request must be directed and reconfirmed with hotel directly We do not allow unmarried / unrelated couples to checkin. This is at full discretion of the hotel management. No refund would be applicable in case the checkin is denied under such circumstances Doctor on Call|Lobby|Front Desk|Local Tour / Travel Desk|24 Hour Front Desk,
BRIDGESTONE,4.0,The standard check-in time is 11:00 AM and the standard check-out time is 10:00 AM. Early check-in or late check-out is strictly subjected to availability and may be chargeable by the hotel. Any early check-in or late check-out request must be directed and reconfirmed with hotel directly Doctor on Call|Parking Facilities Available|Medical Assistance Available|Parking Facility|Room Service,
Central Park 17,4.0, Doctor on Call|Internet Access - Surcharge|Laundry Service Available|Lobby|Parking Facilities Available|Front Desk|Multi Cuisine Restaurant |Locker Facility|Local Tour / Travel Desk|24 Hour Front Desk|Welcome Drinks|Power Backup|Conference Facility |Newspapers In Lobby|Room Service (24 Hours)| Cook Services|Parking Facility,
CHANDRA RESIDENCY,4.0,The standard check-in time is 12:00 PM and the standard check-out time is 12:00 PM. Early check-in or late check-out is strictly subjected to availability and may be chargeable by the hotel. Any early check-in or late check-out request must be directed and reconfirmed with hotel directly chek in chek our 24 hrs Doctor on Call|Wake-up Call / Service|Express Laundry|Room Service|Suites,
Chanakya Hotel,4.0,The standard check-in time is 02:00 PM and the standard check-out time is 12:00 PM. Early check-in or late check-out is strictly subjected to availability and may be chargeable by the hotel. Any early check-in or late check-out request must be directed and reconfirmed with hotel directly We do not allow unmarried / unrelated couples to checkin. This is at full discretion of the hotel management. No refund would be applicable in case the checkin is denied under such circumstances Doctor on Call|Dry Cleaning|Front Desk|Locker Facility|24 Hour Front Desk|Luggage Storage|Internet Access Free|Newspapers In Lobby|Room Service (24 Hours)|Parking Facility|Internet Access|Room Service|Fire Safety|Anti-Slip Ramps|CCTV|First-Aid Kit at Front Desk,
Bhakti Niketan,4.0,The standard check-in time is 12:00 PM and the standard check-out time is 12:00 PM. Early check-in or late check-out is strictly subjected to availability and may be chargeable by the hotel. Any early check-in or late check-out request must be directed and reconfirmed with hotel directly Lobby|Front Desk|Power Backup|RO Water Purification System|Parking Facility,
Bina Resorts,4.0,The standard check-in time is 12:00 PM and the standard check-out time is 12:00 PM. Early check-in or late check-out is strictly subjected to availability and may be chargeable by the hotel. Any early check-in or late check-out request must be directed and reconfirmed with hotel directly We do not allow unmarried / unrelated couples to checkin. This is at full discretion of the hotel management. No refund would be applicable in case the checkin is denied under such circumstances Doctor on Call|Non Smoking Rooms|Parking Facilities Available|Front Desk|Power Backup,
Buckscent Corbett Retreat,4.0,The standard check-in time is 12:00 PM and the standard check-out time is 10:00 AM. Early check-in or late check-out is strictly subjected to availability and may be chargeable by the hotel. Any early check-in or late check-out request must be directed and reconfirmed with hotel directly Hotel may charge compulsory gala dinner supplement on Christmas / New Year's eve or other festive periods. Any such supplements need to be paid directly at the hotel. Swimming Pool|Parking Facilities Available|Local Tour / Travel Desk|24 Hour Front Desk|Air-Conditioning - Central|Express Check-In / Check-Out|Wake-up Call / Service|Porter / Bellhop|Coffee Shop / Cafe|Internet Access Free|Newspapers In Lobby|Room Service (24 Hours)|Adjoining Rooms,
"Cambay Resort , Jamdoli",4.0,"The standard check-in time is 02:00 PM and the standard check-out time is 12:00 PM. Early check-in or late check-out is strictly subjected to availability and may be chargeable by the hotel. Any early check-in or late check-out request must be directed and reconfirmed with hotel directly Guests staying on Dec 24 and  Dec 31 ,a mandatory Christmas eve extravaganza and  dinner charge of Rs. 1200 per adult / Rs. 800 per child will be charged and payable at hotel. Swimming Pool|Banquet Facilities|Bar / Lounge |Business Center |Currency Exchange|Golf Course|Health Club / Gym Facility Available|Internet Access - Surcharge|Lift / Elevator|Parking Facilities Available|Front Desk|Multi Cuisine Restaurant |Local Tour / Travel Desk|Valet service|Power Backup|Gardens|Conference Facility |Express Laundry|Yoga Hall / Classes|Room Service (24 Hours)|Parking Facility|Room Service|Public Restrooms|Suites",
Blue Bells Valley Resort,4.0,"The standard check-in time is 12:00 PM and the standard check-out time is 12:00 PM. Early check-in or late check-out is strictly subjected to availability and may be chargeable by the hotel. Any early check-in or late check-out request must be directed and reconfirmed with hotel directly Hotel may charge supplimentary charges on christhmas and new year eve, which the guest has to pay directly at the hotel. There will be season hike for Oct/Nov/Dec Rs.1000 per Room/Per night will be payable directly at the hotel at the  time of check-in Barbecue Area|Doctor on Call|Dry Cleaning|Gift Shop |Laundry Service Available|Library|Non Smoking Rooms|Parking Facilities Available|Pets Allowed|Front Desk|Multi Cuisine Restaurant |Valet service|24 Hour Front Desk|Luggage Storage|Medical Assistance Available|Welcome Drinks|Power Backup|Gardens|Audio - Visual Equipment|Catering|Multi Lingual Staff|Wake-up Call / Service|Separate Sitting Area|Coffee Shop / Cafe|Picnic Area|Nature Walk|Veranda|Open Air Restaurant / Dining | Bike on Rent|Vegetarian Food / Jain Food Available|Extra Person / Child - Share the same room|Express Laundry|Badminttion Court|Mini Theatre|Karaoke |Campfire / Bon Fire|Food Facility| Drivers Rest Room|Internet Access Free|Newspapers In Lobby|Baggage Room|Internet / Fax (Reception area only)|Adjoining Rooms|Outdoor Parking - Secured|Outdoor Parking - Non Secured|Parking Facility|Restaurant|Trekking",
Casamaria Beach Resort,4.0,"The standard check-in time is 12:00 PM and the standard check-out time is 10:00 AM. Early check-in or late check-out is strictly subjected to availability and may be chargeable by the hotel. Any early check-in or late check-out request must be directed and reconfirmed with hotel directly Hotel Will Charge Supplement Charges and Gala Dinner Charges for Christmas and New Year Events - These Charges are Mandatory and to be paid at the hotel directly. It is mandatory for guests to present valid photo identification at the time of check-in. According to government regulations, a valid Photo ID has to be carried by every person above the age of 18 staying at the hotel. The identification proofs accepted are Driving License, Voter ID Card, and Passport. Without valid ID the guest will not be allowed to check-in. Doctor on Call|Lobby|RO Water Purification System",
Casa Roiz Guest House,4.0,"The standard check-in time is 12:00 PM and the standard check-out time is 11:00 AM. Early check-in or late check-out is strictly subjected to availability and may be chargeable by the hotel. Any early check-in or late check-out request must be directed and reconfirmed with hotel directly Doctor on Call|Laundry Service Available|Library|Pick Up and Drop (Rly Station, Bus Stand, Temple)",
Camelot Resort,4.0,"The standard check-in time is 12:00 PM and the standard check-out time is 12:00 PM. Early check-in or late check-out is strictly subjected to availability and may be chargeable by the hotel. Any early check-in or late check-out request must be directed and reconfirmed with hotel directly **** Compulsory Supplement charges to be paid **** 1.Mandatory Christmas Celebration Charges on 24th Dec at Rs.1250 per person,to be paid at the hotel directly at the time of check in. 2. Mandatory New Year Gala Dinner Charges on 31st Dec at Rs.1500 per person,to be paid at the hotel directly at the time of check in. There will be season hike for Oct/Nov/Dec Rs.1000 per Room/Per night will be payable directly at the hotel at the  time of check-in Doctor on Call|Laundry Service Available|Lobby|Parking Facilities Available|Front Desk|Multi Cuisine Restaurant |Local Tour / Travel Desk|Major Credit Cards Accepted|Luggage Storage|Welcome Drinks|Power Backup|Gardens|Multi Lingual Staff|Food Facility|Room Service (24 Hours)",
Central Guest House,4.0,The standard check-in time is 12:00 PM and the standard check-out time is 12:00 PM. Early check-in or late check-out is strictly subjected to availability and may be chargeable by the hotel. Any early check-in or late check-out request must be directed and reconfirmed with hotel directly ,
Camp Twilight,4.0,The standard check-in time is 12:00 PM and the standard check-out time is 12:00 PM. Early check-in or late check-out is strictly subjected to availability and may be chargeable by the hotel. Any early check-in or late check-out request must be directed and reconfirmed with hotel directly Unmarried couples not allowed Doctor on Call|Parking Facilities Available|Wake-up Call / Service|Boating,
Check In Room Main Bazaar,4.0,"The standard check-in time is 12:00 PM and the standard check-out time is 12:00 PM. Early check-in or late check-out is strictly subjected to availability and may be chargeable by the hotel. Any early check-in or late check-out request must be directed and reconfirmed with hotel directly We are a group of properties, In case of some unavoidable situation, we can shift you to our sister concern properties which are adjacently located to each other. Hotel may charge compulsory gala dinner supplement on Christmas / New Year's eve or other festive periods. Any such supplements need to be paid directly at the hotel. As per The government of Delhi at the time of check-in guest has to present all valid Id proofs (i.e Aadhar Card, Voter ID, Passport), Pan card will not be entertained as valid ID proof, in case of failure, hotel is not authorized to allow guest's check-In Airport Transfer Available / Surcharge|Concierge|Currency Exchange|Doctor on Call|Dry Cleaning|Laundry Service Available|Lift / Elevator|Lobby|Non Smoking Rooms|Front Desk|Multi Cuisine Restaurant |Locker Facility|Non Smoking Hotel|Local Tour / Travel Desk|Major Credit Cards Accepted|24 Hour Front Desk|Luggage Storage|Medical Assistance Available|Air-Conditioning - Central|Power Backup|Express Check-In / Check-Out|Multi Lingual Staff|Exhibit Space|Wake-up Call / Service|Suitable For Children|Separate Sitting Area|Smoking Rooms|Electronic / Magnetic Keys|Multi - Line Phone|Free Local Calls|Pool Table|Massage Services |Pick Up and Drop (Rly Station, Bus Stand, Temple)|Open Air Restaurant / Dining |Transfers Available|Extra Person / Child - Share the same room|Express Laundry|Water Dispenser Available|Taxi Services|City Shuttle Service|Food Facility|Internet Access Free|Newspapers In Lobby|Postal / Parcel Services|Family Room|Room Service (24 Hours)|Courier Service|Guide / Sightseeing Service|RO Water Purification System|Internet Access|Restaurant|Room Service|CCTV|First-Aid Kit at Front Desk|Stamps and Mailing Facility",
Chanakya Resort &amp; Rafting,4.0,The standard check-in time is 12:00 PM and the standard check-out time is 12:00 PM. Early check-in or late check-out is strictly subjected to availability and may be chargeable by the hotel. Any early check-in or late check-out request must be directed and reconfirmed with hotel directly Booking rates will not be valid for Christmas and New year dates High season and long weekend dates extra supplement will be charged over and above the paid rates as per actual and hotel discretion. Doctor on Call|Parking Facilities Available|Front Desk|24 Hour Front Desk|Outdoor Parking - Secured|Room Service|First-Aid Kit at Front Desk,
Bukhara Inn,4.0,The standard check-in time is 01:00 PM and the standard check-out time is 12:00 PM. Early check-in or late check-out is strictly subjected to availability and may be chargeable by the hotel. Any early check-in or late check-out request must be directed and reconfirmed with hotel directly Currency Exchange|Dry Cleaning|Internet Access - Surcharge|Laundry Service Available|Lobby|Parking Facilities Available|Front Desk|Local Tour / Travel Desk|Major Credit Cards Accepted|24 Hour Front Desk|Luggage Storage|Air-Conditioning - Central|Power Backup|Express Check-In / Check-Out|Wake-up Call / Service|ATM / Banking|Fax Machine|Vegetarian Food / Jain Food Available|Car Rental|Taxi Services|Internet Access Free|Children's Park|Room Service (24 Hours)|Baggage Room|Outdoor Parking - Secured|Parking Facility|Public Restrooms,
BOMBAY VIEW HOTEL,4.0,"The standard check-in time is 10:00 AM and the standard check-out time is 10:00 AM. Early check-in or late check-out is strictly subjected to availability and may be chargeable by the hotel. Any early check-in or late check-out request must be directed and reconfirmed with hotel directly Booking rates will not be valid for Christmas and New year dates, High season and long weekend dates  extra supplement will be charged over and above the paid rates as per actual and hotel discretion. Doctor on Call|Parking Facilities Available|Front Desk|Medical Assistance Available|Public Restrooms",
Camp Rafting masti,4.0,The standard check-in time is 12:00 PM and the standard check-out time is 11:00 AM. Early check-in or late check-out is strictly subjected to availability and may be chargeable by the hotel. Any early check-in or late check-out request must be directed and reconfirmed with hotel directly Laundry Service Available|Parking Facilities Available|Power Backup|Room Service (24 Hours)|Outdoor Parking - Secured|Parking Facility,
Camp Carnival,4.0,The standard check-in time is 02:00 PM and the standard check-out time is 12:00 PM. Early check-in or late check-out is strictly subjected to availability and may be chargeable by the hotel. Any early check-in or late check-out request must be directed and reconfirmed with hotel directly ,
Central Guest House,4.0,The standard check-in time is 12:00 PM and the standard check-out time is 12:00 PM. Early check-in or late check-out is strictly subjected to availability and may be chargeable by the hotel. Any early check-in or late check-out request must be directed and reconfirmed with hotel directly We do not allow unmarried / unrelated couples to checkin. This is at full discretion of the hotel management. No refund would be applicable in case the checkin is denied under such circumstances Doctor on Call|Laundry Service Available|Parking Facilities Available|Power Backup|Internet Access Free|Newspapers In Lobby|Room Service (24 Hours)|Fire Safety|Fire Exit Signs|First-Aid Kit at Front Desk,
Changlo Chen Hotel,4.0,"The standard check-in time is 12:00 PM and the standard check-out time is 12:00 PM. Early check-in or late check-out is strictly subjected to availability and may be chargeable by the hotel. Any early check-in or late check-out request must be directed and reconfirmed with hotel directly Doctor on Call|Laundry Service Available|Parking Facilities Available|Front Desk|Local Tour / Travel Desk|Major Credit Cards Accepted|Medical Assistance Available|Power Backup|Pick Up and Drop (Rly Station, Bus Stand, Temple)|Room Service (24 Hours)",
Chandys Windy Woods,4.0,The standard check-in time is 01:00 PM and the standard check-out time is 11:00 AM. Early check-in or late check-out is strictly subjected to availability and may be chargeable by the hotel. Any early check-in or late check-out request must be directed and reconfirmed with hotel directly Hotel may charge compulsory gala dinner supplement on Christmas / New Year's eve or other festive periods. Any such supplements need to be paid directly at the hotel. There will be a season hike for Oct/Nov/Dec on Room Tariff which needs to be paid directly to the hotel. Swimming Pool|Airport Transfer Available / Surcharge|Banquet Facilities|Barbecue Area|Business Center |Doctor on Call|Games Zone|Gift Shop |Internet Access - Surcharge|Laundry Service Available|Lobby|Non Smoking Rooms|Parking Facilities Available|Front Desk|Multi Cuisine Restaurant |Locker Facility|Spa On Site - Chargeable|Local Tour / Travel Desk|Major Credit Cards Accepted|24 Hour Front Desk|Luggage Storage|Welcome Drinks|Power Backup|Multi Lingual Staff|Wake-up Call / Service|Conference Facility |Food Facility|Internet Access Free|Room Service (24 Hours)|Parking Facility,
Chuppi homestay,4.0,"The standard check-in time is 12:00 PM and the standard check-out time is 12:00 PM. Early check-in or late check-out is strictly subjected to availability and may be chargeable by the hotel. Any early check-in or late check-out request must be directed and reconfirmed with hotel directly Booking rates will not be valid for Christmas and New year dates, High season and long weekend dates, extra supplement will be charged over and above the paid rates as per actual and hotel discretion. Doctor on Call|Parking Facility",
Blue Bay  Beach Resort,4.0,"The standard check-in time is 01:00 PM and the standard check-out time is 11:00 AM. Early check-in or late check-out is strictly subjected to availability and may be chargeable by the hotel. Any early check-in or late check-out request must be directed and reconfirmed with hotel directly Most hotels do not allow Bachelors to check-in. This is at full discretion of the hotel management. No refund would be applicable in case the hotel denies check-in under such circumstances . Booking rates will not be valid for Christmas  New year dates, High season  long weekend dates  extra supplement will be charged over  above the paid rates as per management discretion Limited Set Breakfast. Bar / Lounge |Parking Facilities Available|Front Desk|Multi Cuisine Restaurant |Local Tour / Travel Desk|Conference Facility |Room Service (24 Hours)",
Blue Moon Hotel,4.0,The standard check-in time is 10:00 AM and the standard check-out time is 09:00 AM. Early check-in or late check-out is strictly subjected to availability and may be chargeable by the hotel. Any early check-in or late check-out request must be directed and reconfirmed with hotel directly  Terms and Conditions: It is mandatory for guests to present valid photo identification at the time of check-in. and should carry hotel Booking Voucher at the time of check in. Unmarried Couples not allowed Banquet Facilities|Bar / Lounge |Doctor on Call|Laundry Service Available|Lift / Elevator|Lobby|Front Desk|Multi Cuisine Restaurant |Local Tour / Travel Desk|24 Hour Front Desk|Power Backup|Wedding Services Facility|Catering|Multi Lingual Staff|Kitchen available (home cook food on request)|Smoking Area |Vegetarian Food / Jain Food Available|Water Dispenser Available|Food Facility|Newspapers In Lobby|Room Service (24 Hours)|Party hall|Internet / Fax (Reception area only)|Outdoor Parking - Secured|Parking Facility,
Castle House Calangute,4.0,"The standard check-in time is 12:00 PM and the standard check-out time is 10:30 AM. Early check-in or late check-out is strictly subjected to availability and may be chargeable by the hotel. Any early check-in or late check-out request must be directed and reconfirmed with hotel directly Only couples, married or unmarried , Families  and college students  are allowed . others Do not  Book   please carry ID proof  with address . Swimming Pool|Airport Transfer Available / Surcharge|Bar / Lounge |Doctor on Call|Laundry Service Available|Lobby|Parking Facilities Available|Front Desk|Multi Cuisine Restaurant |Locker Facility|Local Tour / Travel Desk|Major Credit Cards Accepted|24 Hour Front Desk|Luggage Storage|Power Backup|Wake-up Call / Service|Separate Sitting Area|Disabled Friendly Rooms|Wheelchair Accessibility - Room|Pool Table|Open Air Restaurant / Dining |Internet Access Free|Newspapers In Lobby|RO Water Purification System|Internet Access|Room Service|Fire Safety|CCTV|First-Aid Kit at Front Desk|Full Time Operation for All 7 Days|Hotel Trading License|Pest Control Facility|Porter Services Available|Public Restrooms|Security at All Hotel Entrances",
Bharhka Countryside Cottage Resort,4.0,The standard check-in time is 12:00 PM and the standard check-out time is 12:00 PM. Early check-in or late check-out is strictly subjected to availability and may be chargeable by the hotel. Any early check-in or late check-out request must be directed and reconfirmed with hotel directly Early check-in and late-check -out may be possible subject to availability . We offer free parking facility for our guests.  Wi-Fi is available around the resort and is free of cost. Airport Transfer Available / Surcharge|Banquet Facilities|Bar / Lounge |Business Center |Doctor on Call|Laundry Service Available|Library|Lobby|Pets Allowed|Front Desk|Local Tour / Travel Desk|Major Credit Cards Accepted|24 Hour Front Desk|Luggage Storage|Welcome Drinks|Gardens|Suitable For Children|Conference Facility |Kitchen available (home cook food on request)|Multi - Line Phone|Picnic Area|Discotheque |Clubhouse|Safari|Skiing Facility Available|Smoking Area |Open Air Restaurant / Dining | Bike on Rent|Car Rental|Express Laundry|Water Dispenser Available|Taxi Services|Badminttion Court|Campfire / Bon Fire|Internet Access Free|Family Room|Room Service (24 Hours)| Cook Services|Party hall|Air / Rail Booking|Guide / Sightseeing Service|Laptop Available on Hire|Internet / Fax (Reception area only)|RO Water Purification System|Parking Facility|Restaurant|Room Service,
Casa 31,4.0,The standard check-in time is 12:00 PM and the standard check-out time is 12:00 PM. Early check-in or late check-out is strictly subjected to availability and may be chargeable by the hotel. Any early check-in or late check-out request must be directed and reconfirmed with hotel directly Government ID cards are mandatory during the time of check in. Doctor on Call|Parking Facilities Available|Front Desk|Power Backup|Gardens|Transfers Available|Internet Access Free|Room Service (24 Hours)|Outdoor Parking - Secured|Parking Facility|Room Service|First-Aid Kit at Front Desk|Public Restrooms|Speciality Restaurant,
Champions Yacht - Sea Breeze,4.0,The standard check-in time is 04:00 PM and the standard check-out time is 11:00 AM. Early check-in or late check-out is strictly subjected to availability and may be chargeable by the hotel. Any early check-in or late check-out request must be directed and reconfirmed with hotel directly We do not allow unmarried / unrelated couples to checkin.  This is at full discretion of the hotel management. No refund would be applicable in case the checkin is denied under such circumstances Doctor on Call|Lobby|Parking Facilities Available|Front Desk|Local Tour / Travel Desk|Major Credit Cards Accepted|24 Hour Front Desk|Medical Assistance Available,
Chahana homestay,4.0,The standard check-in time is 12:00 PM and the standard check-out time is 12:00 PM. Early check-in or late check-out is strictly subjected to availability and may be chargeable by the hotel. Any early check-in or late check-out request must be directed and reconfirmed with hotel directly Right to Admission Reserved Doctor on Call|Medical Assistance Available|Parking Facility,
CHIDAMBARA VILLAS,4.0,The standard check-in time is 12:00 PM and the standard check-out time is 12:00 PM. Early check-in or late check-out is strictly subjected to availability and may be chargeable by the hotel. Any early check-in or late check-out request must be directed and reconfirmed with hotel directly We do not allow unmarried / unrelated couples to checkin. This is at full discretion of the hotel management. No refund would be applicable in case the checkin is denied under such circumstances Doctor on Call|Parking Facilities Available|Front Desk|Parking Facility|First-Aid Kit at Front Desk,
BP VILLA,4.0,The standard check-in time is 12:00 PM and the standard check-out time is 12:00 PM. Early check-in or late check-out is strictly subjected to availability and may be chargeable by the hotel. Any early check-in or late check-out request must be directed and reconfirmed with hotel directly We do not allow unmarried / unrelated couples to checkin. This is at full discretion of the hotel management. No refund would be applicable in case the checkin is denied under such circumstances Doctor on Call|Parking Facilities Available|Front Desk|First-Aid Kit at Front Desk|Public Restrooms,
Bhandarkar Tourist Home,4.0,The standard check-in time is 12:00 PM and the standard check-out time is 12:00 PM. Early check-in or late check-out is strictly subjected to availability and may be chargeable by the hotel. Any early check-in or late check-out request must be directed and reconfirmed with hotel directly We do not allow unmarried / unrelated couples to checkin. This is at full discretion of the hotel management. No refund would be applicable in case the checkin is denied under such circumstances Doctor on Call|Non Smoking Rooms|Parking Facilities Available|Front Desk|24 Hour Front Desk|Veranda|Food Facility|Room Service (24 Hours)|RO Water Purification System|Outdoor Parking - Secured|Parking Facility|Room Service|Full Time Operation for All 7 Days,
BrightLand Hotel,4.0,"The standard check-in time is 12:00 PM and the standard check-out time is 12:00 PM. Early check-in or late check-out is strictly subjected to availability and may be chargeable by the hotel. Any early check-in or late check-out request must be directed and reconfirmed with hotel directly 1. The guest must present hard copy of Travel Agents voucher to the hotel while checkingin on arrival. Without Travel Agents voucher, check in will not be allowed. All foreign nationals must carry passport, visa and other travel documents in original as per govt. rules. 2. Accommodation will be booked on first come first reserved basis. 3. All reservations are subject to confirmation from the Hotel and confirmation will be issued irrevocably for the period specified and guests are liable for entire period irrespective of late arrival, early departure or No Show. 4. In case of cancellation  No Show, payment received will not be refunded   adjusted under any circumstances what so ever and the payment received by us will be treated as Reservation Fee  Retention Charges as the case may deem fit. 5. The hotel does not have car parking facility. Govt. car parking lots are nearby. 6. Hot water is supplied to the rooms from 7:00 am to 11:00 am and 6:00 pm to 8:00 pm only. 7. In case of any increase in statuary taxes by Govt., the difference in taxes shall be paid by the guest upon arrival. 8. Checkin   checkout time is 12:00 noon. Please note that if the guest reaches our hotel before 12:00 noon, accommodation will not be provided to the guest for early arrival and if the guest wishes to take accommodation, the guest will have to make full one days extra payment for early check-in as per Govt. rules, only possible if the accommodation is available at that time. 9. All the guests who have booking on CP  MAP meals as per our fixed menu will be provided. The guests who have their reservation on MAP are requested to place their order before 9:45 PM After 9:45 PM no order for dinner will be accepted. Our kitchen and room service closes at 10:30 PM Guests arriving late in the night after 9 :45 PM can take their dinner on the way. Hotel will provide lunch on next day in lieu of dinner. 10. In case of extra PAX adults children, we do not provide extra bed. Only extra bedding is provided on the floor with one mattress along with one bed sheet, pillow and blankets. Cots are not available. 11. Accommodation booked will be strictly provided as per the bed capacity fixed by HP Tourism Department. If the number of PAX adults children exceeds the bed capacity fixed by HP Tourism Department, extra PAX will be accommodated in separate accommodation on extra payment only possible if the accommodation is available at that time. 12. Rights of admission are reserved. 13. The hotel does not have electricity backup  generator as power cuts in Shimla are very rare and brief. 14. All disputes will be settled in Shimla Courts only whether by legal action or otherwise. 15. By making a booking the guest is deemed to accept all our reservation terms and conditions. Reservation of accommodation will be done strictly on the above terms and conditions only. Doctor on Call|Laundry Service Available|Lift / Elevator|Front Desk|Multi Cuisine Restaurant |Locker Facility|Local Tour / Travel Desk|Luggage Storage|Gardens|Vegetarian Food / Jain Food Available|Car Rental|Taxi Services|Food Facility|Guide / Sightseeing Service|Restaurant|Room Service",
Coconut creek,4.0,The standard check-in time is 01:00 PM and the standard check-out time is 12:00 PM. Early check-in or late check-out is strictly subjected to availability and may be chargeable by the hotel. Any early check-in or late check-out request must be directed and reconfirmed with hotel directly Compulsory Gala Dinner on 25th Dec Rs 3375 per adult and Rs1688 per child between 3 -12 years. Compulsory New year dinner Gala Dinner charges Rs 5344 and Rs 2672 per  child between 3 -12 years. Gala Dinner charges directly payable at the hotel Babysitting/ Child Care (surcharge)|Beauty Salon - on charge|Currency Exchange|Doctor on Call|Internet Access - Surcharge|Front Desk|Multi Cuisine Restaurant |Local Tour / Travel Desk|Major Credit Cards Accepted|24 Hour Front Desk|Welcome Drinks|Wake-up Call / Service|Pool Table| Bike on Rent|Car Rental|Express Laundry|Newspapers In Lobby|Yoga Hall / Classes|Airport Transfer Free,
Comfort Shelter Lodge,4.0,"The standard check-in time is 12:00 PM and the standard check-out time is 12:00 PM. Early check-in or late check-out is strictly subjected to availability and may be chargeable by the hotel. Any early check-in or late check-out request must be directed and reconfirmed with hotel directly ALL GUESTS ARE REQUIRED TO PRESENT PROPER PHOTO IDENTIFICATION UPON CHECK IN. The identity proof would include a valid Driving license/voter identity card/PAN card, etc. Valid Passport mandatory for all Foreign guests Airport Transfer Available / Surcharge|Doctor on Call|Internet Access - Surcharge|Laundry Service Available|Lobby|Parking Facilities Available|Front Desk|Multi Cuisine Restaurant |Local Tour / Travel Desk|Power Backup|Internet Access Free|Newspapers In Lobby|Parking Facility",
De Vivendi Resorts,4.0,The standard check-in time is 12:00 PM and the standard check-out time is 12:00 PM. Early check-in or late check-out is strictly subjected to availability and may be chargeable by the hotel. Any early check-in or late check-out request must be directed and reconfirmed with hotel directly Hotel may charge compulsory gala dinner supplement on Christmas / New Year's eve or other festive periods. Any such supplements need to be paid directly at the hotel. Airport Transfer Available / Surcharge|Bar / Lounge |Doctor on Call|Games Zone|Health Club / Gym Facility Available|Laundry Service Available|Lobby|Parking Facilities Available|Multi Cuisine Restaurant |Table Tennis|Local Tour / Travel Desk|Major Credit Cards Accepted|24 Hour Front Desk|Luggage Storage|Medical Assistance Available|Power Backup|Gardens|Wake-up Call / Service|Fitness Equipment|Conference Facility |Pool Table|Extra Person / Child - Share the same room|Express Laundry|Taxi Services|Mini Theatre|Food Facility|Newspapers In Lobby|Yoga Hall / Classes|Room Service (24 Hours)|RO Water Purification System|Parking Facility,
Cresent villa,4.0,The standard check-in time is 12:00 PM and the standard check-out time is 12:00 PM. Early check-in or late check-out is strictly subjected to availability and may be chargeable by the hotel. Any early check-in or late check-out request must be directed and reconfirmed with hotel directly 1.   not allowed unmarried couple 2.   not allowed local person 3.   not allowed room for drinking and gambling porpose. 4.   allow married couple if they show both i.d proof. Doctor on Call|Lobby|Front Desk|Air-Conditioning - Central,
CLUB HOMESTAY,4.0,The standard check-in time is 12:00 PM and the standard check-out time is 12:00 PM. Early check-in or late check-out is strictly subjected to availability and may be chargeable by the hotel. Any early check-in or late check-out request must be directed and reconfirmed with hotel directly We do not allow unmarried / unrelated couples to checkin. This is at full discretion of the hotel management. No refund would be applicable in case the checkin is denied under such circumstances Lobby|Parking Facilities Available|Front Desk|Local Tour / Travel Desk|24 Hour Front Desk|Luggage Storage|Medical Assistance Available,
Cold Desert Camp,4.0,The standard check-in time is 12:00 PM and the standard check-out time is 12:00 PM. Early check-in or late check-out is strictly subjected to availability and may be chargeable by the hotel. Any early check-in or late check-out request must be directed and reconfirmed with hotel directly Hotel may charge compulsory gala dinner supplement on Christmas / New Year's eve or other festive periods. Any such supplements need to be paid directly at the hotel. Currency Exchange|Doctor on Call|Laundry Service Available|Parking Facilities Available|Multi Cuisine Restaurant |Local Tour / Travel Desk|Gardens|Wake-up Call / Service|Nature Walk| Bike on Rent|Vegetarian Food / Jain Food Available|Car Rental|Oxygen Cylinder (on request)|Taxi Services|Campfire / Bon Fire|Parking Facility|Restaurant|Room Service|Paid Transfers,
Dakkhan Lodging,4.0,The standard check-in time is 12:00 PM and the standard check-out time is 12:00 PM. Early check-in or late check-out is strictly subjected to availability and may be chargeable by the hotel. Any early check-in or late check-out request must be directed and reconfirmed with hotel directly The standard check-in time is 12:00 PM and the standard check-out time is 12:00 PM. Early check-in or late check-out is strictly subject to availability and may be chargeable by the hotel Child Tariff and Policy - 0-6 years without bed complimentary Laundry Service Available|Lift / Elevator|Parking Facilities Available|Front Desk|Multi Cuisine Restaurant |Parking Facility|Room Service,
Colonial De Braganza Apartment,4.0,The standard check-in time is 12:00 PM and the standard check-out time is 10:00 AM. Early check-in or late check-out is strictly subjected to availability and may be chargeable by the hotel. Any early check-in or late check-out request must be directed and reconfirmed with hotel directly Swimming Pool|Airport Transfer Available / Surcharge|Currency Exchange|Doctor on Call|Local Tour / Travel Desk|Major Credit Cards Accepted|Veranda| Bike on Rent|Car Rental|Food Facility|Family Room|Parking (Surcharge)| Cook Services|Room Service,
Cost Gama Homestay,4.0,The standard check-in time is 02:00 PM and the standard check-out time is 12:00 PM. Early check-in or late check-out is strictly subjected to availability and may be chargeable by the hotel. Any early check-in or late check-out request must be directed and reconfirmed with hotel directly Like the policy for : We do not allow unmarried / unrelated couples to checkin. This is at full discretion of the hotel management. No refund would be applicable in case the checkin is denied under such circumstances Doctor on Call|Parking Facilities Available|Front Desk|Local Tour / Travel Desk|Medical Assistance Available,
Denissions Hotel,4.0,The standard check-in time is 12:00 PM and the standard check-out time is 12:00 PM. Early check-in or late check-out is strictly subjected to availability and may be chargeable by the hotel. Any early check-in or late check-out request must be directed and reconfirmed with hotel directly Swimming Pool|Airport Transfer Available / Surcharge|Banquet Facilities|Bar / Lounge |Business Center |Health Club / Gym Facility Available|Laundry Service Available|Parking Facilities Available|Front Desk|Multi Cuisine Restaurant |Spa On Site - Chargeable|24 Hour Front Desk|Medical Assistance Available|Welcome Drinks|Power Backup|Conference Facility |Fax Machine|Board Room|Internet Access Free|Newspapers In Lobby|Room Service (24 Hours),
Comfort Inn Sunset,4.0,The standard check-in time is 09:00 AM and the standard check-out time is 09:00 AM. Early check-in or late check-out is strictly subjected to availability and may be chargeable by the hotel. Any early check-in or late check-out request must be directed and reconfirmed with hotel directly Hotel may charge compulsory gala dinner supplement on Christmas / New Year's eve or other festive periods. Any such supplements need to be paid directly at the hotel. Airport Transfer Available / Surcharge|Babysitting/ Child Care (surcharge)|Banquet Facilities|Business Center |Concierge|Currency Exchange|Disabled Friendly Facilities |Doctor on Call|Dry Cleaning|Health Club / Gym Facility Available|Internet Access - Surcharge|Laundry Service Available|Lift / Elevator|Lobby|Non Smoking Rooms|Parking Facilities Available|Front Desk|Multi Cuisine Restaurant |Locker Facility|Secretarial Services|Spa On Site - Chargeable|Local Tour / Travel Desk|Valet service|Major Credit Cards Accepted|24 Hour Front Desk|Luggage Storage|Doorman|Medical Assistance Available|Air-Conditioning - Central|Power Backup|Express Check-In / Check-Out|Audio - Visual Equipment|Computer Rental|Wedding Services Facility|Exhibit Space|Wake-up Call / Service|Fitness Equipment|Separate Sitting Area|Coffee Shop / Cafe|Conference Facility |Smoking Rooms|Disabled Friendly Rooms|Fax Machine|Electronic / Magnetic Keys|Wheelchair Accessibility - Room|Massage Services |Village Visit ( Chargeable )|Car Rental|Express Laundry|Taxi Services|Board Room| Drivers Rest Room|Newspapers In Lobby|Postal / Parcel Services|Room Service (24 Hours)|Spa Services Nearby|Party hall|STD / ISD|Baggage Room|Courier Service|Internet / Fax (Reception area only)|Adjoining Rooms|Courtesy Coach|RO Water Purification System|Airport Transfer Free|Outdoor Parking - Secured|Parking Facility|Internet Access|Restaurant|Room Service|Fire Safety|Anti-Slip Ramps|CCTV|Fire Exit Signs|First-Aid Kit at Front Desk|Metal Detectors|Pest Control Facility|Public Restrooms|Smoke Detector|Stamps and Mailing Facility|Suites,
Coorg berry lane,4.0,The standard check-in time is 12:00 PM and the standard check-out time is 12:00 PM. Early check-in or late check-out is strictly subjected to availability and may be chargeable by the hotel. Any early check-in or late check-out request must be directed and reconfirmed with hotel directly Doctor on Call|Power Backup|Guide / Sightseeing Service,
"Cradle of Life,High Bank",4.0,"The standard check-in time is 12:00 PM and the standard check-out time is 10:00 AM. Early check-in or late check-out is strictly subjected to availability and may be chargeable by the hotel. Any early check-in or late check-out request must be directed and reconfirmed with hotel directly Parking at owner's risk. Camp will not take any responsibility for the lost of any valuable items like money, Jewelry and etc. It will be at owner's risk. Library|Non Smoking Rooms|Front Desk|Multi Cuisine Restaurant |Non Smoking Hotel|24 Hour Front Desk|Welcome Drinks|Multi Lingual Staff|Wake-up Call / Service|Wheelchair Accessibility - Room|Nature Walk|In House Events |Vegetarian Food / Jain Food Available|Village Visit ( Chargeable )|Water Dispenser Available|Campfire / Bon Fire|Food Facility|Baggage Room",
COORG GIRINIVAS-A BUDGET HOMESTAY IN MADIKERI,4.0,"The standard check-in time is 01:00 PM and the standard check-out time is 11:00 AM. Early check-in or late check-out is strictly subjected to availability and may be chargeable by the hotel. Any early check-in or late check-out request must be directed and reconfirmed with hotel directly GUESTS ARE REQUESTED TO WIND UP PARTYING IF ANY, BY 10 PM (NO LOUD MUSIC AND LOUD VOICE AFTER 10 PM PLEASE).  ONLY RESPONSIBLE ALCOHOL CONSUMPTION IS ALLOWED.  WE NEED TO MAKE SURE WE DO NOT DISTURB THE NEIGHBORS.  ID PROOF NEEDED AT CHECKIN. Parking Facilities Available|Power Backup|Suitable For Children|Smoking Area |Taxi Services|Outdoor Parking - Secured|Parking Facility",
D.S Inn,4.0,The standard check-in time is 12:00 PM and the standard check-out time is 10:00 AM. Early check-in or late check-out is strictly subjected to availability and may be chargeable by the hotel. Any early check-in or late check-out request must be directed and reconfirmed with hotel directly Government ID cards are mandatory during the time of check in. Doctor on Call|Parking Facilities Available|Front Desk|Luggage Storage|Doorman|Internet Access Free|Baggage Room|Outdoor Parking - Secured|Parking Facility|Room Service|First-Aid Kit at Front Desk,
"Clarks Inn, Kailash Colony",4.0,The standard check-in time is 12:00 PM and the standard check-out time is 12:00 PM. Early check-in or late check-out is strictly subjected to availability and may be chargeable by the hotel. Any early check-in or late check-out request must be directed and reconfirmed with hotel directly Terms and Conditions: 1.	Valid ID proof is required at the time of Check/In. 2.	Hotel can refuse to take un married couples with no refund once the booking is made. 3.	Local ID will not be allowed to Check/In. Kindly furnish the Government Address Proof at the time of checkin. as per Delhi Police notification Room accommodation is not Valid for the guest who have Delhi and NCR address proof. hotel may refuse to offer room to unmarried couples only . Banquet Facilities|Currency Exchange|Doctor on Call|Internet Access - Surcharge|Laundry Service Available|Multi Cuisine Restaurant |Locker Facility|Local Tour / Travel Desk|Major Credit Cards Accepted|Conference Facility,
Dev Villa,4.0,The standard check-in time is 12:00 PM and the standard check-out time is 10:00 AM. Early check-in or late check-out is strictly subjected to availability and may be chargeable by the hotel. Any early check-in or late check-out request must be directed and reconfirmed with hotel directly Airport Transfer Available / Surcharge|Banquet Facilities|Concierge|Doctor on Call|Dry Cleaning|Laundry Service Available|Lobby|Non Smoking Rooms|Parking Facilities Available|Front Desk|Non Smoking Hotel|Local Tour / Travel Desk|Major Credit Cards Accepted|Luggage Storage|Power Backup|Wake-up Call / Service|Kitchen available (home cook food on request)|Open Air Restaurant / Dining |Veg / Non Veg Kitchens Separate |Taxi Services|Food Facility|Newspapers In Lobby|Guide / Sightseeing Service|Outdoor Parking - Secured|Parking Facility|Room Service,
Comfort zone,4.0,"The standard check-in time is 12:00 PM and the standard check-out time is 11:00 AM. Early check-in or late check-out is strictly subjected to availability and may be chargeable by the hotel. Any early check-in or late check-out request must be directed and reconfirmed with hotel directly Check-in check-out 12 noon, but if couple   checks in early can stay in the rest room till previous guest vacates and we get the room spic and span. Doctor on Call|Laundry Service Available|Lobby|Parking Facilities Available|Pets Allowed|Locker Facility|Local Tour / Travel Desk|Valet service|24 Hour Front Desk|Luggage Storage|Medical Assistance Available|Power Backup|Express Check-In / Check-Out|Gardens|Computer Rental|Multi Lingual Staff|Wake-up Call / Service|Suitable For Children|Separate Sitting Area|Smoking Rooms|Kitchen available (home cook food on request)|Massage Services |Pick Up and Drop (Rly Station, Bus Stand, Temple)|Nature Walk|Smoking Area |Veranda| Bike on Rent|Vegetarian Food / Jain Food Available|Extra Person / Child - Share the same room|Village Visit ( Chargeable )|Car Rental|Kids Play Zone|Self Check - In|Taxi Services|City Shuttle Service|Food Facility| Drivers Rest Room|Newspapers In Lobby|Postal / Parcel Services|Family Room|Room Service (24 Hours)| Cook Services|Baggage Room|Guide / Sightseeing Service|Adjoining Rooms|RO Water Purification System|Outdoor Parking - Secured|Outdoor Parking - Non Secured|Parking Facility",
Coral Lake resort,4.0,The standard check-in time is 12:00 PM and the standard check-out time is 10:00 AM. Early check-in or late check-out is strictly subjected to availability and may be chargeable by the hotel. Any early check-in or late check-out request must be directed and reconfirmed with hotel directly ID Cards Are mandatory at the time of check in. Swimming Pool|Doctor on Call|Games Zone|Parking Facilities Available|Front Desk|Multi Cuisine Restaurant |Locker Facility|Table Tennis|Luggage Storage|Doorman|Welcome Drinks|Power Backup|Gardens|Pool Table|Vegetarian Food / Jain Food Available|Badminttion Court|Baggage Room|Adjoining Rooms|Outdoor Parking - Secured|Parking Facility|Room Service|First-Aid Kit at Front Desk,
De Rock,4.0,The standard check-in time is 12:00 PM and the standard check-out time is 11:00 AM. Early check-in or late check-out is strictly subjected to availability and may be chargeable by the hotel. Any early check-in or late check-out request must be directed and reconfirmed with hotel directly Basketball Court |Gift Shop |Health Club / Gym Facility Available|Library|Parking Facilities Available|Multi Cuisine Restaurant |Table Tennis|24 Hour Front Desk|Fitness Equipment|Conference Facility |Pool Table|Safari|Badminttion Court|Food Facility|Room Service (24 Hours)|Guide / Sightseeing Service|Parking Facility,
Dev Hotel,4.0,The standard check-in time is 12:00 PM and the standard check-out time is 12:00 PM. Early check-in or late check-out is strictly subjected to availability and may be chargeable by the hotel. Any early check-in or late check-out request must be directed and reconfirmed with hotel directly Hotel may charge compulsory gala dinner supplement on Christmas / New Year's eve or other festive periods. Any such supplements need to be paid directly at the hotel. Doctor on Call|Internet Access - Surcharge|Laundry Service Available|Parking Facilities Available|Front Desk|Multi Cuisine Restaurant |Locker Facility|24 Hour Front Desk|Power Backup|Conference Facility |Food Facility| Drivers Rest Room|Newspapers In Lobby|Room Service (24 Hours)| Cook Services|Baggage Room|Airport Transfer Free|Parking Facility,
Dayal Regency Manesar,4.0,The standard check-in time is 12:00 PM and the standard check-out time is 12:00 PM. Early check-in or late check-out is strictly subjected to availability and may be chargeable by the hotel. Any early check-in or late check-out request must be directed and reconfirmed with hotel directly Swimming Pool|Banquet Facilities|Doctor on Call|Dry Cleaning|Laundry Service Available|Lift / Elevator|Lobby|Parking Facilities Available|Multi Cuisine Restaurant |Local Tour / Travel Desk|Parking Facility,
Dandeli Kingfisher Jungle Stay,4.0,The standard check-in time is 12:00 PM and the standard check-out time is 12:00 PM. Early check-in or late check-out is strictly subjected to availability and may be chargeable by the hotel. Any early check-in or late check-out request must be directed and reconfirmed with hotel directly We do not allow unmarried / unrelated couples to checkin. This is at full discretion of the hotel management. No refund would be applicable in case the checkin is denied under such circumstances Doctor on Call|Lobby|Parking Facilities Available|Front Desk|Local Tour / Travel Desk|24 Hour Front Desk|Power Backup|Room Service (24 Hours)|First-Aid Kit at Front Desk,
Desert Safariors Camp,4.0,The standard check-in time is 02:30 PM and the standard check-out time is 10:00 AM. Early check-in or late check-out is strictly subjected to availability and may be chargeable by the hotel. Any early check-in or late check-out request must be directed and reconfirmed with hotel directly Check in- 2:30 Pm onwards Checkout : 10:00 Am Booking will be confirmed after 100% advance in Hotel Bank Account. Airport Transfer Available / Surcharge|Banquet Facilities|Bar / Lounge |Currency Exchange|Doctor on Call|Laundry Service Available|Night Club|Non Smoking Rooms|Parking Facilities Available|Pets Allowed|Front Desk|Multi Cuisine Restaurant |Locker Facility|Non Smoking Hotel|Local Tour / Travel Desk|Hookah Lounge|Major Credit Cards Accepted|24 Hour Front Desk|Luggage Storage|Power Backup|Express Check-In / Check-Out|Gardens|Wedding Services Facility|Dance Performances (on demand)|Wake-up Call / Service|Suitable For Children|Separate Sitting Area|Fire Place Available |Safari|Camel Ride|Open Air Restaurant / Dining |Transfers Available| Bike on Rent|In House Events |Vegetarian Food / Jain Food Available|Extra Person / Child - Share the same room|Village Visit ( Chargeable )|Car Rental|Kids Play Zone|Taxi Services|Campfire / Bon Fire|Food Facility|Children's Park|Family Room|Party hall|Baggage Room|Guide / Sightseeing Service|Parking Facility|Restaurant|Ayurvedic Facilities |Fire Safety,
Club Mahindra Kumarakom,4.0,"The standard check-in time is 02:00 PM and the standard check-out time is 10:00 AM. Early check-in or late check-out is strictly subjected to availability and may be chargeable by the hotel. Any early check-in or late check-out request must be directed and reconfirmed with hotel directly As per the Government directives it is Mandatory for all the guest Foreign Nationals , NRI and Indian National to show their Photo ID proof at the time of Check In which can be in form of Passport and Visa Copy, Driving License, PAN Card , Voter ID Card , failing which the hotel reserves the right of refusal.In case of Foreign National and NRI passport and VISA is required. ",
Dev Lok International,4.0,The standard check-in time is 12:00 PM and the standard check-out time is 12:00 PM. Early check-in or late check-out is strictly subjected to availability and may be chargeable by the hotel. Any early check-in or late check-out request must be directed and reconfirmed with hotel directly guest house respects the privacy of all its customer and business partners. Arrival and Departure policy as below :-  Check in and Check out - 1200 Hours  Early in Check and Late Check out Subjected to availability. Business Center |Doctor on Call|Laundry Service Available|Parking Facilities Available|Front Desk|24 Hour Front Desk|Medical Assistance Available|Suitable For Children|Food Facility|Room Service|Full Time Operation for All 7 Days|Public Restrooms,
Clara Hotels,4.0,"The standard check-in time is 12:00 PM and the standard check-out time is 11:00 AM. Early check-in or late check-out is strictly subjected to availability and may be chargeable by the hotel. Any early check-in or late check-out request must be directed and reconfirmed with hotel directly Booking rates will not be valid for Christmas and New year dates, High season and long weekend dates , extra supplement will be charged over and above the paid rates as per actual and hotel discretion Doctor on Call|Parking Facilities Available|Locker Facility|24 Hour Front Desk|Newspapers In Lobby|Children's Park|Room Service (24 Hours)|Outdoor Parking - Secured|Parking Facility|Internet Access|Room Service|Fire Safety|CCTV|Fire Exit Signs",
Cuba Agonda,4.0,"The standard check-in time is 12:00 PM and the standard check-out time is 10:00 AM. Early check-in or late check-out is strictly subjected to availability and may be chargeable by the hotel. Any early check-in or late check-out request must be directed and reconfirmed with hotel directly Airport Transfer Available / Surcharge|Bar / Lounge |Locker Facility|Local Tour / Travel Desk|Gardens|Pick Up and Drop (Rly Station, Bus Stand, Temple)| Bike on Rent|Car Rental|Yoga Hall / Classes|Guide / Sightseeing Service|Restaurant|Room Service",
Crown Plaza,4.0,"The standard check-in time is 12:00 PM and the standard check-out time is 12:00 PM. Early check-in or late check-out is strictly subjected to availability and may be chargeable by the hotel. Any early check-in or late check-out request must be directed and reconfirmed with hotel directly Early check-in / late check-out are subject to availability of rooms. Check-in / Check-out time is 12 noon. Aforesaid rates are per night, EP/CP basis and net non commissionable. Extension of stay is subject to availability of rooms. Doctor on Call|Parking Facilities Available|24 Hour Front Desk|Power Backup|Food Facility|Newspapers In Lobby|STD / ISD|RO Water Purification System|Internet Access",
Cube @ Medanta,4.0,The standard check-in time is 02:00 PM and the standard check-out time is 12:00 PM. Early check-in or late check-out is strictly subjected to availability and may be chargeable by the hotel. Any early check-in or late check-out request must be directed and reconfirmed with hotel directly Internet Access - Surcharge|Laundry Service Available|Lift / Elevator|Front Desk|Power Backup|Outdoor Parking - Secured|Parking Facility,
Dean Dale Cottage,4.0,"The standard check-in time is 12:00 PM and the standard check-out time is 12:00 PM. Early check-in or late check-out is strictly subjected to availability and may be chargeable by the hotel. Any early check-in or late check-out request must be directed and reconfirmed with hotel directly We do not allow unmarried / unrelated couples to checkin. This is at full discretion of the hotel management. No refund would be applicable in case the checkin is denied under such circumstances. It is mandatory for guests to present valid photo identification at the time of check-in. According to government regulations, a valid Photo ID has to be carried by every person above the age of 18 staying at the hotel. The identification proofs accepted are Driving License, Voter ID Card, and Passport. Without valid ID the guest will not be allowed to check-in. Hotel may charge compulsory gala dinner supplement on Christmas / New Year's eve or other festive periods. Any such supplements need to be paid directly at the hotel. Doctor on Call|Lobby|Non Smoking Rooms|Parking Facilities Available|Front Desk|Local Tour / Travel Desk|Medical Assistance Available|Power Backup|Fire Place Available |Parking Facility|Room Service|Fire Safety|Fire Exit Signs|First-Aid Kit at Front Desk",
Club Kensville Golf Resort,4.0,The standard check-in time is 01:00 PM and the standard check-out time is 11:00 AM. Early check-in or late check-out is strictly subjected to availability and may be chargeable by the hotel. Any early check-in or late check-out request must be directed and reconfirmed with hotel directly Check in 1300 Hrs - Check out 1100 Hrs.  Booking confirmation on 100% advance payment only. The rooms are subject to availability at the time of confirming the booking. The hotel reserves the right to change the rate a Swimming Pool|Banquet Facilities|Basketball Court |Billiards|Business Center |Concierge|Disabled Friendly Facilities |Dry Cleaning|Games Zone|Golf Course|Health Club / Gym Facility Available|Internet Access - Surcharge|Laundry Service Available|Lobby|Non Smoking Rooms|Parking Facilities Available|Front Desk|Multi Cuisine Restaurant |Locker Facility|Non Smoking Hotel|Spa On Site - Chargeable|Squash court|Table Tennis|Tennis Court|Major Credit Cards Accepted|24 Hour Front Desk|Luggage Storage|Doorman|Medical Assistance Available|Air-Conditioning - Central|Welcome Drinks|Power Backup|Express Check-In / Check-Out|Gardens|Audio - Visual Equipment|Wedding Services Facility|Catering|Wake-up Call / Service|Fitness Equipment|Suitable For Children|Coffee Shop / Cafe|Conference Facility |Kitchen available (home cook food on request)|Electronic / Magnetic Keys|Fire Place Available |Free Local Calls|Picnic Area|Wheelchair Accessibility - Room|Pool Table|Massage Services |Clubhouse|Open Air Restaurant / Dining | Bike on Rent|In House Events |Vegetarian Food / Jain Food Available|Extra Person / Child - Share the same room|Village Visit ( Chargeable )|Express Laundry|Kids Play Zone|Oxygen Cylinder (on request)|Meditation Room|Badminttion Court|Board Room|Karaoke |Rooftop Garden|Food Facility| Drivers Rest Room|Newspapers In Lobby|Yoga Hall / Classes|Children's Park|Family Room|Room Service (24 Hours)|Spa Services Nearby|Party hall|Spa Services Onsite - Free|STD / ISD|Baggage Room|Laptop Available on Hire|Internet / Fax (Reception area only)|RO Water Purification System|Outdoor Parking - Secured|Parking Facility|Internet Access|Restaurant|Room Service|Ayurvedic Facilities |Trekking|Fire Safety|Recreation Zone|CCTV|First-Aid Kit at Front Desk|Pest Control Facility|Public Restrooms|Security at All Hotel Entrances|Smoke Detector|Suites,
Desert Haveli Guest House,4.0,"The standard check-in time is 12:00 PM and the standard check-out time is 09:00 AM. Early check-in or late check-out is strictly subjected to availability and may be chargeable by the hotel. Any early check-in or late check-out request must be directed and reconfirmed with hotel directly  peace be maintained in room,T.V. be used up to reasonable sound level. alcohol  drinking not allowed, also drunk not allowed to stay in hotel,food eating in room  are not allowed . pates are not allowed in the hotel. original photo Id is must, Laundry Service Available|Front Desk|Multi Cuisine Restaurant |Internet Access Free|Room Service (24 Hours)",
Coorg Live in  Estate stay,4.0,"The standard check-in time is 12:00 PM and the standard check-out time is 12:00 PM. Early check-in or late check-out is strictly subjected to availability and may be chargeable by the hotel. Any early check-in or late check-out request must be directed and reconfirmed with hotel directly Hotel may charge on compulsory gala dinner supplement on Christmas / New Year's eve or other festive periods. Any such supplements need to be paid directly at the hotel. Doctor on Call|Dry Cleaning|Golf Course|Internet Access - Surcharge|Parking Facilities Available|Front Desk|Locker Facility|24 Hour Front Desk|Luggage Storage|Welcome Drinks|Power Backup|Gardens|Conference Facility |Kitchen available (home cook food on request)|Cell Phone Rental|Pick Up and Drop (Rly Station, Bus Stand, Temple)|Veranda|Transfers Available| Bike on Rent|Car Rental|Taxi Services|Campfire / Bon Fire|Food Facility|Newspapers In Lobby|Children's Park|Family Room|Room Service (24 Hours)|Parking (Surcharge)|Parking Facility|Room Service",
Clarks Inn,4.0,The standard check-in time is 12:00 PM and the standard check-out time is 11:00 AM. Early check-in or late check-out is strictly subjected to availability and may be chargeable by the hotel. Any early check-in or late check-out request must be directed and reconfirmed with hotel directly ID cards are mandatory during the time check in. Doctor on Call|Front Desk|Room Service (24 Hours)|Room Service|First-Aid Kit at Front Desk|Public Restrooms,
Club Mahindra Puducherry,4.0,The standard check-in time is 02:00 PM and the standard check-out time is 10:00 AM. Early check-in or late check-out is strictly subjected to availability and may be chargeable by the hotel. Any early check-in or late check-out request must be directed and reconfirmed with hotel directly If Cancelled Before 31 days it will be Full Refund        If cancelled from 31 days to 15 Days it will be 50% Refund If cancelled from 14 days to day of arrival or No Show it will be NO Refund Swimming Pool|Banquet Facilities|Bar / Lounge |Business Center |Disabled Friendly Facilities |Doctor on Call|Dry Cleaning|Laundry Service Available|Front Desk|Multi Cuisine Restaurant |Locker Facility|Gardens|Conference Facility |Smoking Area |Room Service,
Colors Apart Hotel,4.0,The standard check-in time is 12:00 PM and the standard check-out time is 12:00 PM. Early check-in or late check-out is strictly subjected to availability and may be chargeable by the hotel. Any early check-in or late check-out request must be directed and reconfirmed with hotel directly Internet Access - Surcharge|Laundry Service Available|Lift / Elevator|Lobby|Non Smoking Rooms|Parking Facilities Available|Pets Allowed|Front Desk|Multi Cuisine Restaurant |Locker Facility|Secretarial Services|Non Smoking Hotel|Fitness Equipment|Parking Facility|Internet Access|Restaurant|Room Service,
Country Inn and Suites By Carlson Amritsar,4.0,The standard check-in time is 02:00 PM and the standard check-out time is 11:00 AM. Early check-in or late check-out is strictly subjected to availability and may be chargeable by the hotel. Any early check-in or late check-out request must be directed and reconfirmed with hotel directly 02 Children upto the age of 5 are complimentary in the room (without extra bed) Swimming Pool|Airport Transfer Available / Surcharge|Banquet Facilities|Bar / Lounge |Business Center |Doctor on Call|Health Club / Gym Facility Available|Internet Access - Surcharge|Laundry Service Available|Lift / Elevator|Front Desk|Room Service (24 Hours)|Parking Facility,
Clarem Guest House,4.0,The standard check-in time is 12:00 PM and the standard check-out time is 11:30 AM. Early check-in or late check-out is strictly subjected to availability and may be chargeable by the hotel. Any early check-in or late check-out request must be directed and reconfirmed with hotel directly Hotel may charge compulsory gala dinner supplement on Christmas / New Year's eve or other festive periods. Any such supplements need to be paid directly at the hotel. ,
Club Mahindra Corbett,4.0,The standard check-in time is 02:00 PM and the standard check-out time is 10:00 AM. Early check-in or late check-out is strictly subjected to availability and may be chargeable by the hotel. Any early check-in or late check-out request must be directed and reconfirmed with hotel directly Swimming Pool|Business Center |Currency Exchange|Doctor on Call|Dry Cleaning|Games Zone|Health Club / Gym Facility Available|Laundry Service Available|Lobby|Parking Facilities Available|Front Desk|Multi Cuisine Restaurant |Spa On Site - Chargeable|Major Credit Cards Accepted|24 Hour Front Desk|Welcome Drinks|Power Backup|Conference Facility |Food Facility|Newspapers In Lobby|Room Service (24 Hours)|Parking Facility,
Country Tavern,4.0,"The standard check-in time is 12:00 PM and the standard check-out time is 12:00 PM. Early check-in or late check-out is strictly subjected to availability and may be chargeable by the hotel. Any early check-in or late check-out request must be directed and reconfirmed with hotel directly ALL GUESTS ARE REQUIRED TO PRESENT PROPER PHOTO IDENTIFICATION UPON CHECK IN. 2.The identity proof would include a valid Driving license/voter identity card/PAN card, etc. Valid Passport mandatory for all Foreign guests. 3.Booking rates will not be valid for Christmas and New year dates High season and long weekend dates extra supplement will be charged over and above the paid rates as per actual and hotel discretion. Barbecue Area|Laundry Service Available|Parking Facilities Available|Multi Cuisine Restaurant |Gardens|Kitchen available (home cook food on request)|Veranda|Open Air Restaurant / Dining |Campfire / Bon Fire|Newspapers In Lobby|Room Service (24 Hours)|Outdoor Parking - Secured|Parking Facility|Restaurant",
Damysharina Guest House,4.0,The standard check-in time is 11:00 AM and the standard check-out time is 10:00 AM. Early check-in or late check-out is strictly subjected to availability and may be chargeable by the hotel. Any early check-in or late check-out request must be directed and reconfirmed with hotel directly Original Id prof is required before check in Airport Transfer Available / Surcharge|Doctor on Call|Laundry Service Available|Lobby|Parking Facilities Available|Front Desk|Multi Cuisine Restaurant |Gardens|Suitable For Children|Separate Sitting Area|Coffee Shop / Cafe|Smoking Rooms|ATM / Banking|Smoking Area |Extra Person / Child - Share the same room|Taxi Services|Food Facility|Newspapers In Lobby|Family Room|Spa Services Nearby|Parking Facility|Restaurant|Room Service,
Corbett Blue Sky Resort (A Unit of Orawar Hotels &amp; Resorts),4.0,"The standard check-in time is 12:00 PM and the standard check-out time is 12:00 PM. Early check-in or late check-out is strictly subjected to availability and may be chargeable by the hotel. Any early check-in or late check-out request must be directed and reconfirmed with hotel directly **** Compulsory Supplement Charges to be Paid **** Mandatory New Year Gala Dinner Charges on 31st Dec at Rs.3500  per person and INR 1750/- per adult (above 11 years) and INR 1200/- per child (age 7 to 11 years),to be paid at the hotel directly at the time of check in. Swimming Pool|Banquet Facilities|Doctor on Call|Health Club / Gym Facility Available|Laundry Service Available|Parking Facilities Available|Front Desk|Multi Cuisine Restaurant |Table Tennis|Local Tour / Travel Desk|Major Credit Cards Accepted|24 Hour Front Desk|Power Backup|Wedding Services Facility|Wake-up Call / Service|Pool Table|Safari|Badminttion Court|Internet Access Free|Room Service (24 Hours)|Party hall|Baggage Room|Parking Facility",
Desert Safari Camps,4.0,The standard check-in time is 03:00 AM and the standard check-out time is 11:00 AM. Early check-in or late check-out is strictly subjected to availability and may be chargeable by the hotel. Any early check-in or late check-out request must be directed and reconfirmed with hotel directly Parking Facilities Available|Hookah Lounge|Gardens|Dance Performances (on demand)|Conference Facility |Kitchen available (home cook food on request)|Veg / Non Veg Kitchens Separate |Vegetarian Food / Jain Food Available|Car Rental|Food Facility|Air / Rail Booking|Guide / Sightseeing Service|Courtesy Coach|Parking Facility,
Country Spa Kuteeram,4.0,The standard check-in time is 12:00 PM and the standard check-out time is 12:00 PM. Early check-in or late check-out is strictly subjected to availability and may be chargeable by the hotel. Any early check-in or late check-out request must be directed and reconfirmed with hotel directly Doctor on Call|Laundry Service Available|Lobby|Parking Facilities Available|Food Facility,
Delhi Bed and Breakfast,4.0,The standard check-in time is 12:00 PM and the standard check-out time is 12:00 PM. Early check-in or late check-out is strictly subjected to availability and may be chargeable by the hotel. Any early check-in or late check-out request must be directed and reconfirmed with hotel directly Beauty Salon - on charge|Billiards|Bowling|Business Center,
Country Inn By Carlson Indore,4.0,The standard check-in time is 12:00 PM and the standard check-out time is 12:00 PM. Early check-in or late check-out is strictly subjected to availability and may be chargeable by the hotel. Any early check-in or late check-out request must be directed and reconfirmed with hotel directly Guest has to carry valid ID proof and has to present that at time of  Check-In. Banquet Facilities|Bar / Lounge |Business Center |Health Club / Gym Facility Available|Multi Cuisine Restaurant |Open Air Restaurant / Dining |Internet Access Free|Newspapers In Lobby,
Clarks INN Suite,4.0,The standard check-in time is 02:00 PM and the standard check-out time is 12:00 PM. Early check-in or late check-out is strictly subjected to availability and may be chargeable by the hotel. Any early check-in or late check-out request must be directed and reconfirmed with hotel directly Government ID cards are mandatory during the time of check in. Health Club / Gym Facility Available|Front Desk|Multi Cuisine Restaurant |24 Hour Front Desk|Power Backup|Room Service (24 Hours)|Restaurant|Room Service|First-Aid Kit at Front Desk|Public Restrooms,
Coffee Tranquil Homestay,4.0,The standard check-in time is 02:00 PM and the standard check-out time is 12:00 PM. Early check-in or late check-out is strictly subjected to availability and may be chargeable by the hotel. Any early check-in or late check-out request must be directed and reconfirmed with hotel directly We do not allow unmarried / unrelated couples to checkin. This is at full discretion of the hotel management. No refund would be applicable in case the checkin is denied under such circumstances Doctor on Call|Parking Facilities Available|Front Desk|24 Hour Front Desk|Internet Access Free|Newspapers In Lobby|Room Service (24 Hours)|Parking Facility|Internet Access|Room Service|Fire Safety|CCTV|First-Aid Kit at Front Desk|Full Time Operation for All 7 Days,
Club Mahindra madikeri Coorg,4.0,The standard check-in time is 02:00 PM and the standard check-out time is 10:00 AM. Early check-in or late check-out is strictly subjected to availability and may be chargeable by the hotel. Any early check-in or late check-out request must be directed and reconfirmed with hotel directly If Cancelled Before 31 days it will be Full Refund        If cancelled from 31 days to 15 Days it will be 50% Refund If cancelled from 14 days to day of arrival or No Show it will be NO Refund Swimming Pool|Games Zone|Health Club / Gym Facility Available|Internet Access - Surcharge|Laundry Service Available|Parking Facilities Available|Multi Cuisine Restaurant |Local Tour / Travel Desk|Major Credit Cards Accepted,
Day Dream Hotelz,4.0,The standard check-in time is 01:00 AM and the standard check-out time is 11:45 PM. Early check-in or late check-out is strictly subjected to availability and may be chargeable by the hotel. Any early check-in or late check-out request must be directed and reconfirmed with hotel directly 24 Hour Front Desk|Luggage Storage|Newspapers In Lobby|Room Service,
Deluxe Home Stay Gagret,4.0,The standard check-in time is 12:00 PM and the standard check-out time is 12:00 PM. Early check-in or late check-out is strictly subjected to availability and may be chargeable by the hotel. Any early check-in or late check-out request must be directed and reconfirmed with hotel directly Valid ID proof is required at the time of check in for all guests. Laundry Service Available|Parking Facilities Available|Front Desk|Power Backup|Food Facility|Room Service|Porter Services Available|Public Restrooms,
Clarks Inn Suites,4.0,The standard check-in time is 12:00 PM and the standard check-out time is 12:00 PM. Early check-in or late check-out is strictly subjected to availability and may be chargeable by the hotel. Any early check-in or late check-out request must be directed and reconfirmed with hotel directly Hotel may charge compulsory gala dinner supplement on Christmas / New Year's eve or other festive periods. Any such supplements need to be paid directly at the hotel. Local ID is not allowed to some Government Order. Bar / Lounge |Concierge|Currency Exchange|Doctor on Call|Dry Cleaning|Health Club / Gym Facility Available|Laundry Service Available|Lift / Elevator|Parking Facilities Available|Front Desk|Multi Cuisine Restaurant |Locker Facility|Local Tour / Travel Desk|Major Credit Cards Accepted|24 Hour Front Desk|Luggage Storage|Air-Conditioning - Central|Power Backup|Express Check-In / Check-Out|Multi Lingual Staff|Porter / Bellhop|Coffee Shop / Cafe|Conference Facility |Smoking Rooms|Smoking Area |Room Service (24 Hours)|Parking Facility|Smoke Detector,
Dev Daru Bangalow,4.0,The standard check-in time is 12:00 PM and the standard check-out time is 12:00 PM. Early check-in or late check-out is strictly subjected to availability and may be chargeable by the hotel. Any early check-in or late check-out request must be directed and reconfirmed with hotel directly ,
Citrus Hotels Gurgaon Central,4.0,"The standard check-in time is 02:00 PM and the standard check-out time is 12:00 PM. Early check-in or late check-out is strictly subjected to availability and may be chargeable by the hotel. Any early check-in or late check-out request must be directed and reconfirmed with hotel directly 2 pieces Ironing per night. It is compulsory to give the Aadhar card or Driving license or Passport or Election card as a valid proof. PAN Card will NOT be considered as valid identity proof. Cancel before 48 hours in order to avoid any retention charges. If cancelled within 48 hours, 1 night retention to be charged. No refunds would be made against any No Shows. Extra Child (5-12 years without bed) wiil be chargeble.  Extra Child (below 5 years) will be Complimentary Airport Transfer Available / Surcharge|Banquet Facilities|Bar / Lounge |Business Center |Concierge|Currency Exchange|Disabled Friendly Facilities |Doctor on Call|Dry Cleaning|Gift Shop |Health Club / Gym Facility Available|Internet Access - Surcharge|Laundry Service Available|Lift / Elevator|Non Smoking Rooms|Parking Facilities Available|Front Desk|Multi Cuisine Restaurant |Local Tour / Travel Desk|Valet service|24 Hour Front Desk|Medical Assistance Available|Air-Conditioning - Central|Welcome Drinks|Power Backup|Multi Lingual Staff|Wake-up Call / Service|Fitness Equipment|Suitable For Children|Coffee Shop / Cafe|Conference Facility |Smoking Rooms|Electronic / Magnetic Keys|Wheelchair Accessibility - Room|Pick Up and Drop (Rly Station, Bus Stand, Temple)|Smoking Area |Vegetarian Food / Jain Food Available|Extra Person / Child - Share the same room|Car Rental|Taxi Services|Board Room|Newspapers In Lobby|Room Service (24 Hours)|STD / ISD",
Deep Hotel,4.0,"The standard check-in time is 02:00 PM and the standard check-out time is 12:00 PM. Early check-in or late check-out is strictly subjected to availability and may be chargeable by the hotel. Any early check-in or late check-out request must be directed and reconfirmed with hotel directly Booking rates will not be valid for Christmas and New year dates, High season and long weekend dates extra supplement will be charged over and above the paid rates as per actual and hotel discretion. Doctor on Call|Parking Facilities Available|Local Tour / Travel Desk|Medical Assistance Available|Parking Facility",
Clove Spice Routes Luxury Cruise,4.0,The standard check-in time is 12:00 PM and the standard check-out time is 12:00 PM. Early check-in or late check-out is strictly subjected to availability and may be chargeable by the hotel. Any early check-in or late check-out request must be directed and reconfirmed with hotel directly We do not allow unmarried / unrelated couples to checkin. This is at full discretion of the hotel management. No refund would be applicable in case the checkin is denied under such circumstances) Doctor on Call|Lobby|Non Smoking Rooms|Front Desk|Extra Person / Child - Share the same room|Family Room|Room Service (24 Hours)|Adjoining Rooms|RO Water Purification System|Room Service|Fire Safety|Fire Exit Signs|First-Aid Kit at Front Desk,
Dalgoma Houseboat,4.0,"The standard check-in time is 12:00 PM and the standard check-out time is 12:00 PM. Early check-in or late check-out is strictly subjected to availability and may be chargeable by the hotel. Any early check-in or late check-out request must be directed and reconfirmed with hotel directly Booking rates will not be valid for Christmas and New year dates, High season and long weekend dates  extra supplement will be charged over and above the paid rates as per actual and hotel discretion. Doctor on Call|Front Desk|Parking Facility|Room Service",
Clouds Valley Leisure Hotel,4.0,The standard check-in time is 12:00 PM and the standard check-out time is 12:00 PM. Early check-in or late check-out is strictly subjected to availability and may be chargeable by the hotel. Any early check-in or late check-out request must be directed and reconfirmed with hotel directly 1.Mandatory Christmas Eve Dinner Supplement Charges on 24th Dec at Rs.2000 per person (pay at check in) 2.Mandatory New Year Eve Dinner Supplement Charges on 31st Dec sat Rs.2500 per person (pay at check in) Airport Transfer Available / Surcharge|Banquet Facilities|Business Center |Doctor on Call|Internet Access - Surcharge|Lift / Elevator|Lobby|Non Smoking Rooms|Parking Facilities Available|Front Desk|Multi Cuisine Restaurant |Locker Facility|Power Backup|Conference Facility |Internet Access Free|Parking Facility|Room Service,
Cochin City Residency,4.0,The standard check-in time is 12:00 PM and the standard check-out time is 12:00 PM. Early check-in or late check-out is strictly subjected to availability and may be chargeable by the hotel. Any early check-in or late check-out request must be directed and reconfirmed with hotel directly Valid ID proof is required at the time of check in for all guests. Doctor on Call|Parking Facilities Available|Outdoor Parking - Secured|Parking Facility|Public Restrooms,
D'SILVA COTTAGES,4.0,"The standard check-in time is 12:00 PM and the standard check-out time is 12:00 PM. Early check-in or late check-out is strictly subjected to availability and may be chargeable by the hotel. Any early check-in or late check-out request must be directed and reconfirmed with hotel directly Booking rates will not be valid for Christmas and New year dates, High season and long weekend dates  extra supplement will be charged over and above the paid rates as per actual and hotel discretion. Doctor on Call|Parking Facilities Available|Front Desk|Medical Assistance Available",
Country Cottage Manali,4.0,"The standard check-in time is 12:00 PM and the standard check-out time is 10:00 AM. Early check-in or late check-out is strictly subjected to availability and may be chargeable by the hotel. Any early check-in or late check-out request must be directed and reconfirmed with hotel directly we respects the privacy of all its customer and business partners. Arrival and Departure policy as below :-  Check in 1200 and Check out 1100 Hours  Early in Check and Late Check out Subjected to availability. Airport Transfer Available / Surcharge|Babysitting/ Child Care (surcharge)|Barbecue Area|Beauty Salon - on charge|Currency Exchange|Doctor on Call|Dry Cleaning|Gift Shop |Internet Access - Surcharge|Laundry Service Available|Library|Lobby|Non Smoking Rooms|Parking Facilities Available|Front Desk|Locker Facility|Non Smoking Hotel|Local Tour / Travel Desk|Major Credit Cards Accepted|24 Hour Front Desk|Luggage Storage|Medical Assistance Available|Welcome Drinks|Power Backup|Gardens|Audio - Visual Equipment|Computer Rental|Wedding Services Facility|Translation Services|Multi Lingual Staff|Exhibit Space|Wake-up Call / Service|Suitable For Children|Separate Sitting Area|Coffee Shop / Cafe|Conference Facility |Smoking Rooms|Access Via Exterior Corridors|ATM / Banking|Fax Machine|Kitchen available (home cook food on request)|Multi - Line Phone|Fire Place Available |Free Local Calls|Picnic Area|Cell Phone Rental|Massage Services |Pick Up and Drop (Rly Station, Bus Stand, Temple)|Skiing Facility Available|Nature Walk|Smoking Area |Veranda|Open Air Restaurant / Dining | Bike on Rent|Veg / Non Veg Kitchens Separate |Horse Ride ( Chargeable ) |Shopping Drop Facility (on fixed timings)|In House Events |Vegetarian Food / Jain Food Available|Extra Person / Child - Share the same room|Village Visit ( Chargeable )|Car Rental|Express Laundry|Kids Play Zone|Oxygen Cylinder (on request)|Meditation Room|Water Dispenser Available|Self Check - In|Taxi Services|Board Room|Campfire / Bon Fire|Food Facility| Drivers Rest Room|Newspapers In Lobby|Yoga Hall / Classes|Children's Park|Postal / Parcel Services|Family Room|Room Service (24 Hours)| Cook Services|Air / Rail Booking|STD / ISD|Baggage Room|Courier Service|Guide / Sightseeing Service|Laptop Available on Hire|Internet / Fax (Reception area only)|Adjoining Rooms|Outdoor Parking - Secured|Outdoor Parking - Non Secured|Parking Facility|Internet Access|Restaurant|Room Service|Fishing|Ayurvedic Facilities |Trekking|Fire Safety|CCTV|Fire Exit Signs|First-Aid Kit at Front Desk|Flower Shop|Full Time Operation for All 7 Days|Paid Transfers|Public Restrooms|Speciality Restaurant |Stamps and Mailing Facility|Suites",
DEUTA'S COTTAGE,4.0,The standard check-in time is 12:00 PM and the standard check-out time is 12:00 PM. Early check-in or late check-out is strictly subjected to availability and may be chargeable by the hotel. Any early check-in or late check-out request must be directed and reconfirmed with hotel directly We do not allow unmarried Doctor on Call|Parking Facilities Available|Room Service|Public Restrooms,
"Country Inn &amp; Suites By Carlson, Bengaluru Hebbal",4.0,"The standard check-in time is 12:00 PM and the standard check-out time is 12:00 PM. Early check-in or late check-out is strictly subjected to availability and may be chargeable by the hotel. Any early check-in or late check-out request must be directed and reconfirmed with hotel directly As per the Government directives it is Mandatory for all the guest to show their ID proof at the time of check in, PAN card will not be accepted as ID proof Pets are not allowed Swimming Pool|Bar / Lounge |Business Center |Health Club / Gym Facility Available|Laundry Service Available|Lift / Elevator|Parking Facilities Available|Front Desk|Multi Cuisine Restaurant |Locker Facility|Power Backup|Room Service (24 Hours)|Outdoor Parking - Secured|Parking Facility|Room Service",
Comfort Inn Service Apartment,4.0,The standard check-in time is 12:00 PM and the standard check-out time is 12:00 PM. Early check-in or late check-out is strictly subjected to availability and may be chargeable by the hotel. Any early check-in or late check-out request must be directed and reconfirmed with hotel directly we need id proof at the time of check in. unmarried couples not allowed Currency Exchange|Doctor on Call|Laundry Service Available|Parking Facilities Available|Front Desk|Major Credit Cards Accepted|24 Hour Front Desk|Power Backup|Newspapers In Lobby|Room Service (24 Hours)|Parking Facility,
Desert Adventure Camp,4.0,"The standard check-in time is 03:00 PM and the standard check-out time is 10:00 AM. Early check-in or late check-out is strictly subjected to availability and may be chargeable by the hotel. Any early check-in or late check-out request must be directed and reconfirmed with hotel directly Hotel May Charge Dinner Supplement for Festive, Christmas and New Year Gala's Dinner charges that need to be paid while on Check-IN. Concierge|Currency Exchange|Doctor on Call|Laundry Service Available|Front Desk|Local Tour / Travel Desk|Valet service|Welcome Drinks|Power Backup|Dance Performances (on demand)|Free Local Calls|Safari|Camel Ride| Bike on Rent|Vegetarian Food / Jain Food Available|Village Visit ( Chargeable )|Car Rental|Taxi Services|Campfire / Bon Fire| Drivers Rest Room|Guide / Sightseeing Service|Adjoining Rooms|Outdoor Parking - Secured|Restaurant|Recreation Zone",
Desert Tulip Hotels and Resort,4.0,"The standard check-in time is 12:00 PM and the standard check-out time is 12:00 PM. Early check-in or late check-out is strictly subjected to availability and may be chargeable by the hotel. Any early check-in or late check-out request must be directed and reconfirmed with hotel directly Athithi Devo Bhava Swimming Pool|Airport Transfer Available / Surcharge|Ballroom|Banquet Facilities|Bar / Lounge |Barbecue Area|Beauty Salon - on charge|Billiards|Business Center |Currency Exchange|Disabled Friendly Facilities |Doctor on Call|Health Club / Gym Facility Available|Laundry Service Available|Lobby|Non Smoking Rooms|Parking Facilities Available|Front Desk|Multi Cuisine Restaurant |Locker Facility|Secretarial Services|Non Smoking Hotel|Spa On Site - Chargeable|Valet service|Major Credit Cards Accepted|24 Hour Front Desk|Luggage Storage|Doorman|Medical Assistance Available|Welcome Drinks|Power Backup|Gardens|Audio - Visual Equipment|Computer Rental|Wedding Services Facility|Exhibit Space|Wake-up Call / Service|Fitness Equipment|Porter / Bellhop|Suitable For Children|Separate Sitting Area|Conference Facility |Disabled Friendly Rooms|Fax Machine|Wheelchair Accessibility - Room|Pool Table|Massage Services |Poolside Bar|Safari|Pick Up and Drop (Rly Station, Bus Stand, Temple)|Nature Walk|Smoking Area |Camel Ride|Veranda|Open Air Restaurant / Dining |Transfers Available|Veg / Non Veg Kitchens Separate |In House Events |Vegetarian Food / Jain Food Available|Extra Person / Child - Share the same room|Car Rental|Express Laundry|Kids Play Zone|Oxygen Cylinder (on request)|Taxi Services|Board Room|City Shuttle Service|Campfire / Bon Fire| Drivers Rest Room|Internet Access Free|Newspapers In Lobby|Postal / Parcel Services|Family Room|Spa Services Nearby|Party hall|Air / Rail Booking|STD / ISD|Baggage Room|Courier Service|Guide / Sightseeing Service|Adjoining Rooms|RO Water Purification System|Outdoor Parking - Secured|Parking Facility",
Dass Suites,4.0,The standard check-in time is 12:00 PM and the standard check-out time is 12:00 PM. Early check-in or late check-out is strictly subjected to availability and may be chargeable by the hotel. Any early check-in or late check-out request must be directed and reconfirmed with hotel directly Doctor on Call|Multi - Line Phone|STD / ISD,
Corbett View Resort,4.0,"The standard check-in time is 12:00 PM and the standard check-out time is 10:00 AM. Early check-in or late check-out is strictly subjected to availability and may be chargeable by the hotel. Any early check-in or late check-out request must be directed and reconfirmed with hotel directly Hotel may charge compulsory gala dinner supplement on Christmas / New Year's eve or other festive periods. Any such supplements need to be paid directly at the hotel. Swimming Pool|Babysitting/ Child Care (surcharge)|Banquet Facilities|Billiards|Concierge|Currency Exchange|Games Zone|Gift Shop |Laundry Service Available|Parking Facilities Available|Front Desk|Multi Cuisine Restaurant |Locker Facility|Table Tennis|Local Tour / Travel Desk|24 Hour Front Desk|Luggage Storage|Power Backup|Gardens|Wake-up Call / Service|Suitable For Children|Separate Sitting Area|Coffee Shop / Cafe|Conference Facility |Kitchen available (home cook food on request)|Wheelchair Accessibility - Room|Pool Table|Massage Services |Safari|Pick Up and Drop (Rly Station, Bus Stand, Temple)|Nature Walk|Vegetarian Food / Jain Food Available|Village Visit ( Chargeable )|Car Rental|Kids Play Zone|City Shuttle Service|Campfire / Bon Fire| Drivers Rest Room|Newspapers In Lobby|Party hall|Air / Rail Booking|Baggage Room|Adjoining Rooms|RO Water Purification System|Outdoor Parking - Secured|Parking Facility",
CYRUS RESORTS,4.0,"The standard check-in time is 12:00 PM and the standard check-out time is 12:00 PM. Early check-in or late check-out is strictly subjected to availability and may be chargeable by the hotel. Any early check-in or late check-out request must be directed and reconfirmed with hotel directly Booking rates will not be valid for Christmas and New year dates, High season and long weekend dates  extra supplement will be charged over and above the paid rates as per actual and hotel discretion. Doctor on Call|Lobby|Parking Facilities Available|Front Desk|24 Hour Front Desk|Medical Assistance Available|Room Service (24 Hours)|RO Water Purification System|Outdoor Parking - Secured|Room Service|First-Aid Kit at Front Desk|Public Restrooms",
DEVAA SERVICE APARTMENT,4.0,"The standard check-in time is 12:00 PM and the standard check-out time is 12:00 PM. Early check-in or late check-out is strictly subjected to availability and may be chargeable by the hotel. Any early check-in or late check-out request must be directed and reconfirmed with hotel directly Booking rates will not be valid for Christmas  New year dates, High season  long weekend dates  extra supplement will be charged over above the paid rates as per actual  hotel discretion. Doctor on Call|Parking Facilities Available|Front Desk|Locker Facility|24 Hour Front Desk|Luggage Storage|Doorman|Medical Assistance Available|Food Facility|Family Room|Baggage Room|Adjoining Rooms|Outdoor Parking - Secured|Parking Facility|Room Service|First-Aid Kit at Front Desk",
Coorg Dreams,4.0,The standard check-in time is 02:00 PM and the standard check-out time is 12:00 PM. Early check-in or late check-out is strictly subjected to availability and may be chargeable by the hotel. Any early check-in or late check-out request must be directed and reconfirmed with hotel directly We do not allow unmarried / unrelated couples to checkin. This is at full discretion of the hotel management. No refund would be applicable in case the checkin is denied under such circumstances Doctor on Call|Non Smoking Rooms|Smoking Rooms|Extra Person / Child - Share the same room,
DALETHORPE,4.0,The standard check-in time is 12:00 PM and the standard check-out time is 12:00 PM. Early check-in or late check-out is strictly subjected to availability and may be chargeable by the hotel. Any early check-in or late check-out request must be directed and reconfirmed with hotel directly We do not allow unmarried / unrelated couples to checkin. This is at full discretion of the hotel management. No refund would be applicable in case the checkin is denied under such circumstances Doctor on Call|Lobby|Parking Facilities Available|Front Desk|Local Tour / Travel Desk|24 Hour Front Desk|Doorman|Power Backup,
Corporate Prime,4.0,The standard check-in time is 12:00 PM and the standard check-out time is 12:00 PM. Early check-in or late check-out is strictly subjected to availability and may be chargeable by the hotel. Any early check-in or late check-out request must be directed and reconfirmed with hotel directly Hotel may charge compulsory gala dinner supplement on Christmas / New Year's eve or other festive periods. Any such supplements need to be paid directly at the hotel. Doctor on Call|Laundry Service Available|Parking Facilities Available|Valet service|Power Backup|Taxi Services,
CORPORATE STAY,4.0,The standard check-in time is 02:00 PM and the standard check-out time is 12:00 PM. Early check-in or late check-out is strictly subjected to availability and may be chargeable by the hotel. Any early check-in or late check-out request must be directed and reconfirmed with hotel directly We do not allow unmarried / unrelated couples to checkin. This is at full discretion of the hotel management. No refund would be applicable in case the checkin is denied under such circumstances 1.   not allowed unmarried couple 2.   not allowed local person 3.   not allowed room for drinking and gambling porpose. 4.   allow married couple if they show both i.d proof. Concierge|Disabled Friendly Facilities |Doctor on Call|Dry Cleaning|Non Smoking Rooms|Parking Facilities Available|Smoking Rooms|Extra Person / Child - Share the same room|Outdoor Parking - Secured|Parking Facility|Room Service,
Darshan lodge,4.0,The standard check-in time is 12:00 PM and the standard check-out time is 12:00 PM. Early check-in or late check-out is strictly subjected to availability and may be chargeable by the hotel. Any early check-in or late check-out request must be directed and reconfirmed with hotel directly Hotel may charge compulsory gala dinner supplement on Christmas / New Year's eve or other festive periods. Any such supplements need to be paid directly at the hotel.Valid Id proof is required at the time of check in. Please carry a valid id proof at the time of check in. Parking Facilities Available,
Costa de Goa,4.0,The standard check-in time is 12:00 PM and the standard check-out time is 12:00 PM. Early check-in or late check-out is strictly subjected to availability and may be chargeable by the hotel. Any early check-in or late check-out request must be directed and reconfirmed with hotel directly Lobby|Front Desk|Power Backup|RO Water Purification System,
DEPARKINN,4.0,The standard check-in time is 12:00 PM and the standard check-out time is 12:00 PM. Early check-in or late check-out is strictly subjected to availability and may be chargeable by the hotel. Any early check-in or late check-out request must be directed and reconfirmed with hotel directly  We do not allow unmarried / unrelated couples to checkin. This is at full discretion of the hotel management. No refund would be applicable in case the checkin is denied under such circumstances Internet Access - Surcharge|Laundry Service Available|Parking Facilities Available|Front Desk|Power Backup|Newspapers In Lobby|Room Service (24 Hours)|Outdoor Parking - Secured|Parking Facility|Public Restrooms|Suites,
Costa Del Sol,4.0,"The standard check-in time is 02:00 PM and the standard check-out time is 12:00 PM. Early check-in or late check-out is strictly subjected to availability and may be chargeable by the hotel. Any early check-in or late check-out request must be directed and reconfirmed with hotel directly It is mandatory to Produce Govt. Photo ID at the time of check-in. Check in will be denied in case no ID is produced. Swimming Pool|Airport Transfer Available / Surcharge|Doctor on Call|Health Club / Gym Facility Available|Laundry Service Available|Kitchen available (home cook food on request)|Pick Up and Drop (Rly Station, Bus Stand, Temple)|Food Facility|Internet / Fax (Reception area only)|Outdoor Parking - Secured",
Deltin Palms Riverfront,4.0,"The standard check-in time is 02:00 PM and the standard check-out time is 12:00 PM. Early check-in or late check-out is strictly subjected to availability and may be chargeable by the hotel. Any early check-in or late check-out request must be directed and reconfirmed with hotel directly Rates For 31st December 2014 ( Mandatory Gala Dinner ) COUPLE ENTRY @ INR 10,000 Inclusive of taxes with Premium Entry to Deltin Royale COUPLE ENTRY @ NR 15,000 Inclusive of taxes with 8000 One Time Play Chips and Entry to Deltin Royale. Children from 06 - 13 yrs @ INR 1000 ( Inclusive of Taxes ) and Children from 14  to 17 yrs @ INR 2000 ( Inclusive of Taxes ). Subject availability of space in kids room. Gala dinner directly payable at the hotel Swimming Pool|Bar / Lounge |Currency Exchange|Health Club / Gym Facility Available|Internet Access - Surcharge|Parking Facilities Available|Multi Cuisine Restaurant |Locker Facility|Spa On Site - Chargeable|Local Tour / Travel Desk|Major Credit Cards Accepted|24 Hour Front Desk|Pick Up and Drop (Rly Station, Bus Stand, Temple)|Room Service (24 Hours)",
Coorg River Side Homestay,4.0,"The standard check-in time is 12:00 PM and the standard check-out time is 12:00 PM. Early check-in or late check-out is strictly subjected to availability and may be chargeable by the hotel. Any early check-in or late check-out request must be directed and reconfirmed with hotel directly ALL GUESTS ARE REQUIRED TO PRESENT PROPER PHOTO IDENTIFICATION UPON CHECK IN. The identity proof would include a valid Driving license/voter identity card/PAN card, etc. Valid Passport mandatory for all Foreign guests. Hotel is not allow unmarried / unrelated couples to check-in. This is at full discretion of the hotel management. No refund would be applicable in case the hotel denies check-in under such circumstances. Doctor on Call|Laundry Service Available|Non Smoking Rooms|Parking Facilities Available|Locker Facility|Luggage Storage|Medical Assistance Available|Welcome Drinks|Power Backup|Multi Lingual Staff|Wake-up Call / Service|Smoking Rooms|Kitchen available (home cook food on request)|Nature Walk|Smoking Area |Vegetarian Food / Jain Food Available|Taxi Services|Food Facility|Baggage Room|Room Service|First-Aid Kit at Front Desk",
"Cinnamon Homestay, Off Sohna Road",4.0,The standard check-in time is 12:00 PM and the standard check-out time is 10:00 AM. Early check-in or late check-out is strictly subjected to availability and may be chargeable by the hotel. Any early check-in or late check-out request must be directed and reconfirmed with hotel directly - Please note that we are a BnB - Check in : 12 noon - Check out : 10 am - Fixed meal timings - Each room has a smoking space/area available - Outside guests not allowed in the room - room service (Special Case). Airport Transfer Available / Surcharge|Doctor on Call|Dry Cleaning|Internet Access - Surcharge|Laundry Service Available|Library|Lobby|Parking Facilities Available|Non Smoking Hotel|Major Credit Cards Accepted|Luggage Storage|Medical Assistance Available|Power Backup|Gardens|Wake-up Call / Service|Smoking Rooms|Vegetarian Food / Jain Food Available|Extra Person / Child - Share the same room|Express Laundry|Newspapers In Lobby|Postal / Parcel Services|STD / ISD|Outdoor Parking - Secured|Parking Facility,
Cocobay Resort,4.0,The standard check-in time is 01:00 PM and the standard check-out time is 11:00 AM. Early check-in or late check-out is strictly subjected to availability and may be chargeable by the hotel. Any early check-in or late check-out request must be directed and reconfirmed with hotel directly Hotel may charge compulsory gala dinner supplement on Christmas / New Year's eve or other festive periods. Any such supplements need to be paid directly at the hotel. Swimming Pool|Bar / Lounge |Billiards|Business Center |Concierge|Doctor on Call|Dry Cleaning|Health Club / Gym Facility Available|Internet Access - Surcharge|Parking Facilities Available|Front Desk|Multi Cuisine Restaurant |Locker Facility|Table Tennis|Local Tour / Travel Desk|Valet service|Major Credit Cards Accepted|24 Hour Front Desk|Medical Assistance Available|Welcome Drinks|Power Backup|Fitness Equipment|Conference Facility |Fax Machine|Pool Table|Massage Services |Open Air Restaurant / Dining |Vegetarian Food / Jain Food Available|Car Rental|Internet Access Free|Newspapers In Lobby|Outdoor Parking - Secured|Parking Facility|Restaurant|Room Service|Fishing|Full Time Operation for All 7 Days|Suites,
Club Mahindra Naukuchiatal,4.0,"The standard check-in time is 02:00 PM and the standard check-out time is 10:00 AM. Early check-in or late check-out is strictly subjected to availability and may be chargeable by the hotel. Any early check-in or late check-out request must be directed and reconfirmed with hotel directly As per the Government directives it is Mandatory for all the guest Foreign Nationals , NRI and Indian National to show their Photo ID proof at the time of Check-In which can be in form of Passport and Visa Copy, Driving License, PAN Card , Voter ID Card , failing which the hotel reserves the right of refusal. In case of Foreign National and NRI passport and VISA is required. Doctor on Call|Games Zone|Laundry Service Available|Lobby|Parking Facilities Available|Front Desk|Multi Cuisine Restaurant |Locker Facility|Table Tennis|Tennis Court|Local Tour / Travel Desk|Major Credit Cards Accepted|24 Hour Front Desk|Medical Assistance Available|Power Backup|Wake-up Call / Service|Pool Table|Nature Walk|Taxi Services|Food Facility|Newspapers In Lobby|Parking Facility|Room Service",
Deja vu Tranzs,4.0,The standard check-in time is 12:00 PM and the standard check-out time is 12:00 PM. Early check-in or late check-out is strictly subjected to availability and may be chargeable by the hotel. Any early check-in or late check-out request must be directed and reconfirmed with hotel directly The management reserves the  RIGHTS OF ADMISSION of the person to the apartments and request any guest or visitor to quit the premises at any time if found necessary without assigning any reason what so ever. The guest should have valid Photo id card Airport Transfer Available / Surcharge|Banquet Facilities|Doctor on Call|Internet Access - Surcharge|Laundry Service Available|Lift / Elevator|Parking Facilities Available|Front Desk|Multi Cuisine Restaurant |Local Tour / Travel Desk|Major Credit Cards Accepted|24 Hour Front Desk|Power Backup|Catering|Translation Services|Wake-up Call / Service|Porter / Bellhop|Separate Sitting Area|Conference Facility |ATM / Banking|Car Rental|Water Dispenser Available|Taxi Services|Newspapers In Lobby|Family Room|Room Service (24 Hours)|Party hall|Baggage Room|Outdoor Parking - Secured|Parking Facility,
Coconut garden beach house,4.0,The standard check-in time is 12:00 PM and the standard check-out time is 12:00 PM. Early check-in or late check-out is strictly subjected to availability and may be chargeable by the hotel. Any early check-in or late check-out request must be directed and reconfirmed with hotel directly We do not allow unmarried / unrelated couples to checkin. This is at full discretion of the hotel management. No refund would be applicable in case the checkin is denied under such circumstances Doctor on Call|Medical Assistance Available|Power Backup|Wake-up Call / Service|Parking Facility|Internet Access|Room Service,
"Desert nights, Churi Ajitgarh",4.0,The standard check-in time is 02:00 PM and the standard check-out time is 12:00 PM. Early check-in or late check-out is strictly subjected to availability and may be chargeable by the hotel. Any early check-in or late check-out request must be directed and reconfirmed with hotel directly Valid ID proof is required at the time of check in for all guests. Locals and unmarried couples are not allowed ( 30 KM area radius from hotel  take as a local area. Doctor on Call|Parking Facilities Available|Outdoor Parking - Secured|Parking Facility|Public Restrooms,
Crystal Guest House,4.0,The standard check-in time is 12:00 PM and the standard check-out time is 12:00 PM. Early check-in or late check-out is strictly subjected to availability and may be chargeable by the hotel. Any early check-in or late check-out request must be directed and reconfirmed with hotel directly We do not allow unmarried / unrelated couples to checkin. This is at full discretion of the hotel management. No refund would be applicable in case the checkin is denied under such circumstances Doctor on Call|Parking Facility|Room Service,
Cuba Beach Huts,4.0,The standard check-in time is 12:00 PM and the standard check-out time is 10:00 AM. Early check-in or late check-out is strictly subjected to availability and may be chargeable by the hotel. Any early check-in or late check-out request must be directed and reconfirmed with hotel directly Airport Transfer Available / Surcharge|Babysitting/ Child Care (surcharge)|Bar / Lounge |Doctor on Call|Parking Facilities Available|Front Desk|Multi Cuisine Restaurant |Local Tour / Travel Desk|24 Hour Front Desk|Wake-up Call / Service|Massage Services | Bike on Rent|Extra Person / Child - Share the same room|Newspapers In Lobby|Room Service (24 Hours),
City The Village Resort &amp; Hotel,4.0,The standard check-in time is 11:00 AM and the standard check-out time is 11:00 AM. Early check-in or late check-out is strictly subjected to availability and may be chargeable by the hotel. Any early check-in or late check-out request must be directed and reconfirmed with hotel directly Swimming Pool|Bar / Lounge |Internet Access - Surcharge|Laundry Service Available|Parking Facilities Available|Front Desk|Multi Cuisine Restaurant |24 Hour Front Desk|Gardens|Coffee Shop / Cafe|Veranda|Open Air Restaurant / Dining |Veg / Non Veg Kitchens Separate |Vegetarian Food / Jain Food Available|Car Rental|Food Facility|Room Service (24 Hours)|Air / Rail Booking|Guide / Sightseeing Service|Outdoor Parking - Secured|Parking Facility|Restaurant|Room Service,
Deep Guest House,4.0,The standard check-in time is 12:00 PM and the standard check-out time is 12:00 PM. Early check-in or late check-out is strictly subjected to availability and may be chargeable by the hotel. Any early check-in or late check-out request must be directed and reconfirmed with hotel directly Hotel may charge compulsory gala dinner supplement on Christmas / New Year's eve or other festive periods. Any such supplements need to be paid directly at the hotel Doctor on Call|Laundry Service Available|Library|Parking Facilities Available|Non Smoking Hotel|24 Hour Front Desk|Air-Conditioning - Central|Power Backup|Family Room,
D Lake View Resort,4.0,The standard check-in time is 12:00 PM and the standard check-out time is 12:00 PM. Early check-in or late check-out is strictly subjected to availability and may be chargeable by the hotel. Any early check-in or late check-out request must be directed and reconfirmed with hotel directly  We do not allow unmarried / unrelated couples to checkin. This is at full discretion of the hotel management. No refund would be applicable in case the checkin is denied under such circumstances ,
Cygnett Inn Celestiial,4.0,"The standard check-in time is 02:00 PM and the standard check-out time is 12:00 PM. Early check-in or late check-out is strictly subjected to availability and may be chargeable by the hotel. Any early check-in or late check-out request must be directed and reconfirmed with hotel directly No Show - No Refund  cancellation Policy for December / January - Non Refundable and Non Cancelable Mandatory Gala Dinner on 24 Dec Charges Rs.2499 Per Person, directly payable at hotel (Limited Pouring Brand ) Mandatory Gala Dinner on 24 Dec Charges Rs.1999 Per Child (6-12 Years), directly payable at hotel Mandatory Gala Dinner on 31 Dec Charges Rs.3499 Per Person, directly payable at hotel ( Unlimited  Indian Pouring Brand) Mandatory Gala Dinner on 31 Dec Charges Rs.2499 Per Child (6-12 Years), directly payable at hotel. Mandatory Gala Dinner on 14 Feb Charges Rs.1499 Per Person, directly payable at hotel Mandatory Gala Dinner on 14 Feb Charges Rs.999 Per Child(6-12 Years), directly payable at hotel Swimming Pool|Airport Transfer Available / Surcharge|Bar / Lounge |Doctor on Call|Laundry Service Available|Lift / Elevator|Parking Facilities Available|Front Desk|Multi Cuisine Restaurant |Room Service (24 Hours)",
Classic Homes Guest House,4.0,"The standard check-in time is 12:00 PM and the standard check-out time is 12:00 PM. Early check-in or late check-out is strictly subjected to availability and may be chargeable by the hotel. Any early check-in or late check-out request must be directed and reconfirmed with hotel directly   *   It is mandatory for guests to present valid photo identification at the time of check-in.   *   The primary guest checking in to the hotel must be at least 21 years of age.   *   The hotel reserves the right of admission. Accommodation can be denied to guests posing as a couple if suitable proof of identification is not presented at check-in.   *   The hotel reserves the right of admission for local residents. Accommodation can be denied to guests residing in the same city.   *   Local ID proof will not be valid. Airport Transfer Available / Surcharge|Banquet Facilities|Concierge|Doctor on Call|Dry Cleaning|Internet Access - Surcharge|Laundry Service Available|Lift / Elevator|Lobby|Non Smoking Rooms|Parking Facilities Available|Pets Allowed|Front Desk|Local Tour / Travel Desk|24 Hour Front Desk|Suitable For Children|Pick Up and Drop (Rly Station, Bus Stand, Temple)|Veranda|Extra Person / Child - Share the same room|Water Dispenser Available|Taxi Services|Newspapers In Lobby|Room Service (24 Hours)| Cook Services|Courier Service|Internet / Fax (Reception area only)|Parking Facility",
Citrus Hotel Goa,4.0,The standard check-in time is 02:00 PM and the standard check-out time is 12:00 PM. Early check-in or late check-out is strictly subjected to availability and may be chargeable by the hotel. Any early check-in or late check-out request must be directed and reconfirmed with hotel directly Breakfast buffet timings  07:30 am to 11:30 am Swimming Pool|Bar / Lounge |Health Club / Gym Facility Available|Laundry Service Available|Parking Facilities Available|24 Hour Front Desk|Express Check-In / Check-Out|Coffee Shop / Cafe|Room Service (24 Hours)|Parking Facility|Internet Access|Restaurant,
"Deccan Pavilion, Katraj",4.0,The standard check-in time is 12:00 PM and the standard check-out time is 12:00 PM. Early check-in or late check-out is strictly subjected to availability and may be chargeable by the hotel. Any early check-in or late check-out request must be directed and reconfirmed with hotel directly Need ID proof at the time of check in. ,
"Club Mahindra Emerald Palms, Goa",4.0,The standard check-in time is 02:00 PM and the standard check-out time is 10:00 AM. Early check-in or late check-out is strictly subjected to availability and may be chargeable by the hotel. Any early check-in or late check-out request must be directed and reconfirmed with hotel directly Swimming Pool|Airport Transfer Available / Surcharge|Bar / Lounge |Beauty Salon - on charge|Currency Exchange|Doctor on Call|Games Zone|Gift Shop |Health Club / Gym Facility Available|Internet Access - Surcharge|Laundry Service Available|Parking Facilities Available|Spa On Site - Chargeable|Local Tour / Travel Desk|Major Credit Cards Accepted|24 Hour Front Desk|Luggage Storage|Conference Facility |ATM / Banking,
Coffee cup homestay,4.0,The standard check-in time is 12:00 PM and the standard check-out time is 12:00 PM. Early check-in or late check-out is strictly subjected to availability and may be chargeable by the hotel. Any early check-in or late check-out request must be directed and reconfirmed with hotel directly Doctor on Call|Medical Assistance Available|Parking Facility,
Country Inn - Amritsar,4.0,"The standard check-in time is 12:00 PM and the standard check-out time is 10:00 AM. Early check-in or late check-out is strictly subjected to availability and may be chargeable by the hotel. Any early check-in or late check-out request must be directed and reconfirmed with hotel directly In the unfortunate circumstance of the room not being available at your check-in time due to operational or any other reason which is beyond the control of the hotels management, the hotel shall provide a room in a similar category of hotel. Hotel may charge compulsory gala dinner supplement on Christmas/New Year's eve. Any such supplements need to be paid directly at the hotel. Charges as given below -  25th Dec 2015 : Adult : Rs,2000/- per person plus 18% taxes Child ( 5-12 yrs ): Rs,1200/- per child plus 18% taxes 31st Dec 2015 : Adult : Rs,2000/- per person plus 18% taxes Child ( 5-12 yrs ): Rs,1200/- per child plus 18% taxes Airport Transfer Available / Surcharge|Ballroom|Banquet Facilities|Bar / Lounge |Barbecue Area|Business Center |Concierge|Currency Exchange|Disabled Friendly Facilities |Doctor on Call|Dry Cleaning|Internet Access - Surcharge|Laundry Service Available|Library|Lift / Elevator|Lobby|Non Smoking Rooms|Parking Facilities Available|Front Desk|Multi Cuisine Restaurant |Spa On Site - Chargeable|Local Tour / Travel Desk|Conference Facility |Room Service",
Desert Winds,4.0,The standard check-in time is 12:00 PM and the standard check-out time is 12:00 PM. Early check-in or late check-out is strictly subjected to availability and may be chargeable by the hotel. Any early check-in or late check-out request must be directed and reconfirmed with hotel directly Hotel may charge gala dinner supplement on Christmas/New Years eve or other festive periods. Which needs to be paid directly at the hotel.As per the govt. guidelines valid govt. issued id proofs are required to be presented at the Time of C/in. Laundry Service Available|Parking Facilities Available|Front Desk|Multi Cuisine Restaurant |Locker Facility|Power Backup|Conference Facility |Room Service (24 Hours)|Outdoor Parking - Secured|Parking Facility|Internet Access|Room Service|Porter Services Available|Public Restrooms|Suites,
Corbett Rosewood Resort,4.0,The standard check-in time is 12:00 PM and the standard check-out time is 12:00 PM. Early check-in or late check-out is strictly subjected to availability and may be chargeable by the hotel. Any early check-in or late check-out request must be directed and reconfirmed with hotel directly Hotel may charge compulsory gala dinner supplement on Christmas / New Year's eve or other festive periods. Any such supplements need to be paid directly at the hotel. Doctor on Call|Laundry Service Available|Lobby|Front Desk|Local Tour / Travel Desk|Major Credit Cards Accepted|24 Hour Front Desk|Power Backup,
Colonels Cozy Corner Home Stay,4.0,The standard check-in time is 12:00 PM and the standard check-out time is 12:00 PM. Early check-in or late check-out is strictly subjected to availability and may be chargeable by the hotel. Any early check-in or late check-out request must be directed and reconfirmed with hotel directly We do not allow unmarried / unrelated couples to checkin. This is at full discretion of the hotel management. No refund would be applicable in case the checkin is denied under such circumstances. Doctor on Call|Parking Facilities Available|Front Desk|Room Service,
Delight Hotels Sernya,4.0,The standard check-in time is 12:00 PM and the standard check-out time is 12:00 PM. Early check-in or late check-out is strictly subjected to availability and may be chargeable by the hotel. Any early check-in or late check-out request must be directed and reconfirmed with hotel directly Hotel may charge compulsory gala dinner supplement on Christmas / New Year's eve or other festive periods. Any such supplements need to be paid directly at the hotel. Doctor on Call|Internet Access - Surcharge|Laundry Service Available|Lobby|Front Desk|Multi Cuisine Restaurant |Local Tour / Travel Desk|Welcome Drinks|Power Backup|Coffee Shop / Cafe|Transfers Available|Shopping Drop Facility (on fixed timings)|Village Visit ( Chargeable )|Car Rental|Food Facility|Internet Access Free|Newspapers In Lobby|Family Room|Room Service (24 Hours)|Internet Access|Room Service|Paid Transfers,
Cliff GK Residency,4.0,"The standard check-in time is 01:00 PM and the standard check-out time is 11:00 AM. Early check-in or late check-out is strictly subjected to availability and may be chargeable by the hotel. Any early check-in or late check-out request must be directed and reconfirmed with hotel directly Extra beds are dependent on the room you choose, please check the individual room policy for more details. Guests over 8 years old are considered as adults. Hotel will Charge Supplement Charges for Special Seasons and Event Days - If any Charges to be Payable at the hotel Directly. Airport Transfer Available / Surcharge|Doctor on Call|Front Desk|Local Tour / Travel Desk|Major Credit Cards Accepted|Medical Assistance Available|Multi Lingual Staff|Wake-up Call / Service|Taxi Services|Food Facility|Newspapers In Lobby|Guide / Sightseeing Service|Room Service",
DALIYA HOMESTAY,4.0,The standard check-in time is 12:00 PM and the standard check-out time is 12:00 PM. Early check-in or late check-out is strictly subjected to availability and may be chargeable by the hotel. Any early check-in or late check-out request must be directed and reconfirmed with hotel directly We do not allow unmarried / unrelated couples to checkin. This is at full discretion of the hotel management. No refund would be applicable in case the checkin is denied under such circumstances Doctor on Call|Lobby|Front Desk|Local Tour / Travel Desk|24 Hour Front Desk|Air-Conditioning - Central|Power Backup|Parking Facility|First-Aid Kit at Front Desk,
Deva Residency,4.0,The standard check-in time is 12:00 PM and the standard check-out time is 12:00 PM. Early check-in or late check-out is strictly subjected to availability and may be chargeable by the hotel. Any early check-in or late check-out request must be directed and reconfirmed with hotel directly We do not allow unmarried / unrelated couples to checkin. This is at full discretion of the hotel management. No refund would be applicable in case the checkin is denied under such circumstances Airport Transfer Available / Surcharge|Babysitting/ Child Care (surcharge)|Business Center |Concierge|Currency Exchange|Disabled Friendly Facilities |Doctor on Call|Dry Cleaning|Internet Access - Surcharge|Laundry Service Available|Lift / Elevator|Parking Facilities Available|Front Desk|Locker Facility|24 Hour Front Desk|Medical Assistance Available|Power Backup|Newspapers In Lobby|Room Service,
De Meadows Resort,4.0,The standard check-in time is 08:00 AM and the standard check-out time is 08:00 AM. Early check-in or late check-out is strictly subjected to availability and may be chargeable by the hotel. Any early check-in or late check-out request must be directed and reconfirmed with hotel directly Airport Transfer Available / Surcharge|Doctor on Call|Parking Facilities Available|Front Desk|Multi Cuisine Restaurant |Local Tour / Travel Desk|24 Hour Front Desk|Medical Assistance Available|Internet Access Free|Internet / Fax (Reception area only)|Parking Facility,
Cliffgarden beach resort,4.0,The standard check-in time is 12:00 PM and the standard check-out time is 11:30 AM. Early check-in or late check-out is strictly subjected to availability and may be chargeable by the hotel. Any early check-in or late check-out request must be directed and reconfirmed with hotel directly Its your vacation.. Let it be a no-rule one.. We do not allow unmarried / unrelated couples to checkin.  This is at full discretion of the hotel management. No refund would be applicable in case the checkin is denied under such circumstances Business Center |Laundry Service Available|Parking Facilities Available|Front Desk|Gardens|Transfers Available|Internet Access Free|Room Service (24 Hours)|Baggage Room|Adjoining Rooms|RO Water Purification System|Outdoor Parking - Secured|Parking Facility|Room Service|First-Aid Kit at Front Desk,
Denaco Pearl Bungalow,4.0,The standard check-in time is 02:00 PM and the standard check-out time is 12:00 PM. Early check-in or late check-out is strictly subjected to availability and may be chargeable by the hotel. Any early check-in or late check-out request must be directed and reconfirmed with hotel directly We do not allow unmarried / unrelated couples to checkin. This is at full discretion of the hotel management. No refund would be applicable in case the checkin is denied under such circumstances Airport Transfer Available / Surcharge|Babysitting/ Child Care (surcharge)|Banquet Facilities|Business Center |Concierge|Currency Exchange|Doctor on Call|Internet Access - Surcharge|Laundry Service Available|Library|Lift / Elevator|Lobby|Front Desk|Parking Facility|Room Service|Fire Safety|Fire Exit Signs|First-Aid Kit at Front Desk|Public Restrooms,
DEEYASUITES,4.0,The standard check-in time is 02:00 PM and the standard check-out time is 12:00 PM. Early check-in or late check-out is strictly subjected to availability and may be chargeable by the hotel. Any early check-in or late check-out request must be directed and reconfirmed with hotel directly Valid ID proof is required at the time of check in for all guests. Swimming Pool|Business Center |Health Club / Gym Facility Available|Internet Access - Surcharge|Laundry Service Available|Lift / Elevator|Parking Facilities Available|Power Backup|Gardens|Internet Access Free|Room Service (24 Hours)|Outdoor Parking - Secured|Parking Facility|Room Service|Speciality Restaurant |Suites,
Cibori Gold,4.0,"The standard check-in time is 12:00 PM and the standard check-out time is 10:00 AM. Early check-in or late check-out is strictly subjected to availability and may be chargeable by the hotel. Any early check-in or late check-out request must be directed and reconfirmed with hotel directly Valid ID proof is required at the time of check in for all guests. Locals and unmarried couples are not allowed ( 30 KM area radius from hotel  take as a local area. Barbecue Area|Doctor on Call|Dry Cleaning|Internet Access - Surcharge|Laundry Service Available|Parking Facilities Available|Pets Allowed|Multi Cuisine Restaurant |Local Tour / Travel Desk|Hookah Lounge|Welcome Drinks|Gardens|Computer Rental|Dance Performances (on demand)|Kitchen available (home cook food on request)|Cell Phone Rental|Pick Up and Drop (Rly Station, Bus Stand, Temple)|Veranda|Open Air Restaurant / Dining |Transfers Available| Bike on Rent|Veg / Non Veg Kitchens Separate |Shopping Drop Facility (on fixed timings)|Vegetarian Food / Jain Food Available|Village Visit ( Chargeable )|Car Rental|Taxi Services|Amphitheatre|Karaoke |Campfire / Bon Fire|Food Facility|Internet Access Free| Cook Services|Air / Rail Booking|Baggage Room|Courier Service|Laptop Available on Hire|Outdoor Parking - Secured|Parking Facility|Internet Access|Restaurant|Room Service|Public Restrooms|Speciality Restaurant |Stamps and Mailing Facility",
Colonia Jose Menino Resort,4.0,The standard check-in time is 12:00 PM and the standard check-out time is 10:00 AM. Early check-in or late check-out is strictly subjected to availability and may be chargeable by the hotel. Any early check-in or late check-out request must be directed and reconfirmed with hotel directly Hotel may charge compulsory gala dinner supplement on Christmas / New Year's eve or other festive periods. Any such supplements need to be paid directly at the hotel. Swimming Pool|Bar / Lounge |Doctor on Call|Laundry Service Available|Parking Facilities Available|Front Desk|Multi Cuisine Restaurant |Table Tennis|Tennis Court|Local Tour / Travel Desk|Major Credit Cards Accepted|24 Hour Front Desk|Jacuzzi|Poolside Bar|Badminttion Court|Food Facility|Room Service (24 Hours)|Parking Facility,
coorg o farm,4.0,"The standard check-in time is 11:00 PM and the standard check-out time is 11:00 PM. Early check-in or late check-out is strictly subjected to availability and may be chargeable by the hotel. Any early check-in or late check-out request must be directed and reconfirmed with hotel directly If You cancel your Hotel booking post 24 hours i.e. on and before 1 days of checkin, Cancellation charges will be 75% of booking amount Basketball Court |Laundry Service Available|Parking Facilities Available|Power Backup|Gardens|Outdoor Parking - Secured|Parking Facility|Room Service",
CYBER INN,4.0,The standard check-in time is 12:00 PM and the standard check-out time is 12:00 PM. Early check-in or late check-out is strictly subjected to availability and may be chargeable by the hotel. Any early check-in or late check-out request must be directed and reconfirmed with hotel directly Doctor on Call|Laundry Service Available|Lift / Elevator|Lobby|Parking Facilities Available|Front Desk|Multi Cuisine Restaurant |Locker Facility|Power Backup|Newspapers In Lobby|Room Service (24 Hours)|RO Water Purification System|Outdoor Parking - Secured|Parking Facility,
cruisewithchris,4.0,The standard check-in time is 12:00 PM and the standard check-out time is 09:00 AM. Early check-in or late check-out is strictly subjected to availability and may be chargeable by the hotel. Any early check-in or late check-out request must be directed and reconfirmed with hotel directly We do not allow unmarried / unrelated couples to checkin. This is at full discretion of the hotel management. No refund would be applicable in case the checkin is denied under such circumstances Doctor on Call|Lobby|Front Desk|Local Tour / Travel Desk|24 Hour Front Desk,
Cupid's Heaven Resort,4.0,The standard check-in time is 12:00 PM and the standard check-out time is 10:00 AM. Early check-in or late check-out is strictly subjected to availability and may be chargeable by the hotel. Any early check-in or late check-out request must be directed and reconfirmed with hotel directly Hotel may charge compulsory gala dinner supplement on Christmas / New Year's eve or other festive periods. Any such supplements need to be paid directly at the hotel. Doctor on Call|Front Desk|24 Hour Front Desk|Power Backup|Car Rental|RO Water Purification System,
Cocohut Resort,4.0,The standard check-in time is 12:00 PM and the standard check-out time is 10:00 AM. Early check-in or late check-out is strictly subjected to availability and may be chargeable by the hotel. Any early check-in or late check-out request must be directed and reconfirmed with hotel directly Due to rainy season swimming pool is closed. Doctor on Call|Games Zone|Lobby|Non Smoking Rooms|Parking Facilities Available|Pets Allowed|Front Desk|Multi Cuisine Restaurant |Non Smoking Hotel|Major Credit Cards Accepted|Power Backup|Newspapers In Lobby|Room Service,
Comfort Solution Bunglow,4.0,The standard check-in time is 12:00 PM and the standard check-out time is 12:00 PM. Early check-in or late check-out is strictly subjected to availability and may be chargeable by the hotel. Any early check-in or late check-out request must be directed and reconfirmed with hotel directly unmarried and Unrelated couples not allowed. Need ID proof at the time of check. Laundry Service Available|Power Backup|Newspapers In Lobby|Room Service,
Deejay By One Earth,4.0,The standard check-in time is 12:00 PM and the standard check-out time is 12:00 PM. Early check-in or late check-out is strictly subjected to availability and may be chargeable by the hotel. Any early check-in or late check-out request must be directed and reconfirmed with hotel directly Pets are not allowed. Airport Transfer Available / Surcharge|Ballroom|Banquet Facilities|Bar / Lounge |Billiards|Business Center |Concierge|Disabled Friendly Facilities |Doctor on Call|Dry Cleaning|Games Zone|Laundry Service Available|Lobby|Non Smoking Rooms|Parking Facilities Available|Front Desk|Multi Cuisine Restaurant |Locker Facility|Non Smoking Hotel|Table Tennis|Local Tour / Travel Desk|Major Credit Cards Accepted|24 Hour Front Desk|Luggage Storage|Doorman|Medical Assistance Available|Air-Conditioning - Central|Welcome Drinks|Power Backup|Express Check-In / Check-Out|Gardens|Audio - Visual Equipment|Wedding Services Facility|Catering|Multi Lingual Staff|Wake-up Call / Service|Porter / Bellhop|Suitable For Children|Separate Sitting Area|Coffee Shop / Cafe|Conference Facility |Smoking Rooms|Disabled Friendly Rooms|Fax Machine|Kitchen available (home cook food on request)|Fire Place Available |Picnic Area|Wheelchair Accessibility - Room|Pool Table|Nature Walk|Smoking Area |Open Air Restaurant / Dining |Veg / Non Veg Kitchens Separate |In House Events |Vegetarian Food / Jain Food Available|Extra Person / Child - Share the same room|Car Rental|Express Laundry|Kids Play Zone|Taxi Services|Board Room|City Shuttle Service|Campfire / Bon Fire|Food Facility| Drivers Rest Room|Internet Access Free|Newspapers In Lobby|Electronic Check-Out|Children's Park|Family Room|Room Service (24 Hours)|Party hall|Air / Rail Booking|STD / ISD|Guide / Sightseeing Service|RO Water Purification System|Outdoor Parking - Secured|Parking Facility|Internet Access|Restaurant|Room Service|Fishing|Trekking|Fire Safety|Recreation Zone|Anti-Slip Ramps|CCTV|Fire Exit Signs|First-Aid Kit at Front Desk|Full Time Operation for All 7 Days|Hotel Trading License|Paid Transfers|Pest Control Facility|Porter Services Available|Public Restrooms|Security at All Hotel Entrances|Smoke Detector|Speciality Restaurant,
Classic Lodge,4.0,The standard check-in time is 12:00 PM and the standard check-out time is 11:00 AM. Early check-in or late check-out is strictly subjected to availability and may be chargeable by the hotel. Any early check-in or late check-out request must be directed and reconfirmed with hotel directly Business Center |Parking Facilities Available|Secretarial Services|24 Hour Front Desk|Doorman|Medical Assistance Available|Welcome Drinks|Power Backup|Conference Facility |Floor Butler|Cell Phone Rental|Open Air Restaurant / Dining |Transfers Available|Veg / Non Veg Kitchens Separate |Shopping Drop Facility (on fixed timings)|Car Rental|Board Room|City Shuttle Service|Food Facility|Newspapers In Lobby|Room Service (24 Hours)| Cook Services|Air / Rail Booking|Outdoor Parking - Secured|Parking Facility,
COLONELS RESORTS,4.0,The standard check-in time is 02:00 PM and the standard check-out time is 12:00 PM. Early check-in or late check-out is strictly subjected to availability and may be chargeable by the hotel. Any early check-in or late check-out request must be directed and reconfirmed with hotel directly We do not allow unmarried / unrelated couples to checkin. This is at full discretion of the hotel management. No refund would be applicable in case the checkin is denied under such circumstances. Doctor on Call|Lobby|Parking Facilities Available|Front Desk|Power Backup|Veranda|Taxi Services|Newspapers In Lobby|Room Service|Fire Safety|Anti-Slip Ramps|Fire Exit Signs|First-Aid Kit at Front Desk|Public Restrooms,
Clover Home Service Apt,4.0,The standard check-in time is 12:00 PM and the standard check-out time is 12:00 PM. Early check-in or late check-out is strictly subjected to availability and may be chargeable by the hotel. Any early check-in or late check-out request must be directed and reconfirmed with hotel directly Unmarried couples not allowed. Carry Valid Photo Id proof at the time of check in. Hotel may charge compulsory gala dinner supplement on Christmas / New Year's eve or other festive periods. Any such supplements need to be paid directly at the hotel Laundry Service Available|Lift / Elevator|Power Backup|Gardens|Room Service (24 Hours),
Coffee Coorg Nest,4.0,The standard check-in time is 02:15 PM and the standard check-out time is 02:00 PM. Early check-in or late check-out is strictly subjected to availability and may be chargeable by the hotel. Any early check-in or late check-out request must be directed and reconfirmed with hotel directly Doctor on Call|Parking Facilities Available|Local Tour / Travel Desk|Parking Facility|Room Service,
Cynosure Resort,4.0,The standard check-in time is 01:00 PM and the standard check-out time is 11:00 AM. Early check-in or late check-out is strictly subjected to availability and may be chargeable by the hotel. Any early check-in or late check-out request must be directed and reconfirmed with hotel directly We are a Hotel type and not Cottages. We provide Extra Mattresses and not Extra Cot. We do not provide Driver s Food and Accommodation. Music is allowed till 10:00 pm. Outside Food is not allowed. Pork is strictly prohibited. Hotel may charge compulsory gala dinner supplement on Christmas / New Year's eve or other festive periods. Any such supplements need to be paid directly at the hotel. Swimming Pool|Banquet Facilities|Doctor on Call|Internet Access - Surcharge|Laundry Service Available|Parking Facilities Available|Multi Cuisine Restaurant |Local Tour / Travel Desk|24 Hour Front Desk|Conference Facility,
Corner stone Munnar,4.0,The standard check-in time is 12:00 PM and the standard check-out time is 12:00 PM. Early check-in or late check-out is strictly subjected to availability and may be chargeable by the hotel. Any early check-in or late check-out request must be directed and reconfirmed with hotel directly Doctor on Call|Parking Facilities Available|Medical Assistance Available|Power Backup|Parking Facility|Room Service,
"Cinnamon Homestay, Sohna Road",4.0,"The standard check-in time is 12:00 PM and the standard check-out time is 10:00 AM. Early check-in or late check-out is strictly subjected to availability and may be chargeable by the hotel. Any early check-in or late check-out request must be directed and reconfirmed with hotel directly - Please note that we are a BnB - Check in : 12 noon - Check out : 10 am - Fixed meal timings - Each room has a smoking space/area available - Outside guests not allowed in the room - room service (Special Case) Airport Transfer Available / Surcharge|Doctor on Call|Dry Cleaning|Laundry Service Available|Lobby|Non Smoking Rooms|Parking Facilities Available|Major Credit Cards Accepted|Luggage Storage|Medical Assistance Available|Power Backup|Gardens|Wake-up Call / Service|Suitable For Children|Separate Sitting Area|Smoking Rooms|Kitchen available (home cook food on request)|Fire Place Available |Free Local Calls|Pick Up and Drop (Rly Station, Bus Stand, Temple)|Vegetarian Food / Jain Food Available|Extra Person / Child - Share the same room|Car Rental|Taxi Services|Food Facility|Newspapers In Lobby|Children's Park|Postal / Parcel Services|Spa Services Nearby|Air / Rail Booking|Courier Service|RO Water Purification System|Outdoor Parking - Secured|Parking Facility|Internet Access",
Club Mahindra Poovar,4.0,The standard check-in time is 02:00 PM and the standard check-out time is 10:00 AM. Early check-in or late check-out is strictly subjected to availability and may be chargeable by the hotel. Any early check-in or late check-out request must be directed and reconfirmed with hotel directly Swimming Pool|Bar / Lounge |Doctor on Call|Dry Cleaning|Games Zone|Lobby|Parking Facilities Available|Private / Plunge Pool|Front Desk|Multi Cuisine Restaurant |Spa On Site - Chargeable|Table Tennis|Local Tour / Travel Desk|24 Hour Front Desk|Welcome Drinks|Power Backup|Gardens|Kids Play Zone|Newspapers In Lobby|Room Service (24 Hours)|RO Water Purification System,
Corporate Living,4.0,The standard check-in time is 12:00 PM and the standard check-out time is 12:00 PM. Early check-in or late check-out is strictly subjected to availability and may be chargeable by the hotel. Any early check-in or late check-out request must be directed and reconfirmed with hotel directly Hotel may charge compulsory gala dinner supplement on Christmas / New Year's eve or other festive periods. Any such supplements need to be paid directly at the hotel. Airport Transfer Available / Surcharge|Currency Exchange|Doctor on Call|Internet Access - Surcharge|Parking Facilities Available|Non Smoking Hotel,
Coorg Anekad Jungle stay,4.0,"The standard check-in time is 12:00 PM and the standard check-out time is 11:00 AM. Early check-in or late check-out is strictly subjected to availability and may be chargeable by the hotel. Any early check-in or late check-out request must be directed and reconfirmed with hotel directly ALL GUESTS ARE REQUIRED TO PRESENT PROPER PHOTO IDENTIFICATION UPON CHECK IN. The identity proof would include a valid Driving license/voter identity card/PAN card, etc. Valid Passport mandatory for all Foreign guests. Hotel is not allow unmarried / unrelated couples to check-in. This is at full discretion of the hotel management. No refund would be applicable in case the hotel denies check-in under such circumstances. Doctor on Call|Laundry Service Available|Lobby|Non Smoking Rooms|Parking Facilities Available|Front Desk|Multi Cuisine Restaurant |24 Hour Front Desk|Luggage Storage|Medical Assistance Available|Welcome Drinks|Power Backup|Gardens|Wake-up Call / Service|Fitness Equipment|Smoking Rooms|Multi - Line Phone|Free Local Calls|Smoking Area |Veg / Non Veg Kitchens Separate |Vegetarian Food / Jain Food Available|Extra Person / Child - Share the same room|Car Rental|Food Facility|Newspapers In Lobby|Outdoor Parking - Secured",
Coffeegrove Resort,4.0,"The standard check-in time is 12:00 PM and the standard check-out time is 11:00 AM. Early check-in or late check-out is strictly subjected to availability and may be chargeable by the hotel. Any early check-in or late check-out request must be directed and reconfirmed with hotel directly Airport Transfer Available / Surcharge|Banquet Facilities|Barbecue Area|Doctor on Call|Lobby|Non Smoking Rooms|Parking Facilities Available|Front Desk|Multi Cuisine Restaurant |Local Tour / Travel Desk|Major Credit Cards Accepted|24 Hour Front Desk|Air-Conditioning - Central|Welcome Drinks|Power Backup|Express Check-In / Check-Out|Gardens|Audio - Visual Equipment|Dance Performances (on demand)|Wake-up Call / Service|Separate Sitting Area|Coffee Shop / Cafe|Conference Facility |Smoking Rooms|Access Via Exterior Corridors|Fire Place Available |Picnic Area|Wheelchair Accessibility - Room|Pick Up and Drop (Rly Station, Bus Stand, Temple)|Nature Walk|Smoking Area |Veranda|Vegetarian Food / Jain Food Available|Extra Person / Child - Share the same room|Village Visit ( Chargeable )|Car Rental|Meditation Room|Taxi Services|Badminttion Court|Campfire / Bon Fire|Food Facility| Drivers Rest Room|Newspapers In Lobby|Party hall|Guide / Sightseeing Service|Adjoining Rooms|RO Water Purification System|Outdoor Parking - Secured|Outdoor Parking - Non Secured|Parking Facility|Restaurant|Room Service|Trekking|Fire Safety",
Country Yard Resort (30 kms from Mount Abu),4.0,The standard check-in time is 12:00 PM and the standard check-out time is 09:00 AM. Early check-in or late check-out is strictly subjected to availability and may be chargeable by the hotel. Any early check-in or late check-out request must be directed and reconfirmed with hotel directly Hotel may charge compulsory gala dinner supplement on Christmas / New Year's eve or other festive periods. Any such supplements need to be paid directly at the hotel. Doctor on Call|Laundry Service Available|Multi Cuisine Restaurant |Local Tour / Travel Desk|24 Hour Front Desk|Luggage Storage|Internet Access,
Daman Ganga Valley Resort,4.0,"The standard check-in time is 12:00 PM and the standard check-out time is 10:00 AM. Early check-in or late check-out is strictly subjected to availability and may be chargeable by the hotel. Any early check-in or late check-out request must be directed and reconfirmed with hotel directly Hotel may charge compulsory gala dinner supplement on Christmas / New Year's eve or other festive periods. Any such supplements need to be paid directly at the hotel. Swimming Pool|Airport Transfer Available / Surcharge|Babysitting/ Child Care (surcharge)|Ballroom|Banquet Facilities|Bar / Lounge |Barbecue Area|Basketball Court |Billiards|Business Center |Concierge|Disabled Friendly Facilities |Doctor on Call|Games Zone|Gift Shop |Health Club / Gym Facility Available|Internet Access - Surcharge|Laundry Service Available|Lift / Elevator|Lobby|Non Smoking Rooms|Parking Facilities Available|Pets Allowed|Private / Plunge Pool|Front Desk|Multi Cuisine Restaurant |Locker Facility|Solarium|Table Tennis|Local Tour / Travel Desk|Valet service|Major Credit Cards Accepted|24 Hour Front Desk|Luggage Storage|Doorman|Medical Assistance Available|Power Backup|Express Check-In / Check-Out|Gardens|Computer Rental|Wedding Services Facility|Catering|Multi Lingual Staff|Wake-up Call / Service|Fitness Equipment|Porter / Bellhop|Sauna|Suitable For Children|Separate Sitting Area|Coffee Shop / Cafe|Conference Facility |Access Via Exterior Corridors|Disabled Friendly Rooms|Kitchen available (home cook food on request)|Electronic / Magnetic Keys|Limousine Service Available|Multi - Line Phone|Fire Place Available |Picnic Area|Jacuzzi|Wheelchair Accessibility - Room|Pool Table|Poolside Bar|Clubhouse|Safari|Boating|Pick Up and Drop (Rly Station, Bus Stand, Temple)|Nature Walk|Smoking Area |Veranda|Open Air Restaurant / Dining |Veg / Non Veg Kitchens Separate |Horse Ride ( Chargeable ) |In House Events |Vegetarian Food / Jain Food Available|Extra Person / Child - Share the same room|Village Visit ( Chargeable )|Car Rental|Express Laundry|Kids Play Zone|Water Dispenser Available|Taxi Services|Mini Theatre|Pool Cafe|Karaoke |Campfire / Bon Fire|Food Facility| Drivers Rest Room|Electronic Check-Out|Children's Park|Postal / Parcel Services|Family Room|Room Service (24 Hours)|Spa Services Nearby|Party hall|Air / Rail Booking|STD / ISD|Baggage Room|Courier Service|Guide / Sightseeing Service|RO Water Purification System|Outdoor Parking - Secured|Parking Facility|Restaurant|Room Service|Ayurvedic Facilities |Trekking|Fire Safety|Recreation Zone|Anti-Slip Ramps|CCTV|Fire Exit Signs|First-Aid Kit at Front Desk|Full Time Operation for All 7 Days|Hotel Trading License|Paid Transfers|Pest Control Facility|Porter Services Available|Public Restrooms|Security at All Hotel Entrances|Smoke Detector|Speciality Restaurant |Suites",
Club Mahindra Kumbhalgarh,4.0,The standard check-in time is 02:00 PM and the standard check-out time is 10:00 AM. Early check-in or late check-out is strictly subjected to availability and may be chargeable by the hotel. Any early check-in or late check-out request must be directed and reconfirmed with hotel directly Swimming Pool|Banquet Facilities|Bar / Lounge |Beauty Salon - on charge|Business Center |Doctor on Call|Internet Access - Surcharge|Laundry Service Available|Parking Facilities Available|Front Desk|Multi Cuisine Restaurant |Locker Facility|Spa On Site - Chargeable|Local Tour / Travel Desk|24 Hour Front Desk|Medical Assistance Available|Welcome Drinks|Power Backup|Gardens|Conference Facility |Fax Machine|Newspapers In Lobby|Room Service (24 Hours)|Parking Facility,
D. R. Residency,4.0,"The standard check-in time is 12:00 PM and the standard check-out time is 12:00 PM. Early check-in or late check-out is strictly subjected to availability and may be chargeable by the hotel. Any early check-in or late check-out request must be directed and reconfirmed with hotel directly Drivers are not allowed. Airport Transfer Available / Surcharge|Doctor on Call|Dry Cleaning|Gift Shop |Front Desk|Non Smoking Hotel|Local Tour / Travel Desk|24 Hour Front Desk|Power Backup|Wake-up Call / Service|Kitchen available (home cook food on request)|Pick Up and Drop (Rly Station, Bus Stand, Temple)|Veg / Non Veg Kitchens Separate |Vegetarian Food / Jain Food Available|Car Rental|Taxi Services|City Shuttle Service| Drivers Rest Room|Newspapers In Lobby|Parking (Surcharge)|Air / Rail Booking|Baggage Room|Guide / Sightseeing Service",
Corbett Jungle Treasure,4.0,The standard check-in time is 12:00 PM and the standard check-out time is 10:00 AM. Early check-in or late check-out is strictly subjected to availability and may be chargeable by the hotel. Any early check-in or late check-out request must be directed and reconfirmed with hotel directly Hotel may charge compulsory gala dinner supplement on Christmas / New Year's eve or other festive periods. Any such supplements need to be paid directly at the hotel. Swimming Pool|Business Center |Doctor on Call|Dry Cleaning|Internet Access - Surcharge|Laundry Service Available|Lobby|Parking Facilities Available|Front Desk|Multi Cuisine Restaurant |Locker Facility|Table Tennis|Local Tour / Travel Desk|Major Credit Cards Accepted|24 Hour Front Desk|Welcome Drinks|Power Backup|Gardens|Wedding Services Facility|Conference Facility |Free Local Calls|Picnic Area|Discotheque |Nature Walk|Taxi Services| Drivers Rest Room|Internet Access Free|Newspapers In Lobby|Room Service (24 Hours)| Cook Services|Party hall|Baggage Room|Outdoor Parking - Secured|Parking Facility,
Chyavana Ayur Retreat,4.0,"The standard check-in time is 02:00 PM and the standard check-out time is 12:00 PM. Early check-in or late check-out is strictly subjected to availability and may be chargeable by the hotel. Any early check-in or late check-out request must be directed and reconfirmed with hotel directly Booking rates will not be valid for Christmas and New year dates, High season and long weekend dates extra supplement will be charged over and above the paid rates as per actual and hotel discretion. Doctor on Call|Parking Facilities Available|Front Desk|Local Tour / Travel Desk|Medical Assistance Available|Room Service",
Coffee Cottage,4.0,The standard check-in time is 12:00 PM and the standard check-out time is 11:00 AM. Early check-in or late check-out is strictly subjected to availability and may be chargeable by the hotel. Any early check-in or late check-out request must be directed and reconfirmed with hotel directly  We do not allow unmarried / unrelated couples to checkin. This is at full discretion of the hotel management. No refund would be applicable in case the checkin is denied under such circumstances Doctor on Call|Parking Facilities Available|Outdoor Parking - Secured|Parking Facility|Public Restrooms,
Classic Hotel &amp; Restaurant,4.0,The standard check-in time is 11:00 AM and the standard check-out time is 12:00 PM. Early check-in or late check-out is strictly subjected to availability and may be chargeable by the hotel. Any early check-in or late check-out request must be directed and reconfirmed with hotel directly  We do not allow unmarried / unrelated couples to checkin. This is at full discretion of the hotel management. No refund would be applicable in case the checkin is denied under such circumstances Bar / Lounge |Doctor on Call|Internet Access - Surcharge|Parking Facilities Available|Front Desk|Multi Cuisine Restaurant |Dance Performances (on demand)|Catering|Wake-up Call / Service|Conference Facility |Smoking Rooms|Kitchen available (home cook food on request)|Veg / Non Veg Kitchens Separate |Shopping Drop Facility (on fixed timings)|Food Facility|Newspapers In Lobby|Parking Facility|Internet Access|Restaurant|Room Service|Pest Control Facility,
Costa Malabari,4.0,The standard check-in time is 12:00 PM and the standard check-out time is 12:00 PM. Early check-in or late check-out is strictly subjected to availability and may be chargeable by the hotel. Any early check-in or late check-out request must be directed and reconfirmed with hotel directly All rooms are comfortable with a nice environment.Enjoy your stay full value of money.Clean and hygienic stay.                Pleasant and nice room. Doctor on Call|Parking Facility|Fire Safety,
City Park Airport - A Boutique Hotel,4.0,"The standard check-in time is 12:00 PM and the standard check-out time is 12:00 PM. Early check-in or late check-out is strictly subjected to availability and may be chargeable by the hotel. Any early check-in or late check-out request must be directed and reconfirmed with hotel directly Hotel may charge compulsory gala dinner supplement on Christmas / New Year's eve or other festive periods. Any such supplements need to be paid directly at the hotel. Airport Transfer Available / Surcharge|Ballroom|Banquet Facilities|Business Center |Currency Exchange|Doctor on Call|Dry Cleaning|Laundry Service Available|Lobby|Non Smoking Rooms|Parking Facilities Available|Front Desk|Local Tour / Travel Desk|Major Credit Cards Accepted|24 Hour Front Desk|Luggage Storage|Air-Conditioning - Central|Welcome Drinks|Power Backup|Express Check-In / Check-Out|Gardens|Wake-up Call / Service|Coffee Shop / Cafe|Conference Facility |Smoking Rooms|Wheelchair Accessibility - Room|Pick Up and Drop (Rly Station, Bus Stand, Temple)|Smoking Area |Vegetarian Food / Jain Food Available|Car Rental|Taxi Services|Food Facility|Newspapers In Lobby|Room Service (24 Hours)|Spa Services Nearby|Party hall|Baggage Room|Laptop Available on Hire|Internet / Fax (Reception area only)|RO Water Purification System",
Coastal Breeze,4.0,"The standard check-in time is 09:00 AM and the standard check-out time is 08:00 AM. Early check-in or late check-out is strictly subjected to availability and may be chargeable by the hotel. Any early check-in or late check-out request must be directed and reconfirmed with hotel directly 1.ALL GUESTS ARE REQUIRED TO PRESENT PROPER PHOTO IDENTIFICATION UPON CHECK IN. 2.The identity proof would include a valid Driving license/voter identity card/PAN card, etc. Valid Passport mandatory for all Foreign guests. 3.Booking rates will not be valid for Christmas and New year dates High season and long weekend dates extra supplement will be charged over and above the paid rates as per actual and hotel discretion. No refund applicable in case of any cancellation of ferry due to weather condition and in case of natural calamity. Dinner Supplement compulsory for 20.12.15 till 20.01.2016  Extra to be paid at the hotel directly No refund would be applicable in case the hotel denies check-in under such circumstances. Doctor on Call|Lobby|Parking Facilities Available|Front Desk|24 Hour Front Desk|Medical Assistance Available|Power Backup|Nature Walk|Newspapers In Lobby|Room Service (24 Hours)|STD / ISD|Internet / Fax (Reception area only)|Parking Facility|Fire Safety|CCTV|Fire Exit Signs|First-Aid Kit at Front Desk|Paid Transfers|Stamps and Mailing Facility",
Daisy Home,4.0,The standard check-in time is 12:00 PM and the standard check-out time is 12:00 PM. Early check-in or late check-out is strictly subjected to availability and may be chargeable by the hotel. Any early check-in or late check-out request must be directed and reconfirmed with hotel directly Banquet Facilities|Doctor on Call|Internet Access - Surcharge|Lobby|Parking Facilities Available|Multi Cuisine Restaurant |Power Backup|Express Laundry|Internet Access Free|Newspapers In Lobby|Room Service (24 Hours)|RO Water Purification System,
Crystal Retreat,4.0,The standard check-in time is 12:00 PM and the standard check-out time is 12:00 PM. Early check-in or late check-out is strictly subjected to availability and may be chargeable by the hotel. Any early check-in or late check-out request must be directed and reconfirmed with hotel directly **Mandatory Supplement for 31st Dec.2014 is Rs.2500/- Per Couple. which will be Directly payable to the hotel by guest at the time of check inn. Babysitting/ Child Care (surcharge)|Currency Exchange|Doctor on Call|Internet Access - Surcharge|Laundry Service Available|Lift / Elevator|Parking Facilities Available|Multi Cuisine Restaurant |Locker Facility|Local Tour / Travel Desk|Major Credit Cards Accepted|Power Backup|Conference Facility |Fax Machine|Massage Services |Room Service (24 Hours),
Citrus Cunningham Road Bangalore,4.0,"The standard check-in time is 12:00 PM and the standard check-out time is 12:00 PM. Early check-in or late check-out is strictly subjected to availability and may be chargeable by the hotel. Any early check-in or late check-out request must be directed and reconfirmed with hotel directly 2 pieces Ironing per night. Cancel before 48 hours in order to avoid any retention charges. If cancelled within 48 hours, 1 night retention to be charged. No refunds would be made against any No Show Extra Child (5-12 years without bed) wiil be chargeble.  Extra Child (below 5 years) will be Complimentary Bar / Lounge |Business Center |Disabled Friendly Facilities |Health Club / Gym Facility Available|Internet Access - Surcharge|Laundry Service Available|Lift / Elevator|Parking Facilities Available|Front Desk|Multi Cuisine Restaurant |Locker Facility|24 Hour Front Desk|Power Backup|Catering|Room Service (24 Hours)|Outdoor Parking - Secured|Parking Facility|Internet Access|Room Service|Porter Services Available|Public Restrooms|Speciality Restaurant",
Cosmos Guest Homes - Bellandur,4.0,The standard check-in time is 12:00 PM and the standard check-out time is 12:00 PM. Early check-in or late check-out is strictly subjected to availability and may be chargeable by the hotel. Any early check-in or late check-out request must be directed and reconfirmed with hotel directly Valid ID proof should be produced at the time of check-in. Doctor on Call|Health Club / Gym Facility Available|Internet Access - Surcharge|Laundry Service Available|Lift / Elevator|Parking Facilities Available|Power Backup|Gardens|Kitchen available (home cook food on request)|Food Facility|Children's Park|Parking Facility|Room Service,
Cyber City Hotels,4.0,"The standard check-in time is 12:00 PM and the standard check-out time is 12:00 PM. Early check-in or late check-out is strictly subjected to availability and may be chargeable by the hotel. Any early check-in or late check-out request must be directed and reconfirmed with hotel directly 1. Any supplements need to be paid directly at the hotel. 2. All guests requested to carry Valid ID proof for Check Inn. 3. Couple Guests with Local ID's are not allowed to check inn. 4. Cancellation and prepayment policies vary according to room type. 5. All children under 5 years stay free of charge when using existing beds.  Within 48 hours 1 night retention, Up to 48 hours full refund, In case of No show 100% retention. Doctor on Call|Laundry Service Available|Conference Facility |Kitchen available (home cook food on request)|Newspapers In Lobby",
"CORBETT AROMA PARK,CORBETT",4.0,The standard check-in time is 01:00 PM and the standard check-out time is 11:00 AM. Early check-in or late check-out is strictly subjected to availability and may be chargeable by the hotel. Any early check-in or late check-out request must be directed and reconfirmed with hotel directly Gala Dinner included in APAI meal plan on 24th of Dec. / 31st of Dec.2016 Swimming Pool|Airport Transfer Available / Surcharge|Disabled Friendly Facilities |Doctor on Call|Dry Cleaning|Internet Access - Surcharge|Laundry Service Available|Lobby|Non Smoking Rooms|Parking Facilities Available|Front Desk|Multi Cuisine Restaurant |Non Smoking Hotel|Welcome Drinks|Power Backup|Gardens|Room Service (24 Hours)|Parking Facility,
Deira city Residency Hotel,4.0,The standard check-in time is 12:00 PM and the standard check-out time is 12:00 PM. Early check-in or late check-out is strictly subjected to availability and may be chargeable by the hotel. Any early check-in or late check-out request must be directed and reconfirmed with hotel directly We do not allow unmarried / unrelated couples to checkin. This is at full discretion of the hotel management. No refund would be applicable in case the checkin is denied under such circumstances. Customer Government approved Photo ID card is must to carry at the time of check in. Doctor on Call|Front Desk|24 Hour Front Desk|Luggage Storage|Adjoining Rooms|RO Water Purification System|Outdoor Parking - Secured|Parking Facility|Room Service|Fire Safety|Recreation Zone|Anti-Slip Ramps|CCTV|First-Aid Kit at Front Desk,
Country Inn and Suites By Carlson Vaishnodevi,4.0,The standard check-in time is 02:00 PM and the standard check-out time is 12:00 PM. Early check-in or late check-out is strictly subjected to availability and may be chargeable by the hotel. Any early check-in or late check-out request must be directed and reconfirmed with hotel directly  Hotel may charge gala dinner supplement on Christmas/New Years eve or other festive periods. Which needs to be paid directly at the hotel.As per the govt. guidelines valid govt. issued id proofs are required to be presented at the Time of C/in. Any early arrival or late departure shall be subject to availability and additional charges as applicable. Pets not allowed in the hotel. Swimming Pool|Ballroom|Banquet Facilities|Business Center |Concierge|Currency Exchange|Doctor on Call|Games Zone|Gift Shop |Health Club / Gym Facility Available|Internet Access - Surcharge|Laundry Service Available|Lift / Elevator|Lobby|Non Smoking Rooms|Parking Facilities Available|Front Desk|Multi Cuisine Restaurant |Locker Facility|Spa On Site - Chargeable|Table Tennis|24 Hour Front Desk|Air-Conditioning - Central|Welcome Drinks|Power Backup|Gardens|Audio - Visual Equipment|Wake-up Call / Service|Conference Facility |Electronic / Magnetic Keys|Wheelchair Accessibility - Room|Pool Table|Kids Play Zone|Badminttion Court|Board Room|Internet Access Free|Newspapers In Lobby|Room Service (24 Hours)|Spa Services Nearby|Outdoor Parking - Secured|Internet Access|Fire Safety|CCTV|Fire Exit Signs|Full Time Operation for All 7 Days|Paid Transfers,
Comfort Regency Hotel,4.0,"The standard check-in time is 02:00 PM and the standard check-out time is 12:00 PM. Early check-in or late check-out is strictly subjected to availability and may be chargeable by the hotel. Any early check-in or late check-out request must be directed and reconfirmed with hotel directly Booking rates will not be valid for Christmas and New year dates, High season and long weekend dates  extra supplement will be charged over and above the paid rates as per actual and hotel discretion. Doctor on Call|Lobby|Parking Facilities Available|Front Desk|Local Tour / Travel Desk|24 Hour Front Desk|Air-Conditioning - Central|Power Backup",
Country Roads,4.0,The standard check-in time is 01:00 AM and the standard check-out time is 12:00 PM. Early check-in or late check-out is strictly subjected to availability and may be chargeable by the hotel. Any early check-in or late check-out request must be directed and reconfirmed with hotel directly Hotel may charge compulsory gala dinner supplement on Christmas / New Year's eve or other festive periods. Any such supplements need to be paid directly at the hotel. Swimming Pool|Banquet Facilities|Bar / Lounge |Barbecue Area|Currency Exchange|Doctor on Call|Internet Access - Surcharge|Laundry Service Available|Library|Front Desk|Multi Cuisine Restaurant |Spa On Site - Chargeable|Conference Facility |Pool Table,
Credora Inn,4.0,The standard check-in time is 01:00 PM and the standard check-out time is 12:00 PM. Early check-in or late check-out is strictly subjected to availability and may be chargeable by the hotel. Any early check-in or late check-out request must be directed and reconfirmed with hotel directly Standard check-in checkout time applicable. Laundry Service Available|Lift / Elevator|Lobby|Parking Facilities Available|Front Desk|Major Credit Cards Accepted|24 Hour Front Desk|Power Backup|Catering|Wake-up Call / Service|Separate Sitting Area|Coffee Shop / Cafe|Kitchen available (home cook food on request)|Wheelchair Accessibility - Room|Transfers Available|Vegetarian Food / Jain Food Available|Taxi Services|Food Facility|Internet Access Free|Newspapers In Lobby|Room Service (24 Hours)| Cook Services|Party hall|RO Water Purification System|Parking Facility|Room Service|Ayurvedic Facilities |CCTV|First-Aid Kit at Front Desk|Full Time Operation for All 7 Days|Paid Transfers,
Club Mahindra Derby Green,4.0,The standard check-in time is 02:00 PM and the standard check-out time is 10:00 AM. Early check-in or late check-out is strictly subjected to availability and may be chargeable by the hotel. Any early check-in or late check-out request must be directed and reconfirmed with hotel directly If Cancelled Before 31 days it will be Full Refund        If cancelled from 31 days to 15 Days it will be 50% Refund If cancelled from 14 days to day of arrival or No Show it will be NO Refund Doctor on Call|Lobby|Parking Facilities Available|Front Desk|Multi Cuisine Restaurant,
De Sai Palace,4.0,The standard check-in time is 12:00 PM and the standard check-out time is 10:00 AM. Early check-in or late check-out is strictly subjected to availability and may be chargeable by the hotel. Any early check-in or late check-out request must be directed and reconfirmed with hotel directly 100% cancellation charges in case booking cancelled 24 hours before checkin and withing 24 hours of checkin 2 nights cancellation charges shall be applicable  NON REFUNDABLE BOOKING Swimming Pool|Airport Transfer Available / Surcharge|Business Center |Currency Exchange|Doctor on Call|Laundry Service Available|Lift / Elevator|Parking Facilities Available|Front Desk|Multi Cuisine Restaurant |24 Hour Front Desk|Medical Assistance Available|Power Backup|Catering|Suitable For Children|Open Air Restaurant / Dining |Veg / Non Veg Kitchens Separate |Vegetarian Food / Jain Food Available|Car Rental|Pool Cafe|Food Facility|Room Service (24 Hours)|Air / Rail Booking|Guide / Sightseeing Service|Courtesy Coach|Outdoor Parking - Secured|Parking Facility|Restaurant|Room Service,
Cocoon Hotel,4.0,The standard check-in time is 12:00 PM and the standard check-out time is 12:00 PM. Early check-in or late check-out is strictly subjected to availability and may be chargeable by the hotel. Any early check-in or late check-out request must be directed and reconfirmed with hotel directly Check in check out 12.00 noon Airport Transfer Available / Surcharge|Banquet Facilities|Bar / Lounge |Beauty Salon - on charge|Business Center |Concierge|Currency Exchange|Doctor on Call|Laundry Service Available|Lobby|Parking Facilities Available|Front Desk|Multi Cuisine Restaurant |Locker Facility|Local Tour / Travel Desk|Major Credit Cards Accepted|24 Hour Front Desk|Luggage Storage|Air-Conditioning - Central|Welcome Drinks|Power Backup|Express Check-In / Check-Out|Wedding Services Facility|Wake-up Call / Service|Conference Facility |Smoking Rooms|Electronic / Magnetic Keys|Nature Walk|Car Rental|Express Laundry|Food Facility|Newspapers In Lobby|Room Service (24 Hours)| Cook Services|Party hall|STD / ISD|Baggage Room|Parking Facility,
Cosmos Luxury Kharadi,4.0,The standard check-in time is 12:00 PM and the standard check-out time is 12:00 PM. Early check-in or late check-out is strictly subjected to availability and may be chargeable by the hotel. Any early check-in or late check-out request must be directed and reconfirmed with hotel directly we need id proof at the time of check in. unmarried couples not allowed Laundry Service Available|Parking Facilities Available|Front Desk|Car Rental|Internet Access|Room Service,
Christy Rooms,4.0,The standard check-in time is 02:00 PM and the standard check-out time is 12:00 PM. Early check-in or late check-out is strictly subjected to availability and may be chargeable by the hotel. Any early check-in or late check-out request must be directed and reconfirmed with hotel directly We do not allow unmarried / unrelated couples to checkin. This is at full discretion of the hotel management. No refund would be applicable in case the checkin is denied under such circumstances Bar / Lounge |Business Center |Health Club / Gym Facility Available|Laundry Service Available|Lift / Elevator|Parking Facilities Available|Front Desk|Multi Cuisine Restaurant |Locker Facility|Power Backup|Discotheque |Room Service (24 Hours)|Airport Transfer Free|Outdoor Parking - Secured|Parking Facility|Room Service|Porter Services Available|Public Restrooms|Speciality Restaurant |Suites,
Cosmos Apartment Calangute II,4.0,"The standard check-in time is 12:30 PM and the standard check-out time is 11:00 AM. Early check-in or late check-out is strictly subjected to availability and may be chargeable by the hotel. Any early check-in or late check-out request must be directed and reconfirmed with hotel directly AS PER GOVERNMENT DIRECTIVES IT IS MANDATORY FOR ALL GUEST TO SHOW THEIR PHOTO ID AT CHECK IN, WHICH CAN BE IN FORM OF PASSPORT AND VISA COPY/ DRIVING LICENSE/ VOTER ID CARD FAILING WHICH THE HOTEL RESERVES THE RIGHT OF REFUSAL. Airport Transfer Available / Surcharge|Doctor on Call|Parking Facilities Available|Local Tour / Travel Desk|Luggage Storage| Bike on Rent|Village Visit ( Chargeable )|Car Rental|Taxi Services|Spa Services Nearby|Guide / Sightseeing Service|Outdoor Parking - Non Secured|Parking Facility|Full Time Operation for All 7 Days|Paid Transfers",
Craft village,4.0,"The standard check-in time is 12:00 PM and the standard check-out time is 12:00 PM. Early check-in or late check-out is strictly subjected to availability and may be chargeable by the hotel. Any early check-in or late check-out request must be directed and reconfirmed with hotel directly Booking rates will not be valid for Christmas and New year dates, High season and long weekend dates , extra supplement will be charged over and above the paid rates as per actual and hotel discretion Barbecue Area|Business Center |Parking Facilities Available|24 Hour Front Desk|Doorman|Welcome Drinks|Power Backup|Gardens|Audio - Visual Equipment|Dance Performances (on demand)|Porter / Bellhop|Suitable For Children|Conference Facility |Veranda|Shopping Drop Facility (on fixed timings)|In House Events |Car Rental|Board Room|Amphitheatre|Campfire / Bon Fire|Newspapers In Lobby|Children's Park|Room Service (24 Hours)| Cook Services|Air / Rail Booking|Courier Service|Airport Transfer Free|Outdoor Parking - Secured|Parking Facility|Internet Access|Room Service|Recreation Zone|Full Time Operation for All 7 Days|Porter Services Available|Security at All Hotel Entrances|Stamps and Mailing Facility",
Clarks Inn Kaushambi,4.0,The standard check-in time is 12:00 PM and the standard check-out time is 12:00 PM. Early check-in or late check-out is strictly subjected to availability and may be chargeable by the hotel. Any early check-in or late check-out request must be directed and reconfirmed with hotel directly Hotel may charge compulsory gala dinner supplement on Christmas / New Year's eve or other festive periods. Any such supplements need to be paid directly at the hotel. Doctor on Call|Dry Cleaning|Internet Access - Surcharge|Laundry Service Available|Lift / Elevator|Lobby|Parking Facilities Available|Front Desk|Multi Cuisine Restaurant |Non Smoking Hotel|Major Credit Cards Accepted|24 Hour Front Desk|Luggage Storage|Air-Conditioning - Central|Express Check-In / Check-Out|Conference Facility |Newspapers In Lobby,
Clover Suites,4.0,"The standard check-in time is 12:00 PM and the standard check-out time is 11:00 AM. Early check-in or late check-out is strictly subjected to availability and may be chargeable by the hotel. Any early check-in or late check-out request must be directed and reconfirmed with hotel directly Booking rates will not be valid for Christmas and New year dates, High season and long weekend dates,extra supplement will be charged over and above the paid rates as per actual and hotel discretion Internet Access - Surcharge|Laundry Service Available|Lobby|Parking Facilities Available|Local Tour / Travel Desk|24 Hour Front Desk|Power Backup|Newspapers In Lobby|Parking Facility",
Cosmic Leisure Resort,4.0,The standard check-in time is 12:00 PM and the standard check-out time is 11:00 AM. Early check-in or late check-out is strictly subjected to availability and may be chargeable by the hotel. Any early check-in or late check-out request must be directed and reconfirmed with hotel directly Currency Exchange|Doctor on Call|Front Desk|Local Tour / Travel Desk|Major Credit Cards Accepted,
CLARKS GRAND,4.0,The standard check-in time is 12:01 PM and the standard check-out time is 11:59 AM. Early check-in or late check-out is strictly subjected to availability and may be chargeable by the hotel. Any early check-in or late check-out request must be directed and reconfirmed with hotel directly Government ID cards are mandatory during the time of check in. Swimming Pool|Bar / Lounge |Health Club / Gym Facility Available|Internet Access - Surcharge|Laundry Service Available|Lift / Elevator|Parking Facilities Available|Front Desk|Multi Cuisine Restaurant |Locker Facility|Power Backup|Gardens|Internet Access Free|Room Service (24 Hours)|Outdoor Parking - Secured|Parking Facility,
Coffee Land Homestay,4.0,"The standard check-in time is 12:00 PM and the standard check-out time is 11:00 AM. Early check-in or late check-out is strictly subjected to availability and may be chargeable by the hotel. Any early check-in or late check-out request must be directed and reconfirmed with hotel directly Hotel Check-in Time is 12 PM, Check-out Time is 12 PM. Doctor on Call|Internet Access - Surcharge|Parking Facilities Available|Front Desk|Locker Facility|Table Tennis|24 Hour Front Desk|Power Backup|Gardens|Nature Walk|Car Rental|Campfire / Bon Fire|Food Facility|Internet Access Free|Room Service (24 Hours)|Parking Facility",
Deepikas Garden Residence,4.0,The standard check-in time is 10:00 AM and the standard check-out time is 09:30 AM. Early check-in or late check-out is strictly subjected to availability and may be chargeable by the hotel. Any early check-in or late check-out request must be directed and reconfirmed with hotel directly Parking Facilities Available|Gardens|Kitchen available (home cook food on request)|Campfire / Bon Fire,
Coorg KoteKaad Dreams,4.0,"The standard check-in time is 02:00 PM and the standard check-out time is 12:00 PM. Early check-in or late check-out is strictly subjected to availability and may be chargeable by the hotel. Any early check-in or late check-out request must be directed and reconfirmed with hotel directly Booking rates will not be valid for Christmas  New year dates, High season  long weekend dates  extra supplement will be charged over  above the paid rates as per actual  hotel discretion. Swimming Pool|Parking Facilities Available|Front Desk|Power Backup|Gardens|Outdoor Parking - Secured|Parking Facility|Room Service|Public Restrooms|Speciality Restaurant",
"Clarks Inn, Badami",4.0,The standard check-in time is 12:00 PM and the standard check-out time is 12:00 PM. Early check-in or late check-out is strictly subjected to availability and may be chargeable by the hotel. Any early check-in or late check-out request must be directed and reconfirmed with hotel directly Need Valid ID proof for all adults C/in in the hotel. Airport Transfer Available / Surcharge|Beauty Salon - on charge|Business Center |Concierge|Doctor on Call|Laundry Service Available|Lobby|Parking Facilities Available|Front Desk|Multi Cuisine Restaurant |Locker Facility|Spa On Site - Chargeable|24 Hour Front Desk|Air-Conditioning - Central|Power Backup|Express Check-In / Check-Out|Private Beach|Car Rental|Room Service (24 Hours)|RO Water Purification System|Parking Facility|Internet Access|Restaurant|Public Restrooms,
Dalvi villa,4.0,The standard check-in time is 12:00 PM and the standard check-out time is 12:00 PM. Early check-in or late check-out is strictly subjected to availability and may be chargeable by the hotel. Any early check-in or late check-out request must be directed and reconfirmed with hotel directly We do not allow unmarried / unrelated couples to checkin. This is at full discretion of the hotel management. No refund would be applicable in case the checkin is denied under such circumstances. Doctor on Call|Lobby|Front Desk|Power Backup|Suitable For Children|Veranda|Taxi Services|Newspapers In Lobby|Parking Facility|Room Service|Fire Safety|Anti-Slip Ramps|Fire Exit Signs|First-Aid Kit at Front Desk|Public Restrooms,
Cliff Top Club Resort,4.0,"The standard check-in time is 12:00 PM and the standard check-out time is 09:30 AM. Early check-in or late check-out is strictly subjected to availability and may be chargeable by the hotel. Any early check-in or late check-out request must be directed and reconfirmed with hotel directly **Note :There will be Compulsory X Mas / New Year Gala Dinner Supplement Charges Extra at Rs. 3500/- Per Adult, at Rs. 2500/- per Kid which will be directly payable to the hotel at the time of check in by guest. Important Travel Advisory : Till further notice, Cable car is NOT operational and under maintenance. --------------------------------------------------------------------------------------------- In that case also, Guest MUST be in Joshimath by 3 PM in order to further drive 14 Km uptill Govt. Bungalow and catch  an enjoyable chairlift which will leave Guest few yards up from Cliff Top Club. Guests are suggested to call Resort before  boarding the same so that Room Boys can be sent to pickup luggage. Airport Transfer Available / Surcharge|Banquet Facilities|Barbecue Area|Doctor on Call|Dry Cleaning|Games Zone|Internet Access - Surcharge|Laundry Service Available|Non Smoking Rooms|Parking Facilities Available|Front Desk|Multi Cuisine Restaurant |Locker Facility|Conference Facility |Room Service (24 Hours)",
Corbett Tiger huts,4.0,"The standard check-in time is 12:00 PM and the standard check-out time is 10:00 AM. Early check-in or late check-out is strictly subjected to availability and may be chargeable by the hotel. Any early check-in or late check-out request must be directed and reconfirmed with hotel directly BOOKING - To make advance booking, names, age and gender of all passengers is required. Also a photo id Card number of any ONE guest per jeep is required which the guest must carry with him at the time of going to safari. For foreigners - Names, age, gender, passport number and nationality is required for all guests. **Note : New Year cumpulsory suppliment charges (on 31 December Only) in addition to the room rent  Rs 4000 per couple and Rs. 1000/- per child. This will include, Gala evening, entertainment, cocktail snacks, Juices, Soft drinks, soda, Games, Unlimited hard drinks in the evening. (such charges will be directly payable to hotel at the time of check in) Barbecue Area|Front Desk|Multi Cuisine Restaurant |Wedding Services Facility|Conference Facility |Safari|Parking Facility",
Coelho Guest House,4.0,The standard check-in time is 12:00 PM and the standard check-out time is 10:00 AM. Early check-in or late check-out is strictly subjected to availability and may be chargeable by the hotel. Any early check-in or late check-out request must be directed and reconfirmed with hotel directly Photo identinty is mandatory for all the guest who crossed their minority Pancard is not valid as photo identity Pets not allowed  We do not allow unmarried / unrelated couples to checkin. This is at full discretion of the hotel management. No refund would be applicable in case the checkin is denied under such circumstances Parking Facility,
Danladic Houseboat,4.0,The standard check-in time is 12:00 PM and the standard check-out time is 09:00 AM. Early check-in or late check-out is strictly subjected to availability and may be chargeable by the hotel. Any early check-in or late check-out request must be directed and reconfirmed with hotel directly  05.30 PM to 08.00 AM- Boat will Anchored and it will be idle in the lake.     As per GOVT. Rule- Village people need to put the net in the lake for fishing For Deluxe rooms A/c will be from 09.00 Pm to 6 AM Front Desk|Power Backup|Parking Facility|Room Service,
Country Inn and  Suites By Carlson Goa Panjim,4.0,The standard check-in time is 02:00 PM and the standard check-out time is 11:00 AM. Early check-in or late check-out is strictly subjected to availability and may be chargeable by the hotel. Any early check-in or late check-out request must be directed and reconfirmed with hotel directly Check in time is 1400hrs. Early check-ins are subject to availability and are chargeable. Check Out time is 1100hrs. Late departure requests are considered subject to availability. More than 2 hours is chargeable. Swimming Pool|Ballroom|Banquet Facilities|Bar / Lounge |Business Center |Currency Exchange|Doctor on Call|Dry Cleaning|Health Club / Gym Facility Available|Laundry Service Available|Library|Lift / Elevator|Lobby|Parking Facilities Available|Front Desk|Multi Cuisine Restaurant |24 Hour Front Desk|Doorman|Medical Assistance Available|Welcome Drinks|Power Backup|Audio - Visual Equipment|Multi Lingual Staff|Wake-up Call / Service|Fitness Equipment|Porter / Bellhop|Suitable For Children|Coffee Shop / Cafe|Conference Facility |Smoking Rooms|ATM / Banking|Fax Machine|Smoking Area |In House Events |Vegetarian Food / Jain Food Available|Car Rental|Taxi Services|Board Room|Food Facility|Internet Access Free|Newspapers In Lobby|Room Service (24 Hours)|Parking (Surcharge)|STD / ISD|Guide / Sightseeing Service|Adjoining Rooms|Outdoor Parking - Secured|Parking Facility|Restaurant|Fire Exit Signs|Full Time Operation for All 7 Days|Security at All Hotel Entrances|Suites,
Country Club  Begumpet,4.0,The standard check-in time is 12:00 PM and the standard check-out time is 12:00 PM. Early check-in or late check-out is strictly subjected to availability and may be chargeable by the hotel. Any early check-in or late check-out request must be directed and reconfirmed with hotel directly Swimming Pool|Airport Transfer Available / Surcharge|Banquet Facilities|Bar / Lounge |Beauty Salon - on charge|Concierge|Health Club / Gym Facility Available|Laundry Service Available|Lift / Elevator|Lobby|Night Club|Parking Facilities Available|Front Desk|Multi Cuisine Restaurant |Spa On Site - Chargeable|Local Tour / Travel Desk|Major Credit Cards Accepted|24 Hour Front Desk|Gardens|Wedding Services Facility|Multi Lingual Staff|In House Events |Kids Play Zone|Food Facility|Party hall|Parking Facility|Internet Access|Room Service|Ayurvedic Facilities |CCTV|Security at All Hotel Entrances,
Deccan Classic Residency,4.0,"The standard check-in time is 12:00 PM and the standard check-out time is 12:00 PM. Early check-in or late check-out is strictly subjected to availability and may be chargeable by the hotel. Any early check-in or late check-out request must be directed and reconfirmed with hotel directly According to government regulations, a valid Photo ID has to be carried by every person who stays at the hotel. The identification proofs accepted are Drivers License, Voters Card, Passport, Ration Card. Without valid ID the guest will not be allowed to check in. Note- PAN Cards will not be accepted as a valid ID card.   *   It is mandatory for guests to present valid photo identification at the time of check-in.   *   The primary guest checking in to the hotel must be at least 21 years of age.   *   The hotel reserves the right of admission. Accommodation can be denied to guests posing as a couple if suitable proof of identification is not presented at check-in.   *   The hotel reserves the right of admission for local residents. Accommodation can be denied to guests residing in the same city.   *   Local ID proof will not be valid. Doctor on Call|Laundry Service Available|Lobby|Power Backup|Parking Facility",
Coral Tree,4.0,The standard check-in time is 12:00 PM and the standard check-out time is 12:00 PM. Early check-in or late check-out is strictly subjected to availability and may be chargeable by the hotel. Any early check-in or late check-out request must be directed and reconfirmed with hotel directly Hotel may charge compulsory gala dinner supplement on Christmas / New Year's eve or other festive periods. Any such supplements need to be paid directly at the hotel. ALL GUESTS ARE REQUIRED TO PRESENT PROPER PHOTO IDENTIFICATION UPON CHECK IN. The identity proof would include a valid Driving license/voter identity card Photo ID/With address. Valid Passport mandatory for all Foreign guests Airport Transfer Available / Surcharge|Bar / Lounge |Business Center |Concierge|Currency Exchange|Doctor on Call|Health Club / Gym Facility Available|Internet Access - Surcharge|Lift / Elevator|Non Smoking Rooms|Parking Facilities Available|Multi Cuisine Restaurant |Spa On Site - Chargeable|Local Tour / Travel Desk|Valet service|Major Credit Cards Accepted|24 Hour Front Desk|Smoking Area |Newspapers In Lobby|Room Service (24 Hours)|Adjoining Rooms,
Daryasarang Palace,4.0,The standard check-in time is 10:00 AM and the standard check-out time is 09:00 AM. Early check-in or late check-out is strictly subjected to availability and may be chargeable by the hotel. Any early check-in or late check-out request must be directed and reconfirmed with hotel directly Laundry Service Available|Parking Facilities Available|Local Tour / Travel Desk,
Corbett Moon Resort,4.0,The standard check-in time is 12:00 PM and the standard check-out time is 12:00 PM. Early check-in or late check-out is strictly subjected to availability and may be chargeable by the hotel. Any early check-in or late check-out request must be directed and reconfirmed with hotel directly 1) 02 Childrens upto 05 years complimentary (sharing parents bed) 2) Children above 05 years upto 12 yrs (sharing parents bed): INR1000 3) Children above 05 years upto 12 yrs (with Extra bed): INR1500 Doctor on Call|Lobby|Front Desk|Luggage Storage,
Dahleez-A Boutique Hotel,4.0,The standard check-in time is 12:00 PM and the standard check-out time is 12:00 PM. Early check-in or late check-out is strictly subjected to availability and may be chargeable by the hotel. Any early check-in or late check-out request must be directed and reconfirmed with hotel directly 1.	All guests requested to carry Valid ID proof for Check In 2.	Couple Guests with Local ID's are not allowed to check in 3.	Cancellation and prepayment policies vary according to room type. Airport Transfer Available / Surcharge|Doctor on Call|Dry Cleaning|Internet Access - Surcharge|Laundry Service Available|Lobby|Parking Facilities Available|Front Desk|Locker Facility|Major Credit Cards Accepted|24 Hour Front Desk|Medical Assistance Available|Welcome Drinks|Power Backup|Wake-up Call / Service|Conference Facility |Express Laundry|Taxi Services|Food Facility|Newspapers In Lobby|Room Service (24 Hours)| Cook Services|Outdoor Parking - Secured,
Choral Resort,4.0,The standard check-in time is 12:00 PM and the standard check-out time is 12:00 PM. Early check-in or late check-out is strictly subjected to availability and may be chargeable by the hotel. Any early check-in or late check-out request must be directed and reconfirmed with hotel directly ,
Darbargadh Palace  by Heritage Villas,4.0,"The standard check-in time is 12:00 PM and the standard check-out time is 12:00 PM. Early check-in or late check-out is strictly subjected to availability and may be chargeable by the hotel. Any early check-in or late check-out request must be directed and reconfirmed with hotel directly Hotel is located in a dry state, hence alocohol is strictly prohibited. Swimming Pool|Business Center |Laundry Service Available|Parking Facilities Available|Front Desk|Multi Cuisine Restaurant |Power Backup|Gardens|Internet Access Free|Outdoor Parking - Secured|Parking Facility|Room Service",
Compact- Tea Pavilion,4.0,The standard check-in time is 12:00 PM and the standard check-out time is 12:00 PM. Early check-in or late check-out is strictly subjected to availability and may be chargeable by the hotel. Any early check-in or late check-out request must be directed and reconfirmed with hotel directly Hotel may charge compulsory gala dinner supplement on Christmas / New Year's eve or other festive periods. Any such supplements need to be paid directly at the hotel. Doctor on Call|Internet Access - Surcharge|Laundry Service Available|Parking Facilities Available|Secretarial Services|Major Credit Cards Accepted|Power Backup,
Country Inn and Suites By Carlson Bathinda,4.0,The standard check-in time is 12:00 PM and the standard check-out time is 12:00 PM. Early check-in or late check-out is strictly subjected to availability and may be chargeable by the hotel. Any early check-in or late check-out request must be directed and reconfirmed with hotel directly Swimming Pool|Bar / Lounge |Business Center |Health Club / Gym Facility Available|Laundry Service Available|Lift / Elevator|Parking Facilities Available|Front Desk|Multi Cuisine Restaurant |Locker Facility|Power Backup|Gardens|Transfers Available|Internet Access Free|Room Service (24 Hours)|Outdoor Parking - Secured|Parking Facility|Room Service|Porter Services Available|Public Restrooms,
De Oriental Grand,4.0,The standard check-in time is 12:00 PM and the standard check-out time is 12:00 PM. Early check-in or late check-out is strictly subjected to availability and may be chargeable by the hotel. Any early check-in or late check-out request must be directed and reconfirmed with hotel directly Swimming Pool|Ballroom|Banquet Facilities|Lift / Elevator|Lobby|Parking Facilities Available|24 Hour Front Desk,
Deelux hotel chail,4.0,The standard check-in time is 12:00 PM and the standard check-out time is 12:00 PM. Early check-in or late check-out is strictly subjected to availability and may be chargeable by the hotel. Any early check-in or late check-out request must be directed and reconfirmed with hotel directly ,
Christy Kripa 3 BHK AC Villa,4.0,The standard check-in time is 12:00 PM and the standard check-out time is 10:00 AM. Early check-in or late check-out is strictly subjected to availability and may be chargeable by the hotel. Any early check-in or late check-out request must be directed and reconfirmed with hotel directly Doctor on Call|Lobby|Front Desk|RO Water Purification System,
Crescent Sea Cliff,4.0,The standard check-in time is 12:00 PM and the standard check-out time is 12:15 AM. Early check-in or late check-out is strictly subjected to availability and may be chargeable by the hotel. Any early check-in or late check-out request must be directed and reconfirmed with hotel directly Hotel may charge compulsory gala dinner supplement on Christmas / New Year's eve or other festive periods. Any such supplements need to be paid directly at the hotel. Doctor on Call,
Dusit Devarana,4.0,"The standard check-in time is 02:00 PM and the standard check-out time is 12:00 PM. Early check-in or late check-out is strictly subjected to availability and may be chargeable by the hotel. Any early check-in or late check-out request must be directed and reconfirmed with hotel directly No Pets Allowed. Families are welcome. Swimming Pool|Airport Transfer Available / Surcharge|Babysitting/ Child Care (surcharge)|Ballroom|Banquet Facilities|Bar / Lounge |Beauty Salon - on charge|Business Center |Concierge|Currency Exchange|Doctor on Call|Dry Cleaning|Gift Shop |Health Club / Gym Facility Available|Laundry Service Available|Library|Lift / Elevator|Lobby|Non Smoking Rooms|Parking Facilities Available|Front Desk|Multi Cuisine Restaurant |Secretarial Services|Non Smoking Hotel|Spa On Site - Chargeable|Local Tour / Travel Desk|Valet service|Major Credit Cards Accepted|24 Hour Front Desk|Luggage Storage|Doorman|Medical Assistance Available|Air-Conditioning - Central|Welcome Drinks|Express Check-In / Check-Out|Gardens|Audio - Visual Equipment|Wedding Services Facility|Catering|Exhibit Space|Fitness Equipment|Sauna|Suitable For Children|Coffee Shop / Cafe|Conference Facility |Access Via Exterior Corridors|Electronic / Magnetic Keys|Multi - Line Phone|Fire Place Available |Floor Butler|Jacuzzi|Wheelchair Accessibility - Room|Massage Services |Pick Up and Drop (Rly Station, Bus Stand, Temple)|Nature Walk|Smoking Area |In House Events |Vegetarian Food / Jain Food Available|Extra Person / Child - Share the same room|Village Visit ( Chargeable )|Car Rental|Express Laundry|Kids Play Zone|Taxi Services|Board Room|Food Facility|Yoga Hall / Classes|Electronic Check-Out|Whirlpool Bath / Shower Cubicle|Postal / Parcel Services|Family Room|Room Service (24 Hours)|Spa Services Nearby|Voicemail|Party hall|Air / Rail Booking|STD / ISD|Baggage Room|Courier Service|Guide / Sightseeing Service|Adjoining Rooms",
Fort Dhariyawad,4.0,The standard check-in time is 09:00 AM and the standard check-out time is 09:00 AM. Early check-in or late check-out is strictly subjected to availability and may be chargeable by the hotel. Any early check-in or late check-out request must be directed and reconfirmed with hotel directly We do not allow unmarried / unrelated couples to checkin. This is at full discretion of the hotel management. No refund would be applicable in case the checkin is denied under such circumstances. Customer Government approved Photo ID card is must to carry at the time of check in. Bar / Lounge |Business Center |Doctor on Call|Internet Access - Surcharge|Laundry Service Available|Parking Facilities Available|Front Desk|Power Backup|Gardens|Outdoor Parking - Secured|Parking Facility|Room Service|Fire Safety|Fire Exit Signs,
Farm Ville Boutique Resort,4.0,The standard check-in time is 12:00 PM and the standard check-out time is 12:00 PM. Early check-in or late check-out is strictly subjected to availability and may be chargeable by the hotel. Any early check-in or late check-out request must be directed and reconfirmed with hotel directly Guests must report any loss of or damage to their property immediately Concierge|Doctor on Call|Dry Cleaning|Parking Facilities Available|Locker Facility|24 Hour Front Desk|Luggage Storage|Doorman|Suitable For Children|Food Facility|Family Room|Room Service (24 Hours)|Parking Facility|Internet Access|Restaurant|Room Service,
Forest Hill Resort &amp; Golf Club,4.0,"The standard check-in time is 12:00 PM and the standard check-out time is 12:00 PM. Early check-in or late check-out is strictly subjected to availability and may be chargeable by the hotel. Any early check-in or late check-out request must be directed and reconfirmed with hotel directly Early check-in / late check-out are subject to availability of rooms. Check-in / Check-out time is 12 noon. Aforesaid rates are per night, net non commissionable. Extension of stay is subject to availability of rooms. Bar / Lounge |Doctor on Call|Golf Course|Parking Facilities Available|Multi Cuisine Restaurant |24 Hour Front Desk|Luggage Storage|Power Backup|Wedding Services Facility|Catering|Wake-up Call / Service|Suitable For Children|Separate Sitting Area|Coffee Shop / Cafe|Clubhouse|Nature Walk|Kids Play Zone|Food Facility|Newspapers In Lobby|Children's Park|Baggage Room|RO Water Purification System|Outdoor Parking - Secured|Parking Facility|Restaurant|Trekking",
Fortune Select Excalibur,4.0,The standard check-in time is 12:00 PM and the standard check-out time is 12:00 PM. Early check-in or late check-out is strictly subjected to availability and may be chargeable by the hotel. Any early check-in or late check-out request must be directed and reconfirmed with hotel directly Hotel may charge compulsory gala dinner supplement on Christmas / New Year's eve or other festive periods. Any such supplements need to be paid directly at the hotel.Cancellation/amendment for booking advance Purchase offer Will be non refundable. Banquet Facilities|Business Center |Doctor on Call|Dry Cleaning|Laundry Service Available|Multi Cuisine Restaurant |Locker Facility|Express Check-In / Check-Out|Car Rental|Taxi Services|Room Service (24 Hours)|Airport Transfer Free,
Dholes Den Bandipur,4.0,The standard check-in time is 01:00 PM and the standard check-out time is 11:00 AM. Early check-in or late check-out is strictly subjected to availability and may be chargeable by the hotel. Any early check-in or late check-out request must be directed and reconfirmed with hotel directly Credit Card Payments at Hotel incur a credit card charge of 2.5% Hotel may charge compulsory gala dinner supplement on Christmas / New Year's eve or other festive periods. Any such supplements need to be paid directly at the hotel. Airport Transfer Available / Surcharge|Concierge|Currency Exchange|Doctor on Call|Gift Shop |Internet Access - Surcharge|Laundry Service Available|Library|Lobby|Parking Facilities Available|Front Desk|Multi Cuisine Restaurant |Locker Facility|Major Credit Cards Accepted|Power Backup|Gardens|Safari|Smoking Area | Drivers Rest Room|Internet Access Free|RO Water Purification System|Outdoor Parking - Secured|Parking Facility|Internet Access|Room Service|Fire Safety|CCTV|Paid Transfers|Public Restrooms|Stamps and Mailing Facility,
Executel Begumpet,4.0,"The standard check-in time is 12:00 PM and the standard check-out time is 12:00 PM. Early check-in or late check-out is strictly subjected to availability and may be chargeable by the hotel. Any early check-in or late check-out request must be directed and reconfirmed with hotel directly According to government regulations, a valid Photo ID has to be carried by every person who stays at the hotel. The identification proofs accepted are Drivers License, Voters Card, Passport, Ration Card. Without valid ID the guest will not be allowed to check in. Note- PAN Cards will not be accepted as a valid ID card.   *   It is mandatory for guests to present valid photo identification at the time of check-in.   *   The primary guest checking in to the hotel must be at least 21 years of age.   *   The hotel reserves the right of admission. Accommodation can be denied to guests posing as a couple if suitable proof of identification is not presented at check-in.   *   The hotel reserves the right of admission for local residents. Accommodation can be denied to guests residing in the same city.   *   Local ID proof will not be valid. Business Center |Laundry Service Available|Parking Facilities Available|Front Desk|Multi Cuisine Restaurant |Major Credit Cards Accepted|24 Hour Front Desk|Medical Assistance Available|Welcome Drinks|Power Backup|Food Facility|Newspapers In Lobby|Room Service (24 Hours)|Parking Facility",
Executive Comfort (T.Nagar),4.0,The standard check-in time is 12:00 PM and the standard check-out time is 12:00 PM. Early check-in or late check-out is strictly subjected to availability and may be chargeable by the hotel. Any early check-in or late check-out request must be directed and reconfirmed with hotel directly It is mandatory for guests to present valid photo identification at the time of check-in. Payment with Debit Card/Credit Card will attract service charges as applicable. Airport Transfer Available / Surcharge|Laundry Service Available|Parking Facilities Available|Front Desk|Newspapers In Lobby|Room Service (24 Hours)|Restaurant,
Focus Houseboat - Four Bedded,4.0,The standard check-in time is 12:00 PM and the standard check-out time is 12:00 PM. Early check-in or late check-out is strictly subjected to availability and may be chargeable by the hotel. Any early check-in or late check-out request must be directed and reconfirmed with hotel directly We do not allow unmarried / unrelated couples to checkin. This is at full discretion of the hotel management. No refund would be applicable in case the checkin is denied under such circumstances Doctor on Call|Parking Facilities Available|Front Desk|Medical Assistance Available|Public Restrooms,
Emarald Pristine Island,4.0,The standard check-in time is 12:00 PM and the standard check-out time is 12:00 PM. Early check-in or late check-out is strictly subjected to availability and may be chargeable by the hotel. Any early check-in or late check-out request must be directed and reconfirmed with hotel directly Hotel may charge compulsory gala dinner supplement on Christmas / New Year's eve or other festive periods. Any such supplements need to be paid directly at the hotel. Airport Transfer Available / Surcharge|Banquet Facilities|Business Center |Disabled Friendly Facilities |Doctor on Call|Dry Cleaning|Laundry Service Available|Front Desk|Multi Cuisine Restaurant |Secretarial Services|Welcome Drinks|Conference Facility |Board Room|Newspapers In Lobby,
Fidalgo hotel Pvt. Ltd.,4.0,The standard check-in time is 12:00 PM and the standard check-out time is 12:00 PM. Early check-in or late check-out is strictly subjected to availability and may be chargeable by the hotel. Any early check-in or late check-out request must be directed and reconfirmed with hotel directly Booking rates will not be valid for Christmas and New year dates High season and long weekend dates extra supplement will be charged over and above the paid rates as per actual and hotel discretion. Doctor on Call|Parking Facilities Available|Front Desk|Room Service,
Forrest Raja Ji National Park,4.0,The standard check-in time is 01:00 PM and the standard check-out time is 11:00 AM. Early check-in or late check-out is strictly subjected to availability and may be chargeable by the hotel. Any early check-in or late check-out request must be directed and reconfirmed with hotel directly Hotel may charge compulsory gala dinner supplement on Christmas / New Year's eve or other festive periods. Any such supplements need to be paid directly at the hotel. Concierge|Doctor on Call|Parking Facilities Available|Front Desk|Multi Cuisine Restaurant |Doorman,
Fontana  Hotel,4.0,The standard check-in time is 12:00 PM and the standard check-out time is 12:00 PM. Early check-in or late check-out is strictly subjected to availability and may be chargeable by the hotel. Any early check-in or late check-out request must be directed and reconfirmed with hotel directly Pets are not allowed. Valid Photo ID required for check-in Doctor on Call|Laundry Service Available|Lobby|Parking Facilities Available|Front Desk,
Function Inn Hotel,4.0,The standard check-in time is 02:00 PM and the standard check-out time is 12:00 PM. Early check-in or late check-out is strictly subjected to availability and may be chargeable by the hotel. Any early check-in or late check-out request must be directed and reconfirmed with hotel directly The standard check-in time is 02:00 PM and the standard check-out time is 12:00 PM. Early check-in or late check-out is strictly subjected to availability and may be chargeable by the hotel. Any early check-in or late check-out request must be direct  We do not allow unmarried / unrelated couples to checkin. This is at full discretion of the hotel management. No refund would be applicable in case the checkin is denied under such circumstances Bar / Lounge |Business Center |Internet Access - Surcharge|Laundry Service Available|Lift / Elevator|Parking Facilities Available|Front Desk|Locker Facility|Medical Assistance Available|Power Backup|Room Service (24 Hours)|Outdoor Parking - Secured|Parking Facility|Internet Access|Room Service,
FabHotel Monarch Jayanagar,4.0,The standard check-in time is 12:00 PM and the standard check-out time is 11:00 AM. Early check-in or late check-out is strictly subjected to availability and may be chargeable by the hotel. Any early check-in or late check-out request must be directed and reconfirmed with hotel directly Our Inns reserve the right to admission. Accommodation can be denied to the guests posing as a couple if suitable identification and a non-local address proof is not presented at check-in. MAP plan includes limited menu meal. Doctor on Call|Laundry Service Available|Lift / Elevator|Lobby|Non Smoking Rooms|Front Desk|Multi Cuisine Restaurant |Major Credit Cards Accepted|24 Hour Front Desk|Luggage Storage|Doorman|Medical Assistance Available|Power Backup|Multi Lingual Staff|Wake-up Call / Service|Separate Sitting Area|Smoking Rooms|Fire Place Available |Veg / Non Veg Kitchens Separate |Food Facility|Newspapers In Lobby|Whirlpool Bath / Shower Cubicle|Baggage Room|Internet / Fax (Reception area only)|RO Water Purification System|Internet Access|Restaurant|Room Service|Fire Safety|CCTV|Fire Exit Signs|First-Aid Kit at Front Desk,
FabHotel Parimeet Navi Mumbai,4.0,The standard check-in time is 12:00 PM and the standard check-out time is 11:00 AM. Early check-in or late check-out is strictly subjected to availability and may be chargeable by the hotel. Any early check-in or late check-out request must be directed and reconfirmed with hotel directly Our Inns reserve the right to admission. Accommodation can be denied to the guests posing as a couple if suitable identification and a non-local address proof is not presented at check-in. MAP plan includes limited menu meal. Banquet Facilities|Concierge|Doctor on Call|Internet Access - Surcharge|Laundry Service Available|Lift / Elevator|Lobby|Parking Facilities Available|Front Desk|Multi Cuisine Restaurant |Locker Facility|Valet service|Major Credit Cards Accepted|24 Hour Front Desk|Luggage Storage|Doorman|Medical Assistance Available|Air-Conditioning - Central|Power Backup|Gardens|Multi Lingual Staff|Wake-up Call / Service|Suitable For Children|Separate Sitting Area|Coffee Shop / Cafe|Conference Facility |Smoking Rooms|Kitchen available (home cook food on request)|Vegetarian Food / Jain Food Available|Food Facility|Newspapers In Lobby|Whirlpool Bath / Shower Cubicle|Family Room|Room Service (24 Hours)|Spa Services Nearby|Baggage Room|Internet / Fax (Reception area only)|Parking Facility|Restaurant|Fire Safety|CCTV|Fire Exit Signs|First-Aid Kit at Front Desk|Speciality Restaurant,
DUNAG SPRINGS,4.0,"The standard check-in time is 02:00 PM and the standard check-out time is 12:00 PM. Early check-in or late check-out is strictly subjected to availability and may be chargeable by the hotel. Any early check-in or late check-out request must be directed and reconfirmed with hotel directly Booking rates will not be valid for Christmas  New year dates, High season  long weekend dates  extra supplement will be charged over  above the paid rates as per actual  hotel discretion. Doctor on Call|Parking Facilities Available|Medical Assistance Available|Wake-up Call / Service|Outdoor Parking - Secured|Parking Facility",
Dilshad group of Houseboats,4.0,The standard check-in time is 12:00 PM and the standard check-out time is 12:00 PM. Early check-in or late check-out is strictly subjected to availability and may be chargeable by the hotel. Any early check-in or late check-out request must be directed and reconfirmed with hotel directly Doctor on Call|Front Desk|24 Hour Front Desk|Room Service (24 Hours)|RO Water Purification System,
Diamond Boutique Hotel,4.0,"The standard check-in time is 12:00 PM and the standard check-out time is 11:00 AM. Early check-in or late check-out is strictly subjected to availability and may be chargeable by the hotel. Any early check-in or late check-out request must be directed and reconfirmed with hotel directly Pan Card is not considered as Valid I.D. Proof. Local I.D.'s are not acceptable. Unmarried Couples are not allowed. All Guests has to present Valid I,D. Proof at Check-In. ",
Down Town Guest House,4.0,The standard check-in time is 12:00 PM and the standard check-out time is 11:00 AM. Early check-in or late check-out is strictly subjected to availability and may be chargeable by the hotel. Any early check-in or late check-out request must be directed and reconfirmed with hotel directly Married Couples should carry their proper Id prof. Banquet Facilities|Business Center |Currency Exchange|Disabled Friendly Facilities |Doctor on Call|Dry Cleaning|Laundry Service Available|Lift / Elevator|Lobby|Non Smoking Rooms|Parking Facilities Available|Front Desk|Multi Cuisine Restaurant |Spa On Site - Chargeable|Local Tour / Travel Desk|Major Credit Cards Accepted|Power Backup|Conference Facility |Internet Access Free|Room Service|CCTV,
Famous Rest House,4.0,The standard check-in time is 12:00 PM and the standard check-out time is 12:00 PM. Early check-in or late check-out is strictly subjected to availability and may be chargeable by the hotel. Any early check-in or late check-out request must be directed and reconfirmed with hotel directly We do not allow unmarried / unrelated couples to check-in. This is at full discretion of the hotel management.  No refund would be applicable in case the checkin is denied under such circumstances Doctor on Call|Lobby|Front Desk|Local Tour / Travel Desk|Major Credit Cards Accepted|24 Hour Front Desk|Medical Assistance Available|Air-Conditioning - Central|Power Backup| Cook Services|Parking Facility|Room Service,
FabHotel Blossom T. Nagar,4.0,The standard check-in time is 12:00 PM and the standard check-out time is 11:00 AM. Early check-in or late check-out is strictly subjected to availability and may be chargeable by the hotel. Any early check-in or late check-out request must be directed and reconfirmed with hotel directly Our Inns reserve the right to admission. Accommodation can be denied to the guests posing as a couple if suitable identification and a non-local address proof is not presented at check-in. MAP plan includes limited menu meal. Banquet Facilities|Doctor on Call|Dry Cleaning|Internet Access - Surcharge|Laundry Service Available|Lift / Elevator|Lobby|Non Smoking Rooms|Parking Facilities Available|Front Desk|Multi Cuisine Restaurant |24 Hour Front Desk|Luggage Storage|Doorman|Welcome Drinks|Power Backup|Gardens|Multi Lingual Staff|Wake-up Call / Service|Conference Facility |Smoking Area |Food Facility|Newspapers In Lobby|Family Room|Room Service (24 Hours)|Parking Facility|Internet Access|Room Service|Fire Exit Signs|Security at All Hotel Entrances,
Falcon Guest House,4.0,"The standard check-in time is 11:00 AM and the standard check-out time is 11:00 AM. Early check-in or late check-out is strictly subjected to availability and may be chargeable by the hotel. Any early check-in or late check-out request must be directed and reconfirmed with hotel directly Booking rates will not be valid for Christmas and New year dates, High season and long weekend dates , extra supplement will be charged over and above the paid rates as per actual and hotel discretion Business Center |Doctor on Call|Dry Cleaning|Laundry Service Available|Lift / Elevator|Parking Facilities Available|Multi Cuisine Restaurant |Wake-up Call / Service|Separate Sitting Area|Wheelchair Accessibility - Room|Extra Person / Child - Share the same room|Car Rental|Express Laundry|Taxi Services|Newspapers In Lobby|Room Service (24 Hours)|Outdoor Parking - Secured|Room Service",
Florence Continental Hotel,4.0,The standard check-in time is 12:00 PM and the standard check-out time is 10:00 AM. Early check-in or late check-out is strictly subjected to availability and may be chargeable by the hotel. Any early check-in or late check-out request must be directed and reconfirmed with hotel directly There may be additional charges and taxes applicable. Pets are not allowed. Banquet Facilities|Internet Access - Surcharge|Lift / Elevator|Lobby|Front Desk|Multi Cuisine Restaurant |Locker Facility|Local Tour / Travel Desk|Major Credit Cards Accepted|24 Hour Front Desk|Luggage Storage|Air-Conditioning - Central|Power Backup|Conference Facility |Vegetarian Food / Jain Food Available|Taxi Services|Food Facility| Drivers Rest Room|Newspapers In Lobby|Family Room|Party hall|Baggage Room|Guide / Sightseeing Service|Internet / Fax (Reception area only)|Outdoor Parking - Secured|Restaurant|Room Service|Fire Safety|CCTV|Security at All Hotel Entrances|Suites,
DOLPHIN HOMESTAY,4.0,"The standard check-in time is 12:00 PM and the standard check-out time is 12:00 PM. Early check-in or late check-out is strictly subjected to availability and may be chargeable by the hotel. Any early check-in or late check-out request must be directed and reconfirmed with hotel directly 1.ALL GUESTS ARE REQUIRED TO PRESENT PROPER PHOTO IDENTIFICATION UPON CHECK IN. 2.The identity proof would include a valid Driving license/voter identity card/PAN card, etc. Valid Passport mandatory for all Foreign guests. 3.Booking rates will not be valid for Christmas and New year dates High season and long weekend dates extra supplement will be charged over and above the paid rates as per actual and hotel discretion. No refund would be applicable in case the hotel denies check-in under such circumstances. Doctor on Call|Lobby|Front Desk|Power Backup|Veranda|Taxi Services|Newspapers In Lobby|Outdoor Parking - Secured|Parking Facility|Room Service|Fire Safety|Anti-Slip Ramps|Fire Exit Signs|First-Aid Kit at Front Desk",
Fantasy Riverland,4.0,The standard check-in time is 02:00 PM and the standard check-out time is 12:00 PM. Early check-in or late check-out is strictly subjected to availability and may be chargeable by the hotel. Any early check-in or late check-out request must be directed and reconfirmed with hotel directly We do not allow unmarried / unrelated couples to checkin. This is at full discretion of the hotel management. No refund would be applicable in case the checkin is denied under such circumstances Non Smoking Rooms|Front Desk|Local Tour / Travel Desk|24 Hour Front Desk|Smoking Rooms|Extra Person / Child - Share the same room|Room Service|First-Aid Kit at Front Desk,
FabHotel MyPlace Kondapur HICC,4.0,The standard check-in time is 12:00 PM and the standard check-out time is 11:00 AM. Early check-in or late check-out is strictly subjected to availability and may be chargeable by the hotel. Any early check-in or late check-out request must be directed and reconfirmed with hotel directly Our Inns reserve the right to admission. Accommodation can be denied to the guests posing as a couple if suitable identification and a non-local address proof is not presented at check-in. MAP plan includes limited menu meal. Banquet Facilities|Doctor on Call|Internet Access - Surcharge|Laundry Service Available|Lift / Elevator|Lobby|Parking Facilities Available|Front Desk|Multi Cuisine Restaurant |Locker Facility|24 Hour Front Desk|Luggage Storage|Doorman|Air-Conditioning - Central|Power Backup|Multi Lingual Staff|Wake-up Call / Service|Suitable For Children|Conference Facility |Food Facility|Newspapers In Lobby|Room Service (24 Hours)|RO Water Purification System|Outdoor Parking - Secured|Parking Facility|Internet Access|Restaurant|Room Service|CCTV|First-Aid Kit at Front Desk,
Dolphin cottages Shimla,4.0,"The standard check-in time is 12:00 PM and the standard check-out time is 11:00 AM. Early check-in or late check-out is strictly subjected to availability and may be chargeable by the hotel. Any early check-in or late check-out request must be directed and reconfirmed with hotel directly Smoking , Alcohol and Non vegetarian eatables are not allowed in rooms as well as outside the rooms.  Check -in at 12:00 Noon.  Check - Out at 11:00 Noon.  Home made food is served to the Guests.  During the stay Guests can attend Yoga Sessions . Health Club / Gym Facility Available|Laundry Service Available|Parking Facilities Available|24 Hour Front Desk|Internet Access Free|Room Service (24 Hours)|Outdoor Parking - Secured",
EliteNestle O2 Wellness Club &amp; Resort,4.0,The standard check-in time is 02:00 PM and the standard check-out time is 12:00 PM. Early check-in or late check-out is strictly subjected to availability and may be chargeable by the hotel. Any early check-in or late check-out request must be directed and reconfirmed with hotel directly We do not allow unmarried / unrelated couples to checkin. This is at full discretion of the hotel management. No refund would be applicable in case the checkin is denied under such circumstances Doctor on Call|Non Smoking Rooms|Parking Facilities Available|Front Desk|Locker Facility|24 Hour Front Desk|Luggage Storage|Doorman|Smoking Rooms|Extra Person / Child - Share the same room|Baggage Room|Adjoining Rooms|Outdoor Parking - Secured|Outdoor Parking - Non Secured|Parking Facility|Room Service|First-Aid Kit at Front Desk,
Ecotones Camps Pvt Ltd,4.0,"The standard check-in time is 02:00 PM and the standard check-out time is 11:00 AM. Early check-in or late check-out is strictly subjected to availability and may be chargeable by the hotel. Any early check-in or late check-out request must be directed and reconfirmed with hotel directly Terms and Conditions: 1.Check-in at 12.00 noon and Check-out at 11.00 morning **** Compulsory Supplement charges to be paid **** Mandatory Christmas Gala Dinner charges on 24th Dec at Rs.1500 per person, to be paid at the hotel directly at the time of Check in Mandatory New Year Gala Dinner charges on 31st Dec at Rs.2500 per person, to be paid at the hotel directly at the time of Check in Airport Transfer Available / Surcharge|Barbecue Area|Doctor on Call|Laundry Service Available|Parking Facilities Available|Front Desk|Multi Cuisine Restaurant |Non Smoking Hotel|24 Hour Front Desk|Luggage Storage|Power Backup|Gardens|Suitable For Children|Boating|Nature Walk|Smoking Area |Veranda| Bike on Rent|In House Events |Village Visit ( Chargeable )|Express Laundry|Meditation Room|Water Dispenser Available|Campfire / Bon Fire|Food Facility| Drivers Rest Room|Internet Access Free|Yoga Hall / Classes|Guide / Sightseeing Service|Outdoor Parking - Secured|Outdoor Parking - Non Secured|Parking Facility|Restaurant|Room Service",
Dolphin Resort,4.0,The standard check-in time is 11:00 AM and the standard check-out time is 09:00 AM. Early check-in or late check-out is strictly subjected to availability and may be chargeable by the hotel. Any early check-in or late check-out request must be directed and reconfirmed with hotel directly We do not allow unmarried / unrelated couples to checkin. This is at full discretion of the hotel management. No refund would be applicable in case the checkin is denied under such circumstances. No refund applicable in case of any cancellation of ferry due to weather condition and in case of natural calamity. Dinner Supplement compulsory for 20.12.15 till 20.01.2016  Extra to be paid at the hotel directly Doctor on Call|Lobby|Front Desk|Local Tour / Travel Desk,
Express Inn The Business Luxury Hotel,4.0,"The standard check-in time is 12:00 PM and the standard check-out time is 12:00 PM. Early check-in or late check-out is strictly subjected to availability and may be chargeable by the hotel. Any early check-in or late check-out request must be directed and reconfirmed with hotel directly Government Approved Photo Ids required at the time of check in for all the room occupants. Check In and Check Out 12 Noon. Early check in subject to availability, may be chargeable. Swimming Pool|Ballroom|Billiards|Business Center |Concierge|Doctor on Call|Internet Access - Surcharge|Laundry Service Available|Lift / Elevator|Lobby|Parking Facilities Available|Front Desk|Multi Cuisine Restaurant |Squash court|Table Tennis|Local Tour / Travel Desk",
FRIENDS HOUSE,4.0,"The standard check-in time is 12:00 PM and the standard check-out time is 12:00 PM. Early check-in or late check-out is strictly subjected to availability and may be chargeable by the hotel. Any early check-in or late check-out request must be directed and reconfirmed with hotel directly Booking rates will not be valid for Christmas  New year dates, High season  long weekend dates  extra supplement will be charged over  above the paid rates as per actual  hotel discretion. Business Center |Internet Access - Surcharge|Laundry Service Available|Gardens|Room Service (24 Hours)|Outdoor Parking - Secured|Parking Facility|Room Service|Public Restrooms",
Dona Alcina Resorts,4.0,The standard check-in time is 12:00 PM and the standard check-out time is 10:30 AM. Early check-in or late check-out is strictly subjected to availability and may be chargeable by the hotel. Any early check-in or late check-out request must be directed and reconfirmed with hotel directly Please note that the hotel is charging a compulsory gala dinner surcharge on 24th Dec @ Rs 1000/- per person and on 31st Dec @ Rs 1000/- per head. This amount is payable directly on Check in or the hotel will deny check in. Swimming Pool|Bar / Lounge |Business Center |Currency Exchange|Doctor on Call|Gift Shop |Internet Access - Surcharge|Laundry Service Available|Parking Facilities Available|Front Desk|Locker Facility|24 Hour Front Desk|Doorman|Power Backup|Gardens|Suitable For Children|Coffee Shop / Cafe|Conference Facility |ATM / Banking|Picnic Area|Poolside Bar|Veranda|Car Rental|Pool Cafe|Internet Access Free|Family Room|Spa Services Nearby|Baggage Room|Outdoor Parking - Secured|Parking Facility|Internet Access|Fire Safety|Fire Exit Signs|First-Aid Kit at Front Desk|Pest Control Facility|Security at All Hotel Entrances,
El-Shaddai Homes,4.0,The standard check-in time is 06:00 AM and the standard check-out time is 12:00 PM. Early check-in or late check-out is strictly subjected to availability and may be chargeable by the hotel. Any early check-in or late check-out request must be directed and reconfirmed with hotel directly Business Center |Internet Access - Surcharge|Laundry Service Available|Parking Facilities Available|Front Desk|Secretarial Services|24 Hour Front Desk|Power Backup|Car Rental|Newspapers In Lobby|Room Service (24 Hours)|Air / Rail Booking|Courier Service|Outdoor Parking - Secured|Parking Facility,
Downhill Village,4.0,"The standard check-in time is 11:00 AM and the standard check-out time is 10:00 AM. Early check-in or late check-out is strictly subjected to availability and may be chargeable by the hotel. Any early check-in or late check-out request must be directed and reconfirmed with hotel directly Hotel may charge compulsory gala dinner supplement on Christmas / New Year's eve or other festive periods. Any such supplements need to be paid directly at the hotel. Airport Transfer Available / Surcharge|Barbecue Area|Laundry Service Available|Parking Facilities Available|Front Desk|Multi Cuisine Restaurant |Local Tour / Travel Desk|Major Credit Cards Accepted|24 Hour Front Desk|Luggage Storage|Gardens|Wake-up Call / Service|Wheelchair Accessibility - Room|Pick Up and Drop (Rly Station, Bus Stand, Temple)|Open Air Restaurant / Dining | Bike on Rent|Village Visit ( Chargeable )|Car Rental|Taxi Services|Food Facility|Air / Rail Booking|Outdoor Parking - Non Secured|Parking Facility|Restaurant|Room Service|CCTV|First-Aid Kit at Front Desk|Full Time Operation for All 7 Days|Paid Transfers|Public Restrooms",
DM Bluemoon Comforts,4.0,"The standard check-in time is 02:00 PM and the standard check-out time is 12:00 PM. Early check-in or late check-out is strictly subjected to availability and may be chargeable by the hotel. Any early check-in or late check-out request must be directed and reconfirmed with hotel directly Booking rates will not be valid for Christmas and New year dates, High season and long weekend dates , extra supplement will be charged over and above the paid rates as per actual and hotel discretion. Front Desk|24 Hour Front Desk|Luggage Storage|Room Service (24 Hours)|Room Service",
Dubey Guest House,4.0,The standard check-in time is 12:00 PM and the standard check-out time is 12:00 PM. Early check-in or late check-out is strictly subjected to availability and may be chargeable by the hotel. Any early check-in or late check-out request must be directed and reconfirmed with hotel directly 1.   not allowed unmarried couple 2.   not allowed local person 3.   not allowed room for drinking and gambling porpose. 4.   allow married couple if they show both i.d proof. Doctor on Call|Parking Facilities Available|Front Desk|Room Service,
Falcon Suites-Residency Road,4.0,"The standard check-in time is 02:00 PM and the standard check-out time is 12:00 PM. Early check-in or late check-out is strictly subjected to availability and may be chargeable by the hotel. Any early check-in or late check-out request must be directed and reconfirmed with hotel directly Booking rates will not be valid for Christmas and New year dates, High season and long weekend dates , extra supplement will be charged over and above the paid rates as per actual and hotel discretion Doctor on Call|Parking Facilities Available|Outdoor Parking - Secured|Parking Facility|Public Restrooms",
Fortune Select Grand Ridge,4.0,"The standard check-in time is 12:00 PM and the standard check-out time is 12:00 PM. Early check-in or late check-out is strictly subjected to availability and may be chargeable by the hotel. Any early check-in or late check-out request must be directed and reconfirmed with hotel directly Check in time 12:00 noon. Check out time 12:00Noon. Valid photo ID required for all adult guests. Outside food and/or drinks are not allowed in the premises. Pets not allowed. Swimming Pool|Airport Transfer Available / Surcharge|Babysitting/ Child Care (surcharge)|Ballroom|Banquet Facilities|Bar / Lounge |Beauty Salon - on charge|Business Center |Concierge|Currency Exchange|Disabled Friendly Facilities |Doctor on Call|Dry Cleaning|Gift Shop |Health Club / Gym Facility Available|Laundry Service Available|Library|Lift / Elevator|Lobby|Non Smoking Rooms|Parking Facilities Available|Private / Plunge Pool|Front Desk|Multi Cuisine Restaurant |Locker Facility|Secretarial Services|Spa On Site - Chargeable|Local Tour / Travel Desk|Valet service|Major Credit Cards Accepted|24 Hour Front Desk|Luggage Storage|Doorman|Medical Assistance Available|Air-Conditioning - Central|Welcome Drinks|Power Backup|Express Check-In / Check-Out|Audio - Visual Equipment|Wedding Services Facility|Catering|Multi Lingual Staff|Exhibit Space|Wake-up Call / Service|Fitness Equipment|Porter / Bellhop|Suitable For Children|Coffee Shop / Cafe|Conference Facility |Smoking Rooms|Disabled Friendly Rooms|Fax Machine|Electronic / Magnetic Keys|Limousine Service Available|Multi - Line Phone|Fire Place Available |Cell Phone Rental|Wheelchair Accessibility - Room|Massage Services |Poolside Bar|Pick Up and Drop (Rly Station, Bus Stand, Temple)|Smoking Area |Veg / Non Veg Kitchens Separate |Vegetarian Food / Jain Food Available|Extra Person / Child - Share the same room|Car Rental|Express Laundry|Oxygen Cylinder (on request)|Taxi Services|Board Room|Campfire / Bon Fire|Food Facility| Drivers Rest Room|Newspapers In Lobby|Whirlpool Bath / Shower Cubicle|Room Service (24 Hours)|Spa Services Nearby|Voicemail|Party hall|Air / Rail Booking|STD / ISD|Baggage Room|Courier Service|Guide / Sightseeing Service|Adjoining Rooms|RO Water Purification System|Outdoor Parking - Secured|Parking Facility",
Firdous,4.0,The standard check-in time is 12:00 PM and the standard check-out time is 12:00 PM. Early check-in or late check-out is strictly subjected to availability and may be chargeable by the hotel. Any early check-in or late check-out request must be directed and reconfirmed with hotel directly Laundry Service Available|Locker Facility|Power Backup|Airport Transfer Free,
Fort View,4.0,The standard check-in time is 12:00 PM and the standard check-out time is 10:00 AM. Early check-in or late check-out is strictly subjected to availability and may be chargeable by the hotel. Any early check-in or late check-out request must be directed and reconfirmed with hotel directly We do not allow unmarried / unrelated couples to check-in. This is at full discretion of the hotel management.  No refund would be applicable in case the checkin is denied under such circumstances Doctor on Call|Front Desk|Parking Facility|Room Service,
Emarald Hotel,4.0,"The standard check-in time is 12:00 PM and the standard check-out time is 12:00 PM. Early check-in or late check-out is strictly subjected to availability and may be chargeable by the hotel. Any early check-in or late check-out request must be directed and reconfirmed with hotel directly **** Compulsory Supplement Charges to be Paid **** Mandatory New Year Gala Dinner Charges on 31st Dec at Rs.1500 per person,to be paid at the hotel directly at the time of check in. Mandatory Christmas Gala Dinner charges on 24th Dec at Rs.1500 per person,to be paid at the hotel directly at the time of check in. Business Center |Internet Access - Surcharge|Laundry Service Available|Parking Facilities Available|Front Desk|Multi Cuisine Restaurant |Local Tour / Travel Desk|Medical Assistance Available|Air-Conditioning - Central|Welcome Drinks|Gardens|Conference Facility |Pick Up and Drop (Rly Station, Bus Stand, Temple)|Taxi Services|Room Service (24 Hours)|Parking Facility",
Fortune Landmark,4.0,The standard check-in time is 12:00 PM and the standard check-out time is 12:00 PM. Early check-in or late check-out is strictly subjected to availability and may be chargeable by the hotel. Any early check-in or late check-out request must be directed and reconfirmed with hotel directly We are upgrading the product (Renovation in progress). Your room has been booked in the new block which is completely devoid of the renovation work happening in other parts of the hotel. There is a temporary passage in place to lead you to the Reception area.  Cancellation / Amendment for booking made under any offer will be non refundable. Hotel may charge compulsory gala dinner supplement on Christmas / New Year's eve or other festive periods. Any such supplements need to be paid directly at the hotel. Swimming Pool|Airport Transfer Available / Surcharge|Babysitting/ Child Care (surcharge)|Ballroom|Banquet Facilities|Bar / Lounge |Beauty Salon - on charge|Business Center |Concierge|Currency Exchange|Disabled Friendly Facilities |Doctor on Call|Dry Cleaning|Health Club / Gym Facility Available|Internet Access - Surcharge|Laundry Service Available|Lift / Elevator|Lobby|Non Smoking Rooms|Parking Facilities Available|Front Desk|Multi Cuisine Restaurant |Locker Facility|Secretarial Services|Local Tour / Travel Desk|Valet service|Major Credit Cards Accepted|24 Hour Front Desk|Luggage Storage|Doorman|Medical Assistance Available|Air-Conditioning - Central|Power Backup|Express Check-In / Check-Out|Gardens|Wedding Services Facility|Catering|Exhibit Space|Wake-up Call / Service|Fitness Equipment|Porter / Bellhop|Sauna|Coffee Shop / Cafe|Conference Facility |Smoking Rooms|Disabled Friendly Rooms|Fax Machine|Electronic / Magnetic Keys|Limousine Service Available|Multi - Line Phone|Cell Phone Rental|Jacuzzi|Wheelchair Accessibility - Room|Massage Services |Poolside Bar|Smoking Area |Veranda|Open Air Restaurant / Dining |Extra Person / Child - Share the same room|Express Laundry|Mini Theatre|Board Room|Karaoke |Food Facility|Newspapers In Lobby|Electronic Check-Out|Children's Park|Whirlpool Bath / Shower Cubicle|Room Service (24 Hours)|Party hall|STD / ISD|Baggage Room|Adjoining Rooms|RO Water Purification System|Airport Transfer Free|Parking Facility,
Diamond Hotel,4.0,The standard check-in time is 12:00 PM and the standard check-out time is 12:00 PM. Early check-in or late check-out is strictly subjected to availability and may be chargeable by the hotel. Any early check-in or late check-out request must be directed and reconfirmed with hotel directly Hotel may charge compulsory gala dinner supplement on Christmas / New Year's eve or other festive periods. Any such supplements need to be paid directly at the hotel. Check in and Check out - 12 Noon Laundry Service Available|Lift / Elevator|Parking Facilities Available|Front Desk|Multi Cuisine Restaurant |24 Hour Front Desk|Doorman|Medical Assistance Available|Power Backup|Gardens|Porter / Bellhop|Suitable For Children|Vegetarian Food / Jain Food Available|Car Rental|Internet Access Free|Room Service (24 Hours)|Air / Rail Booking|Guide / Sightseeing Service|Parking Facility|Public Restrooms,
Dreamland Homestay,4.0,"The standard check-in time is 12:00 PM and the standard check-out time is 12:00 PM. Early check-in or late check-out is strictly subjected to availability and may be chargeable by the hotel. Any early check-in or late check-out request must be directed and reconfirmed with hotel directly It is mandatory for guests to present valid photo identification at the time of check-in. According to government regulations, a valid Photo ID has to be carried by every person above the age of 18 staying at the hotel. The identification proofs accepted are Driving License, Voter ID Card, and Passport. Without valid ID the guest will not be allowed to check-in. Hotel may charge compulsory gala dinner supplement on Christmas / New Year's eve or other festive periods. Any such supplements need to be paid directly at the hotel. Doctor on Call|Parking Facilities Available|Local Tour / Travel Desk|Medical Assistance Available|Power Backup|Parking Facility|Room Service",
Double Stays JLN Marg,4.0,The standard check-in time is 02:00 PM and the standard check-out time is 12:00 PM. Early check-in or late check-out is strictly subjected to availability and may be chargeable by the hotel. Any early check-in or late check-out request must be directed and reconfirmed with hotel directly Doctor on Call|Lobby|Front Desk|Local Tour / Travel Desk|24 Hour Front Desk|Power Backup,
Devico Orchards &amp; Farm House Cottages,4.0,The standard check-in time is 12:00 PM and the standard check-out time is 12:00 PM. Early check-in or late check-out is strictly subjected to availability and may be chargeable by the hotel. Any early check-in or late check-out request must be directed and reconfirmed with hotel directly Doctor on Call|Front Desk|24 Hour Front Desk|RO Water Purification System|Parking Facility,
FabHotel Lotus Koregaon Park,4.0,The standard check-in time is 12:00 PM and the standard check-out time is 11:00 AM. Early check-in or late check-out is strictly subjected to availability and may be chargeable by the hotel. Any early check-in or late check-out request must be directed and reconfirmed with hotel directly Our Inns reserve the right to admission. Accommodation can be denied to the guests posing as a couple if suitable identification and a non-local address proof is not presented at check-in. MAP plan includes limited menu meal. Doctor on Call|Laundry Service Available|Lift / Elevator|Non Smoking Rooms|Parking Facilities Available|Front Desk|Multi Cuisine Restaurant |Locker Facility|24 Hour Front Desk|Air-Conditioning - Central|Power Backup|Vegetarian Food / Jain Food Available|Food Facility|Newspapers In Lobby|Room Service (24 Hours)|Parking Facility,
Elephanta Forest Resort,4.0,The standard check-in time is 12:00 PM and the standard check-out time is 12:00 PM. Early check-in or late check-out is strictly subjected to availability and may be chargeable by the hotel. Any early check-in or late check-out request must be directed and reconfirmed with hotel directly We do not allow unmarried / unrelated couples to checkin. This is at full discretion of the hotel management. No refund would be applicable in case the checkin is denied under such circumstances Doctor on Call|Front Desk|Parking Facility|Room Service|Fire Safety,
everest villa homestay,4.0,The standard check-in time is 02:00 PM and the standard check-out time is 12:00 PM. Early check-in or late check-out is strictly subjected to availability and may be chargeable by the hotel. Any early check-in or late check-out request must be directed and reconfirmed with hotel directly all visitors to be accompanied by  ids Laundry Service Available|Parking Facilities Available|Gardens|Kitchen available (home cook food on request)|Food Facility|Internet Access Free|Outdoor Parking - Secured|Parking Facility|Room Service|Porter Services Available|Suites,
Dhanaulti Woods Mountain Camp,4.0,The standard check-in time is 02:00 PM and the standard check-out time is 12:00 PM. Early check-in or late check-out is strictly subjected to availability and may be chargeable by the hotel. Any early check-in or late check-out request must be directed and reconfirmed with hotel directly ,
Fortune Hotel The South Park,4.0,"The standard check-in time is 12:00 PM and the standard check-out time is 12:00 PM. Early check-in or late check-out is strictly subjected to availability and may be chargeable by the hotel. Any early check-in or late check-out request must be directed and reconfirmed with hotel directly Cancellation and Amendment for bookings made under any offer may be Non Refundable Hotel may charge compulsory Gala dinner supplement on Christmas / New Year's eve or other festive periods. Any such supplements need to be paid directly at the hotel. Swimming Pool|Airport Transfer Available / Surcharge|Babysitting/ Child Care (surcharge)|Banquet Facilities|Bar / Lounge |Beauty Salon - on charge|Business Center |Concierge|Currency Exchange|Disabled Friendly Facilities |Doctor on Call|Dry Cleaning|Gift Shop |Health Club / Gym Facility Available|Laundry Service Available|Lift / Elevator|Lobby|Non Smoking Rooms|Parking Facilities Available|Front Desk|Multi Cuisine Restaurant |Locker Facility|Non Smoking Hotel|Local Tour / Travel Desk|Valet service|Major Credit Cards Accepted|24 Hour Front Desk|Luggage Storage|Doorman|Medical Assistance Available|Air-Conditioning - Central|Power Backup|Express Check-In / Check-Out|Audio - Visual Equipment|Computer Rental|Wedding Services Facility|Catering|Wake-up Call / Service|Fitness Equipment|Porter / Bellhop|Suitable For Children|Coffee Shop / Cafe|Conference Facility |Smoking Rooms|Access Via Exterior Corridors|Disabled Friendly Rooms|Fax Machine|Electronic / Magnetic Keys|Multi - Line Phone|Wheelchair Accessibility - Room|Massage Services |Pick Up and Drop (Rly Station, Bus Stand, Temple)|Smoking Area |Vegetarian Food / Jain Food Available|Extra Person / Child - Share the same room|Village Visit ( Chargeable )|Car Rental|Express Laundry|Oxygen Cylinder (on request)|Taxi Services|Board Room|Food Facility| Drivers Rest Room|Newspapers In Lobby|Postal / Parcel Services|Family Room|Room Service (24 Hours)|Party hall|Air / Rail Booking|STD / ISD|Baggage Room|Courier Service|Laptop Available on Hire|Adjoining Rooms|Outdoor Parking - Secured|Parking Facility|Internet Access|Restaurant|Room Service|Fire Safety|Anti-Slip Ramps|CCTV|Fire Exit Signs|First-Aid Kit at Front Desk|Full Time Operation for All 7 Days|Hotel Trading License|Metal Detectors|Paid Transfers|Pest Control Facility|Porter Services Available|Public Restrooms|Security at All Hotel Entrances|Smoke Detector|Stamps and Mailing Facility|Suites",
Fariyas Resort,4.0,The standard check-in time is 12:00 PM and the standard check-out time is 10:00 AM. Early check-in or late check-out is strictly subjected to availability and may be chargeable by the hotel. Any early check-in or late check-out request must be directed and reconfirmed with hotel directly The advance payment will be non refundable and will be carried forward as credit balance. Airport Transfer Available / Surcharge|Banquet Facilities|Beauty Salon - on charge|Concierge|Currency Exchange|Doctor on Call|Dry Cleaning|Health Club / Gym Facility Available|Internet Access - Surcharge|Lobby|Parking Facilities Available|Front Desk|Major Credit Cards Accepted|24 Hour Front Desk|Doorman|Medical Assistance Available|Air-Conditioning - Central|Welcome Drinks|Power Backup|Wedding Services Facility|Wake-up Call / Service|Sauna|Coffee Shop / Cafe|Conference Facility |Electronic / Magnetic Keys|Jacuzzi|Pool Table|Veg / Non Veg Kitchens Separate |Car Rental|Kids Play Zone| Drivers Rest Room|Newspapers In Lobby|Party hall,
Divine Park Homestay,4.0,"The standard check-in time is 12:00 PM and the standard check-out time is 12:00 PM. Early check-in or late check-out is strictly subjected to availability and may be chargeable by the hotel. Any early check-in or late check-out request must be directed and reconfirmed with hotel directly Booking rates will not be valid for Christmas and New year dates, High season and long weekend dates  extra supplement will be charged over and above the paid rates as per actual and hotel discretion. Doctor on Call|Parking Facilities Available|Front Desk|Medical Assistance Available|Public Restrooms",
Forest View,4.0,The standard check-in time is 02:00 PM and the standard check-out time is 12:00 PM. Early check-in or late check-out is strictly subjected to availability and may be chargeable by the hotel. Any early check-in or late check-out request must be directed and reconfirmed with hotel directly We do not allow unmarried / unrelated couples to checkin. This is at full discretion of the hotel management. No refund would be applicable in case the checkin is denied under such circumstances Business Center |Internet Access - Surcharge|Parking Facilities Available|Front Desk|24 Hour Front Desk|Doorman|Catering|Grocery|Coffee Shop / Cafe|Kitchen available (home cook food on request)|Open Air Restaurant / Dining |Car Rental|Food Facility|Family Room| Cook Services|Baggage Room|Adjoining Rooms|Outdoor Parking - Secured|Parking Facility|Room Service|First-Aid Kit at Front Desk|Suites,
EXCALIBUR,4.0,"The standard check-in time is 12:00 PM and the standard check-out time is 12:00 PM. Early check-in or late check-out is strictly subjected to availability and may be chargeable by the hotel. Any early check-in or late check-out request must be directed and reconfirmed with hotel directly 1.ALL GUESTS ARE REQUIRED TO PRESENT PROPER PHOTO IDENTIFICATION UPON CHECK IN. 2.The identity proof would include a valid Driving license/voter identity card/PAN card, etc. Valid Passport mandatory for all Foreign guests. 3.Booking rates will not be valid for Christmas and New year dates High season and long weekend dates extra supplement will be charged over and above the paid rates as per actual and hotel discretion. No refund would be applicable in case the hotel denies check-in under such circumstances. Bar / Lounge |Business Center |Doctor on Call|Health Club / Gym Facility Available|Laundry Service Available|Lift / Elevator|Lobby|Parking Facilities Available|Front Desk|Multi Cuisine Restaurant |Locker Facility|24 Hour Front Desk|Medical Assistance Available|Power Backup|Nature Walk|Newspapers In Lobby|STD / ISD|Internet / Fax (Reception area only)|Parking Facility|Room Service|Fire Safety|CCTV|Fire Exit Signs|First-Aid Kit at Front Desk|Paid Transfers|Stamps and Mailing Facility",
Discovery Village Nandi Foot Hills,4.0,The standard check-in time is 02:00 PM and the standard check-out time is 12:00 PM. Early check-in or late check-out is strictly subjected to availability and may be chargeable by the hotel. Any early check-in or late check-out request must be directed and reconfirmed with hotel directly We do not allow unmarried / unrelated couples to checkin. This is at full discretion of the hotel management. No refund would be applicable in case the checkin is denied under such circumstances Non Smoking Rooms|Parking Facilities Available|Smoking Rooms|Extra Person / Child - Share the same room|Outdoor Parking - Secured|Parking Facility|Room Service,
Fort Bridge View Homestay,4.0,The standard check-in time is 01:00 PM and the standard check-out time is 12:00 PM. Early check-in or late check-out is strictly subjected to availability and may be chargeable by the hotel. Any early check-in or late check-out request must be directed and reconfirmed with hotel directly Doctor on Call|Internet Access - Surcharge|Laundry Service Available|Non Smoking Rooms|Parking Facilities Available|Local Tour / Travel Desk|Express Laundry|Taxi Services,
Forest Haven Resort,4.0,The standard check-in time is 12:00 PM and the standard check-out time is 11:00 AM. Early check-in or late check-out is strictly subjected to availability and may be chargeable by the hotel. Any early check-in or late check-out request must be directed and reconfirmed with hotel directly **** Compulsory Supplement Charges to be paid **** Hotel May Charge the supplementary Amount For Gala Dinner On Christmas And New Year Evening.  There will be season hike for Oct/Nov/Dec Rs.1000 per Room/Per night will be payable directly at the hotel at the time of check-in Laundry Service Available|Parking Facilities Available|Front Desk|Multi Cuisine Restaurant |Locker Facility|24 Hour Front Desk|Coffee Shop / Cafe|Conference Facility |Kids Play Zone|Campfire / Bon Fire|Room Service (24 Hours),
Dream Catcher Plantation,4.0,The standard check-in time is 01:00 PM and the standard check-out time is 11:00 AM. Early check-in or late check-out is strictly subjected to availability and may be chargeable by the hotel. Any early check-in or late check-out request must be directed and reconfirmed with hotel directly Compulsory CHRISTMAS and NEW YEAR EVE SUPPLEMENTARY CHARGES @ Rs.2500/ PER PERSON WITH GALA DINNER AND EVE PROGRAMS AND ARE APPLICABLE FOR CHILDREN AGED ABOVE 6 YEARS which shall be collected at the time of Check/in. Barbecue Area|Doctor on Call|Dry Cleaning|Laundry Service Available|Lobby|Parking Facilities Available|Front Desk|Multi Cuisine Restaurant |Local Tour / Travel Desk|Medical Assistance Available|Welcome Drinks|Power Backup|Gardens|Wake-up Call / Service|Coffee Shop / Cafe|Vegetarian Food / Jain Food Available|Food Facility|Newspapers In Lobby|Guide / Sightseeing Service|Parking Facility|Room Service|Trekking|CCTV|Paid Transfers,
Dom Pedros Haven,4.0,The standard check-in time is 12:00 PM and the standard check-out time is 11:00 AM. Early check-in or late check-out is strictly subjected to availability and may be chargeable by the hotel. Any early check-in or late check-out request must be directed and reconfirmed with hotel directly non refundable Swimming Pool|Bar / Lounge |Internet Access - Surcharge|Laundry Service Available|Lobby|Parking Facilities Available|Front Desk|Multi Cuisine Restaurant |24 Hour Front Desk|Welcome Drinks|Power Backup|Gardens|Poolside Bar|Open Air Restaurant / Dining |Vegetarian Food / Jain Food Available|Pool Cafe|Outdoor Parking - Secured|Parking Facility|Restaurant|Room Service|Porter Services Available|Speciality Restaurant,
Ek Chidiya,4.0,The standard check-in time is 12:30 PM and the standard check-out time is 11:00 AM. Early check-in or late check-out is strictly subjected to availability and may be chargeable by the hotel. Any early check-in or late check-out request must be directed and reconfirmed with hotel directly Booking rates will not be valid for Christmas and New year dates High season and long weekend dates extra supplement will be charged over and above the paid rates as per actual and hotel discretion. Doctor on Call|Parking Facilities Available|Front Desk|Room Service|Public Restrooms,
Exotic Naturals Guest House,4.0,The standard check-in time is 12:00 PM and the standard check-out time is 12:00 PM. Early check-in or late check-out is strictly subjected to availability and may be chargeable by the hotel. Any early check-in or late check-out request must be directed and reconfirmed with hotel directly We do not allow unmarried / unrelated couples to checkin. This is at full discretion of the hotel management. No refund would be applicable in case the checkin is denied under such circumstances Doctor on Call|Parking Facilities Available|Front Desk|Room Service|First-Aid Kit at Front Desk,
Fort Manor,4.0,The standard check-in time is 12:00 PM and the standard check-out time is 12:00 PM. Early check-in or late check-out is strictly subjected to availability and may be chargeable by the hotel. Any early check-in or late check-out request must be directed and reconfirmed with hotel directly Internet Access - Surcharge|Front Desk|Multi Lingual Staff,
Gaba Hotel,4.0,The standard check-in time is 09:00 AM and the standard check-out time is 12:00 PM. Early check-in or late check-out is strictly subjected to availability and may be chargeable by the hotel. Any early check-in or late check-out request must be directed and reconfirmed with hotel directly 1. All guests requested to carry Valid ID proof for Check Inn. 2. Couple Guests with Local ID's are not allowed to check inn. Doctor on Call|Internet Access - Surcharge|Parking Facilities Available|Medical Assistance Available|Welcome Drinks|Power Backup|Food Facility|Restaurant|Room Service,
ELITE INN,4.0,"The standard check-in time is 12:00 PM and the standard check-out time is 12:00 PM. Early check-in or late check-out is strictly subjected to availability and may be chargeable by the hotel. Any early check-in or late check-out request must be directed and reconfirmed with hotel directly Hotels may not allow local residents to check-in as guests. Hotels reserve the right of admission. Unmarried/unrelated couples may not be allowed to check in. The primary guest must be at least 18 years old to be able to check into the hotel. Check in time and check out time is as per hotel policy terms. Early check in or late check out request is subject to availability and the hotel might charge extra for it. Please note that the check in time is subject to change as per hotel policy seasonality. Your stay does not include additional personal expenses like telephone charges, meals that are not part of the meal plan, any hotel services used (like laundry and room service) or tips. The hotel will charge directly for these at the time of check out.  It is mandatory for guests to present valid photo identification at the time of check in. According to government regulations, a valid Photo ID has to be carried by every person above the age of 18 staying at the hotel. The identification proofs accepted are Drivers License, Voters Card, and Passport. Without valid ID the guest will not be allowed to check in. NOTE: PAN Cards will not be accepted as a valid ID card.  Hotels may charge a mandatory meal surcharge on festive periods e.g. Christmas, New Year Eve etc. All additional charges (including mandatory meal surcharges) need to be cleared directly at the hotel. Currency Exchange|Internet Access - Surcharge|Front Desk|Local Tour / Travel Desk|Fax Machine|Open Air Restaurant / Dining |Parking (Surcharge)|Room Service",
Fiji Group of Houseboats,4.0,The standard check-in time is 12:00 PM and the standard check-out time is 12:00 PM. Early check-in or late check-out is strictly subjected to availability and may be chargeable by the hotel. Any early check-in or late check-out request must be directed and reconfirmed with hotel directly We do not allow unmarried / unrelated couples to checkin. This is at full discretion of the hotel management. No refund would be applicable in case the checkin is denied under such circumstances Doctor on Call|Parking Facilities Available|Front Desk|Local Tour / Travel Desk|Power Backup|Express Check-In / Check-Out|Porter / Bellhop|Extra Person / Child - Share the same room|Express Laundry|Room Service (24 Hours)|Parking Facility|Fire Exit Signs|Porter Services Available,
Fantasy Golf Resort,4.0,"The standard check-in time is 12:00 PM and the standard check-out time is 11:00 AM. Early check-in or late check-out is strictly subjected to availability and may be chargeable by the hotel. Any early check-in or late check-out request must be directed and reconfirmed with hotel directly Guest should carry Government Issued Photo Id Proof to be provided at the reception of all occupants staying in the room, as per the rules of the Indian Government. Hotel may charge compulsory gala dinner supplement on Christmas / New Year's eve or other festive periods. Any such supplements need to be paid directly at the hotel. Swimming Pool|Airport Transfer Available / Surcharge|Banquet Facilities|Bar / Lounge |Barbecue Area|Basketball Court |Billiards|Business Center |Dry Cleaning|Games Zone|Internet Access - Surcharge|Laundry Service Available|Multi Cuisine Restaurant |Table Tennis|Local Tour / Travel Desk|Major Credit Cards Accepted|24 Hour Front Desk|Power Backup|Gardens|Wedding Services Facility|Wake-up Call / Service|Conference Facility |Poolside Bar|Nature Walk| Bike on Rent|Village Visit ( Chargeable )|Car Rental|Kids Play Zone|Badminttion Court|Board Room|Campfire / Bon Fire| Drivers Rest Room|Outdoor Parking - Secured|Parking Facility|Room Service",
Executive Comfort (Mylapore),4.0,The standard check-in time is 12:00 PM and the standard check-out time is 12:00 PM. Early check-in or late check-out is strictly subjected to availability and may be chargeable by the hotel. Any early check-in or late check-out request must be directed and reconfirmed with hotel directly It is mandatory for guests to present valid photo identification at the time of check-in. Payment with Debit Card/Credit Card will attract service charges as applicable. Hotel check in and check out time: 12:00PM Laundry Service Available|Parking Facilities Available|Front Desk|24 Hour Front Desk|Internet Access Free|Newspapers In Lobby|Room Service (24 Hours)|Restaurant,
Executive Inn,4.0,The standard check-in time is 12:00 PM and the standard check-out time is 12:00 PM. Early check-in or late check-out is strictly subjected to availability and may be chargeable by the hotel. Any early check-in or late check-out request must be directed and reconfirmed with hotel directly Doctor on Call|Laundry Service Available|Room Service (24 Hours)|Parking Facility|Internet Access,
Elis Hospitality Narayan Krupa Arcade,4.0,The standard check-in time is 12:00 PM and the standard check-out time is 12:00 PM. Early check-in or late check-out is strictly subjected to availability and may be chargeable by the hotel. Any early check-in or late check-out request must be directed and reconfirmed with hotel directly We do not allow unmarried / unrelated couples to checkin. This is at full discretion of the hotel management. No refund would be applicable in case the checkin is denied under such circumstances) Doctor on Call|Laundry Service Available|Parking Facilities Available|Front Desk|Doorman|Extra Person / Child - Share the same room|Family Room|Outdoor Parking - Secured|Room Service|Fire Safety|Fire Exit Signs|First-Aid Kit at Front Desk|Public Restrooms,
DEVENTURE HOTEL,4.0,"The standard check-in time is 12:00 PM and the standard check-out time is 12:00 PM. Early check-in or late check-out is strictly subjected to availability and may be chargeable by the hotel. Any early check-in or late check-out request must be directed and reconfirmed with hotel directly Guests must report any loss of or damage to their property immediately on discovery to the Hotel  Reception or other appropriate staff members, and shall make themselves available to assist with any reports made by the hotel to the police. Doctor on Call|Lobby|Front Desk|Local Tour / Travel Desk|Power Backup|Room Service (24 Hours)|RO Water Purification System|Room Service",
Devraj Villa - A Boutique Home Stay,4.0,The standard check-in time is 12:00 PM and the standard check-out time is 10:00 AM. Early check-in or late check-out is strictly subjected to availability and may be chargeable by the hotel. Any early check-in or late check-out request must be directed and reconfirmed with hotel directly Hotel may charge supplement charges on Christmas / New Year's eve or other festive periods. Any such supplements need to be paid directly at the hotel. There may be additional charges and taxes applicable. Doctor on Call|Internet Access - Surcharge|Laundry Service Available|Parking Facilities Available|Local Tour / Travel Desk|Welcome Drinks|Power Backup|Gardens|Dance Performances (on demand)|Nature Walk|Veranda|Horse Ride ( Chargeable ) |Car Rental|Newspapers In Lobby|Guide / Sightseeing Service|Outdoor Parking - Secured|Parking Facility,
Dream World,4.0,The standard check-in time is 02:00 PM and the standard check-out time is 12:00 PM. Early check-in or late check-out is strictly subjected to availability and may be chargeable by the hotel. Any early check-in or late check-out request must be directed and reconfirmed with hotel directly Swimming Pool|Basketball Court |Billiards|Business Center |Doctor on Call|Games Zone|Parking Facilities Available|Front Desk|Table Tennis|Gardens|Pool Table|Horse Ride ( Chargeable ) |Kids Play Zone|Badminttion Court|Room Service|Fishing|Public Restrooms,
Executel  Greenlands,4.0,"The standard check-in time is 12:00 PM and the standard check-out time is 12:00 PM. Early check-in or late check-out is strictly subjected to availability and may be chargeable by the hotel. Any early check-in or late check-out request must be directed and reconfirmed with hotel directly According to government regulations, a valid Photo ID has to be carried by every person who stays at the hotel. The identification proofs accepted are Drivers License, Voters Card, Passport, Ration Card. Without valid ID the guest will not be allowed to check in. Note- PAN Cards will not be accepted as a valid ID card.   *   It is mandatory for guests to present valid photo identification at the time of check-in.   *   The primary guest checking in to the hotel must be at least 21 years of age.   *   The hotel reserves the right of admission. Accommodation can be denied to guests posing as a couple if suitable proof of identification is not presented at check-in.   *   The hotel reserves the right of admission for local residents. Accommodation can be denied to guests residing in the same city.   *   Local ID proof will not be valid. Laundry Service Available|Lift / Elevator|Parking Facilities Available|Front Desk|Newspapers In Lobby|Parking Facility|Restaurant",
Evershine Residency,4.0,The standard check-in time is 12:00 PM and the standard check-out time is 12:00 PM. Early check-in or late check-out is strictly subjected to availability and may be chargeable by the hotel. Any early check-in or late check-out request must be directed and reconfirmed with hotel directly We do not allow unmarried / unrelated couples to checkin. This is at full discretion of the hotel management. No refund would be applicable in case the checkin is denied under such circumstances Doctor on Call|Front Desk|Local Tour / Travel Desk|24 Hour Front Desk|Baggage Room|Adjoining Rooms|RO Water Purification System|Outdoor Parking - Secured|Room Service|Fire Safety|Recreation Zone|Anti-Slip Ramps|CCTV|First-Aid Kit at Front Desk,
EXCEL PARADISE INN,4.0,The standard check-in time is 12:00 PM and the standard check-out time is 12:00 PM. Early check-in or late check-out is strictly subjected to availability and may be chargeable by the hotel. Any early check-in or late check-out request must be directed and reconfirmed with hotel directly Like the policy for : We do not allow unmarried / unrelated couples to checkin. This is at full discretion of the hotel management. No refund would be applicable in case the checkin is denied under such circumstances Business Center |Casino|Concierge|Currency Exchange|Disabled Friendly Facilities |Doctor on Call|Dry Cleaning|Games Zone|Gift Shop |Golf Course|Health Club / Gym Facility Available|Internet Access - Surcharge|Laundry Service Available|Library|Lift / Elevator|Lobby|Night Club|Non Smoking Rooms|Parking Facilities Available|Pets Allowed|Private / Plunge Pool|Front Desk|Multi Cuisine Restaurant |Locker Facility|Secretarial Services|Non Smoking Hotel|Spa On Site - Chargeable|Solarium|Squash court|Table Tennis|Tennis Court|Local Tour / Travel Desk|Valet service|Hookah Lounge|Major Credit Cards Accepted|24 Hour Front Desk,
FabHotel Anjuna Beachfront,4.0,The standard check-in time is 12:00 PM and the standard check-out time is 11:00 AM. Early check-in or late check-out is strictly subjected to availability and may be chargeable by the hotel. Any early check-in or late check-out request must be directed and reconfirmed with hotel directly Photo Identity is compulsary for all the guest who crossed their minority  Pancard is not valid as photo identity Pets not allowed Doctor on Call|Laundry Service Available|Lobby|Non Smoking Rooms|Parking Facilities Available|Front Desk|Locker Facility|Non Smoking Hotel|Major Credit Cards Accepted|24 Hour Front Desk|Luggage Storage|Doorman|Air-Conditioning - Central|Power Backup|Multi Lingual Staff|Separate Sitting Area|Multi - Line Phone|Fire Place Available |Newspapers In Lobby|Whirlpool Bath / Shower Cubicle|Internet / Fax (Reception area only)|Outdoor Parking - Secured|Parking Facility|Internet Access|Room Service|Fire Safety|CCTV|Fire Exit Signs|First-Aid Kit at Front Desk,
EXECUTIVE INN HOTEL,4.0,The standard check-in time is 12:00 PM and the standard check-out time is 12:00 PM. Early check-in or late check-out is strictly subjected to availability and may be chargeable by the hotel. Any early check-in or late check-out request must be directed and reconfirmed with hotel directly Doctor on Call,
Dream Catcher,4.0,The standard check-in time is 12:00 PM and the standard check-out time is 11:00 AM. Early check-in or late check-out is strictly subjected to availability and may be chargeable by the hotel. Any early check-in or late check-out request must be directed and reconfirmed with hotel directly Valid ID proof is mandatory at the time of check in Doctor on Call|Dry Cleaning|Parking Facilities Available|Front Desk|Local Tour / Travel Desk|Power Backup|Multi Lingual Staff|Massage Services |Room Service (24 Hours),
Flic Houseboat,4.0,The standard check-in time is 12:00 PM and the standard check-out time is 12:00 PM. Early check-in or late check-out is strictly subjected to availability and may be chargeable by the hotel. Any early check-in or late check-out request must be directed and reconfirmed with hotel directly All children are welcome. Free! One child under 5 years stays free of charge when using existing beds.   The maximum number of extra beds in a room is 1. There is no capacity for cribs in the room. Additional fees are not calculated automatically in the total cost and will have to be paid for separately during your stay. Doctor on Call|Dry Cleaning|Laundry Service Available|Lobby|Local Tour / Travel Desk,
Emerald Homes,4.0,"The standard check-in time is 12:00 PM and the standard check-out time is 12:00 PM. Early check-in or late check-out is strictly subjected to availability and may be chargeable by the hotel. Any early check-in or late check-out request must be directed and reconfirmed with hotel directly No Show, Cancellation charges will be 100 % Cost. within 24 hrs of checkin, Cancellation charges will be 1 Night Cost. post 24 hours i.e. on and before 2 days of checkin, Cancellation charges will be Rs. 0 Fixed Cost. Doctor on Call|Parking Facilities Available|Front Desk|Local Tour / Travel Desk|Room Service",
Food &amp; Banquets ( Hotel Empees ),4.0,The standard check-in time is 12:00 PM and the standard check-out time is 12:00 PM. Early check-in or late check-out is strictly subjected to availability and may be chargeable by the hotel. Any early check-in or late check-out request must be directed and reconfirmed with hotel directly Booking rates will not be valid for Christmas and New year dates High season and long weekend dates extra supplement will be charged over and above the paid rates as per actual and hotel discretion. Doctor on Call|Lobby|Parking Facilities Available|Front Desk|Local Tour / Travel Desk|Power Backup|First-Aid Kit at Front Desk|Public Restrooms,
Enkay Residency M Block,4.0,The standard check-in time is 02:00 PM and the standard check-out time is 12:00 PM. Early check-in or late check-out is strictly subjected to availability and may be chargeable by the hotel. Any early check-in or late check-out request must be directed and reconfirmed with hotel directly We do not allow unmarried / unrelated couples to checkin. This is at full discretion of the hotel management. No refund would be applicable in case the checkin is denied under such circumstances Doctor on Call|Dry Cleaning|Front Desk|Locker Facility|24 Hour Front Desk|Luggage Storage|Newspapers In Lobby|Room Service (24 Hours)|Parking Facility|Internet Access|Room Service|Fire Safety|CCTV|First-Aid Kit at Front Desk|Full Time Operation for All 7 Days,
FabHotel Friends Colony,4.0,The standard check-in time is 12:00 PM and the standard check-out time is 11:00 AM. Early check-in or late check-out is strictly subjected to availability and may be chargeable by the hotel. Any early check-in or late check-out request must be directed and reconfirmed with hotel directly Our Inns reserve the right to admission. Accommodation can be denied to the guests posing as a couple if suitable identification and a non-local address proof is not presented at check-in. MAP plan includes limited menu meal. Banquet Facilities|Doctor on Call|Laundry Service Available|Lift / Elevator|Lobby|Non Smoking Rooms|Parking Facilities Available|Front Desk|Multi Cuisine Restaurant |Non Smoking Hotel|24 Hour Front Desk|Doorman|Air-Conditioning - Central|Power Backup|Gardens|Multi Lingual Staff|Separate Sitting Area|Conference Facility |Fire Place Available |Veg / Non Veg Kitchens Separate |Board Room|Food Facility|Newspapers In Lobby|Whirlpool Bath / Shower Cubicle|Internet / Fax (Reception area only)|Parking Facility|Internet Access|Restaurant|Room Service|CCTV|Fire Exit Signs|First-Aid Kit at Front Desk,
Deventure Hotel Chail,4.0,The standard check-in time is 12:00 PM and the standard check-out time is 10:00 AM. Early check-in or late check-out is strictly subjected to availability and may be chargeable by the hotel. Any early check-in or late check-out request must be directed and reconfirmed with hotel directly We allow early check-in at extra charge. Pets may be allowed in a particular category on request. Doctor on Call|Laundry Service Available|Lobby|Parking Facilities Available|Multi Cuisine Restaurant |Welcome Drinks|Dance Performances (on demand)|Conference Facility |Extra Person / Child - Share the same room|Newspapers In Lobby|Family Room|RO Water Purification System|Outdoor Parking - Secured|Parking Facility|Room Service,
Dragonfly Apartment,4.0,The standard check-in time is 12:00 PM and the standard check-out time is 12:00 PM. Early check-in or late check-out is strictly subjected to availability and may be chargeable by the hotel. Any early check-in or late check-out request must be directed and reconfirmed with hotel directly We do not allow unmarried / unrelated couples to checkin. This is at full discretion of the hotel management. No refund would be applicable in case the checkin is denied under such circumstances Doctor on Call|Dry Cleaning|Laundry Service Available|Lift / Elevator|Front Desk|Locker Facility|24 Hour Front Desk|Luggage Storage|Newspapers In Lobby|Outdoor Parking - Secured|Room Service|First-Aid Kit at Front Desk,
fazar residency,4.0,"The standard check-in time is 12:00 PM and the standard check-out time is 12:15 PM. Early check-in or late check-out is strictly subjected to availability and may be chargeable by the hotel. Any early check-in or late check-out request must be directed and reconfirmed with hotel directly Booking rates will not be valid for Christmas and New year dates, High season and long weekend dates extra supplement will be charged over and above the paid rates as per actual and hotel discretion. Internet Access - Surcharge|Laundry Service Available|Parking Facilities Available|Room Service (24 Hours)|Room Service",
Emerald County Resort  &amp; Club,4.0,The standard check-in time is 12:00 PM and the standard check-out time is 12:00 PM. Early check-in or late check-out is strictly subjected to availability and may be chargeable by the hotel. Any early check-in or late check-out request must be directed and reconfirmed with hotel directly We need Valid Id Proof at the time of Check in. ,
Dew Drops Farm Resorts,4.0,The standard check-in time is 12:00 PM and the standard check-out time is 11:00 AM. Early check-in or late check-out is strictly subjected to availability and may be chargeable by the hotel. Any early check-in or late check-out request must be directed and reconfirmed with hotel directly Valid ID proof is required at the time of check in for all guests. Bowling|Laundry Service Available|Parking Facilities Available|Front Desk|Multi Cuisine Restaurant |Locker Facility|Solarium|24 Hour Front Desk|Doorman|Welcome Drinks|Power Backup|Gardens|Multi Lingual Staff|Suitable For Children|Coffee Shop / Cafe|Kitchen available (home cook food on request)|Cell Phone Rental|Safari|Nature Walk|Veranda| Bike on Rent|Veg / Non Veg Kitchens Separate |Shopping Drop Facility (on fixed timings)|Vegetarian Food / Jain Food Available|Car Rental|City Shuttle Service|Campfire / Bon Fire|Food Facility|Newspapers In Lobby|Children's Park|Postal / Parcel Services|Room Service (24 Hours)| Cook Services|Spa Services Onsite - Free|Air / Rail Booking|Guide / Sightseeing Service|Internet / Fax (Reception area only)|Outdoor Parking - Secured|Parking Facility|Restaurant|Room Service|Fishing|Full Time Operation for All 7 Days|Hotel Trading License|Public Restrooms|Security at All Hotel Entrances|Speciality Restaurant |Suites,
Edesia,4.0,The standard check-in time is 12:00 PM and the standard check-out time is 12:00 PM. Early check-in or late check-out is strictly subjected to availability and may be chargeable by the hotel. Any early check-in or late check-out request must be directed and reconfirmed with hotel directly Check in and Check out - 12 Noon. Banquet Facilities|Bar / Lounge |Business Center |Doctor on Call|Dry Cleaning|Internet Access - Surcharge|Laundry Service Available|Lift / Elevator|Lobby|Non Smoking Rooms|Parking Facilities Available|Front Desk|Multi Cuisine Restaurant |Major Credit Cards Accepted|24 Hour Front Desk|Air-Conditioning - Central|Power Backup|Conference Facility |Veranda|Internet Access Free|Room Service (24 Hours)|Party hall|Internet / Fax (Reception area only)|Outdoor Parking - Secured|Parking Facility,
Fortune Select JP Cosmos(Unit of MICHPL),4.0,The standard check-in time is 12:00 PM and the standard check-out time is 12:00 PM. Early check-in or late check-out is strictly subjected to availability and may be chargeable by the hotel. Any early check-in or late check-out request must be directed and reconfirmed with hotel directly Children Policy: Child 0 to 8 Years (Accompanied with parents without extra bed) If the guest looks for an extra bed or mattress (subject to availability) it will be on separate chargeable basis. The cost would be Rs 1000 plus Taxes (22.70%). Cancellation and amendment for bookings made under any offer may be non refundable. Hotel may charge compulsory gala dinner supplement on Christmas / New Year's eve or other festive periods. Any such supplements need to be paid directly at the hotel. Swimming Pool|Airport Transfer Available / Surcharge|Babysitting/ Child Care (surcharge)|Banquet Facilities|Beauty Salon - on charge|Business Center |Concierge|Currency Exchange|Disabled Friendly Facilities |Doctor on Call|Health Club / Gym Facility Available|Internet Access - Surcharge|Laundry Service Available|Lift / Elevator|Lobby|Non Smoking Rooms|Parking Facilities Available|Front Desk|Multi Cuisine Restaurant |Locker Facility|Secretarial Services|Spa On Site - Chargeable|Local Tour / Travel Desk|Valet service|Major Credit Cards Accepted|24 Hour Front Desk|Luggage Storage|Doorman|Air-Conditioning - Central|Power Backup|Express Check-In / Check-Out|Audio - Visual Equipment|Wake-up Call / Service|Sauna|Coffee Shop / Cafe|Conference Facility |Smoking Rooms|Fax Machine|Electronic / Magnetic Keys|Wheelchair Accessibility - Room|Massage Services |Poolside Bar|Smoking Area |Express Laundry|Board Room|Newspapers In Lobby|Room Service (24 Hours)|STD / ISD|Baggage Room|Adjoining Rooms|Parking Facility,
Forest village holiday homes,4.0,"The standard check-in time is 12:00 PM and the standard check-out time is 10:00 AM. Early check-in or late check-out is strictly subjected to availability and may be chargeable by the hotel. Any early check-in or late check-out request must be directed and reconfirmed with hotel directly Swimming Pool|Doctor on Call|Laundry Service Available|Local Tour / Travel Desk|24 Hour Front Desk|Air-Conditioning - Central|Jacuzzi|Pick Up and Drop (Rly Station, Bus Stand, Temple)|Vegetarian Food / Jain Food Available|Food Facility|Room Service (24 Hours)|Internet / Fax (Reception area only)|Parking Facility",
Fortune Park Centre Point,4.0,The standard check-in time is 12:00 PM and the standard check-out time is 12:00 PM. Early check-in or late check-out is strictly subjected to availability and may be chargeable by the hotel. Any early check-in or late check-out request must be directed and reconfirmed with hotel directly Cancellation and Amendment Policy : Cancellation and amendment for bookings made under any offer will be non refundable. Hotel may charge compulsory gala dinner supplement on Christmas / New Year's eve or other festive periods. Any such supplements need to be paid directly at the hotel. Airport Transfer Available / Surcharge|Business Center |Currency Exchange|Doctor on Call|Dry Cleaning|Health Club / Gym Facility Available|Internet Access - Surcharge|Laundry Service Available|Lift / Elevator|Front Desk|Multi Cuisine Restaurant |Non Smoking Hotel,
Estrela Do Mar Beach Resort - A Beach Property,4.0,The standard check-in time is 02:00 PM and the standard check-out time is 11:00 AM. Early check-in or late check-out is strictly subjected to availability and may be chargeable by the hotel. Any early check-in or late check-out request must be directed and reconfirmed with hotel directly Swimming Pool|Airport Transfer Available / Surcharge|Bar / Lounge |Doctor on Call|Dry Cleaning|Games Zone|Internet Access - Surcharge|Laundry Service Available|Library|Parking Facilities Available|Front Desk|Multi Cuisine Restaurant |Locker Facility|Local Tour / Travel Desk|Major Credit Cards Accepted|24 Hour Front Desk|Power Backup|Multi Lingual Staff|Wake-up Call / Service|Car Rental|Express Laundry|Kids Play Zone|Room Service (24 Hours)|Guide / Sightseeing Service|Outdoor Parking - Secured|Internet Access,
DEVANGI ATITHYA HOMESTAY,4.0,The standard check-in time is 12:00 PM and the standard check-out time is 12:00 PM. Early check-in or late check-out is strictly subjected to availability and may be chargeable by the hotel. Any early check-in or late check-out request must be directed and reconfirmed with hotel directly Parking Facilities Available|Front Desk,
Emarald Wild West Wayanad,4.0,The standard check-in time is 12:00 PM and the standard check-out time is 11:00 AM. Early check-in or late check-out is strictly subjected to availability and may be chargeable by the hotel. Any early check-in or late check-out request must be directed and reconfirmed with hotel directly Check-in time : 12 pm Check-out time : 11 am Early check-in / Late check-out is subject to availabilty of rooms and is chargeable. There will be a hike of Rs.500 per head from Dec 21s to Jan 5th. Hotel may charge compulsory gala dinner supplement on Christmas / New Year's eve or other festive periods. Any such supplements need to be paid directly at the hotel. There will be season hike for Oct/Nov/Dec Rs.1000 per Room/Per night will be payable directly at the hotel at the  time of check-in Banquet Facilities|Barbecue Area|Games Zone|Parking Facilities Available|Pets Allowed|Front Desk|Multi Cuisine Restaurant |Local Tour / Travel Desk|Hookah Lounge|Major Credit Cards Accepted|Welcome Drinks|Power Backup|Gardens|Multi Lingual Staff|Wake-up Call / Service|Suitable For Children|Coffee Shop / Cafe|Fire Place Available |Safari|Boating|Nature Walk|Veg / Non Veg Kitchens Separate |Vegetarian Food / Jain Food Available|Kids Play Zone|Taxi Services|Badminttion Court|Campfire / Bon Fire|Food Facility| Drivers Rest Room|Newspapers In Lobby|Children's Park|Family Room|Guide / Sightseeing Service|Internet / Fax (Reception area only)|Adjoining Rooms|Outdoor Parking - Secured|Parking Facility,
Fraddie Guest House,4.0,"The standard check-in time is 12:00 PM and the standard check-out time is 10:00 AM. Early check-in or late check-out is strictly subjected to availability and may be chargeable by the hotel. Any early check-in or late check-out request must be directed and reconfirmed with hotel directly Photo ids are compulsory at the time of Ch-in, Hotel may reject confirm booking if fail to produce same Doctor on Call|Car Rental|Room Service (24 Hours)",
"Dynasty Resort, Khurpatal",4.0,The standard check-in time is 12:00 PM and the standard check-out time is 10:00 AM. Early check-in or late check-out is strictly subjected to availability and may be chargeable by the hotel. Any early check-in or late check-out request must be directed and reconfirmed with hotel directly AMMENDMENT POLICY: Amendments will be treated as cancellation. Any refund will take at least 15 days to process. Hotel may charge compulsory gala dinner supplement on Christmas / New Year's eve or other festive periods. Any such supplements need to be paid directly at the hotel. Mandatory 31st Night Gala Event Supplement will be applicable as per Hotel Policy. Banquet Facilities|Beauty Salon - on charge|Billiards|Business Center |Doctor on Call|Games Zone|Health Club / Gym Facility Available|Internet Access - Surcharge|Laundry Service Available|Lift / Elevator|Parking Facilities Available|Front Desk|Multi Cuisine Restaurant |Local Tour / Travel Desk|Major Credit Cards Accepted|Power Backup|Conference Facility |Internet Access Free|Children's Park|Room Service (24 Hours)|Spa Services Onsite - Free|Outdoor Parking - Secured|Parking Facility|Speciality Restaurant |Suites,
Executive Comfort (Guindy),4.0,The standard check-in time is 12:00 PM and the standard check-out time is 12:00 PM. Early check-in or late check-out is strictly subjected to availability and may be chargeable by the hotel. Any early check-in or late check-out request must be directed and reconfirmed with hotel directly It is mandatory for guests to present valid photo identification at the time of check-in. Payment with Debit Card/Credit Card will attract service charges as applicable. Laundry Service Available|Parking Facilities Available|Front Desk|24 Hour Front Desk|Power Backup|Gardens|Kitchen available (home cook food on request)|Smoking Area |Internet Access Free|Newspapers In Lobby|Family Room|Room Service (24 Hours)|Parking Facility,
FabHotel Blossoms Pune Airport,4.0,The standard check-in time is 12:00 PM and the standard check-out time is 11:00 AM. Early check-in or late check-out is strictly subjected to availability and may be chargeable by the hotel. Any early check-in or late check-out request must be directed and reconfirmed with hotel directly Our Inns reserve the right to admission. Accommodation can be denied to the guests posing as a couple if suitable identification and a non-local address proof is not presented at check-in. Unmarried couple Not allowed. Doctor on Call|Dry Cleaning|Laundry Service Available|Lift / Elevator|Lobby|Parking Facilities Available|Front Desk|Local Tour / Travel Desk|Major Credit Cards Accepted|24 Hour Front Desk|Luggage Storage|Medical Assistance Available|Air-Conditioning - Central|Power Backup|Wake-up Call / Service|Fax Machine|Vegetarian Food / Jain Food Available|Extra Person / Child - Share the same room|Express Laundry|Water Dispenser Available|Food Facility|Newspapers In Lobby|Room Service (24 Hours)|Baggage Room|Parking Facility,
Dhuri Homestay,4.0,The standard check-in time is 12:00 PM and the standard check-out time is 12:00 PM. Early check-in or late check-out is strictly subjected to availability and may be chargeable by the hotel. Any early check-in or late check-out request must be directed and reconfirmed with hotel directly We do not allow unmarried / unrelated couples to checkin. This is at full discretion of the hotel management. No refund would be applicable in case the checkin is denied under such circumstances Doctor on Call|Lift / Elevator|Lobby|Parking Facilities Available|Front Desk|Suitable For Children|Veranda|Taxi Services|Newspapers In Lobby|Room Service|Fire Safety|Anti-Slip Ramps|Fire Exit Signs,
Elysium Resorts,4.0,"The standard check-in time is 12:00 PM and the standard check-out time is 10:30 AM. Early check-in or late check-out is strictly subjected to availability and may be chargeable by the hotel. Any early check-in or late check-out request must be directed and reconfirmed with hotel directly Galla Dinner will be charged for long weekend/ Christmas/ New year ad festival period should be charged directly at the Hotel Swimming Pool|Billiards|Doctor on Call|Games Zone|Laundry Service Available|Library|Parking Facilities Available|Multi Cuisine Restaurant |Spa On Site - Chargeable|Table Tennis|Local Tour / Travel Desk|Major Credit Cards Accepted|Welcome Drinks|Power Backup|Gardens|Wedding Services Facility|Suitable For Children|Massage Services |Pick Up and Drop (Rly Station, Bus Stand, Temple)| Bike on Rent|Veg / Non Veg Kitchens Separate |Vegetarian Food / Jain Food Available|Car Rental|Kids Play Zone|Badminttion Court| Drivers Rest Room|Newspapers In Lobby|Family Room|Party hall|Internet / Fax (Reception area only)|RO Water Purification System|Outdoor Parking - Secured|Parking Facility|Restaurant|Room Service|Ayurvedic Facilities |CCTV|First-Aid Kit at Front Desk|Public Restrooms|Security at All Hotel Entrances|Suites",
Dwarika Residency Shelapani,4.0,The standard check-in time is 12:00 PM and the standard check-out time is 01:00 PM. Early check-in or late check-out is strictly subjected to availability and may be chargeable by the hotel. Any early check-in or late check-out request must be directed and reconfirmed with hotel directly 01 Nights / 01 Days  Children upto 5 years are free on the respective package without extra bed sharing parent's room 5- 12 years- 25%  above 12 years- 50% of the respective package with ( or without ) extra bed Swimming Pool|Bar / Lounge |Barbecue Area|Internet Access - Surcharge|Laundry Service Available|Parking Facilities Available|Locker Facility|Table Tennis|Hookah Lounge|24 Hour Front Desk|Doorman|Medical Assistance Available|Welcome Drinks|Power Backup|Gardens|Dance Performances (on demand)|Catering|Suitable For Children|Grocery|Coffee Shop / Cafe|Kitchen available (home cook food on request)|Massage Services |Poolside Bar|Skiing Facility Available|Nature Walk|Veranda|Open Air Restaurant / Dining |Veg / Non Veg Kitchens Separate |Horse Ride ( Chargeable ) |Shopping Drop Facility (on fixed timings)|In House Events |Vegetarian Food / Jain Food Available|Car Rental|Badminttion Court|Pool Cafe|Karaoke |Campfire / Bon Fire|Food Facility|Children's Park|Postal / Parcel Services|Room Service (24 Hours)| Cook Services|Air / Rail Booking|Guide / Sightseeing Service|Outdoor Parking - Secured|Parking Facility|Restaurant|Room Service|Fishing|Full Time Operation for All 7 Days|Porter Services Available|Public Restrooms|Security at All Hotel Entrances|Speciality Restaurant |Suites,
Diana Hotel,4.0,The standard check-in time is 12:00 PM and the standard check-out time is 12:00 PM. Early check-in or late check-out is strictly subjected to availability and may be chargeable by the hotel. Any early check-in or late check-out request must be directed and reconfirmed with hotel directly We do not allow unmarried / unrelated couples to checkin. This is at full discretion of the hotel management. No refund would be applicable in case the checkin is denied under such circumstances Doctor on Call|Parking Facilities Available|Front Desk|Room Service,
Dhamma Guest House,4.0,The standard check-in time is 02:00 PM and the standard check-out time is 12:00 PM. Early check-in or late check-out is strictly subjected to availability and may be chargeable by the hotel. Any early check-in or late check-out request must be directed and reconfirmed with hotel directly ,
Devikripa Homestay,4.0,The standard check-in time is 12:00 PM and the standard check-out time is 01:00 PM. Early check-in or late check-out is strictly subjected to availability and may be chargeable by the hotel. Any early check-in or late check-out request must be directed and reconfirmed with hotel directly Doctor on Call|Laundry Service Available|Library|Guide / Sightseeing Service|Internet Access,
Emarald Ayurveda Resort (45 Mints From Calicut Airport),4.0,"The standard check-in time is 12:00 PM and the standard check-out time is 12:00 PM. Early check-in or late check-out is strictly subjected to availability and may be chargeable by the hotel. Any early check-in or late check-out request must be directed and reconfirmed with hotel directly **** Compulsory Supplement Charges to be Paid **** Mandatory New Year Gala Dinner Charges on 31st Dec at Rs.1500 per person,to be paid at the hotel directly at the time of check in. Mandatory Christmas Gala Dinner charges on 24th Dec at Rs.1500 per person,to be paid at the hotel directly at the time of check in. Doctor on Call|Health Club / Gym Facility Available|Internet Access - Surcharge|Room Service |Conference Facility",
Dreams Palm Beach Resort,4.0,"The standard check-in time is 12:00 PM and the standard check-out time is 10:00 AM. Early check-in or late check-out is strictly subjected to availability and may be chargeable by the hotel. Any early check-in or late check-out request must be directed and reconfirmed with hotel directly AS PER GOVERNMENT DIRECTIVES IT IS MANDATORY FOR ALL GUEST TO SHOW THEIR PHOTO ID AT CHECK IN, WHICH CAN BE IN FORM OF PASSPORT AND VISA COPY/ DRIVING LICENSE/ VOTER ID CARD FAILING WHICH THE HOTEL RESERVES THE RIGHT OF REFUSAL. Airport Transfer Available / Surcharge|Doctor on Call|Internet Access - Surcharge|Laundry Service Available|Local Tour / Travel Desk|Luggage Storage|Power Backup|Pick Up and Drop (Rly Station, Bus Stand, Temple)|Extra Person / Child - Share the same room|Village Visit ( Chargeable )|Car Rental|Taxi Services|Food Facility|Room Service (24 Hours)|Parking (Surcharge)|Guide / Sightseeing Service|Parking Facility|Internet Access|Room Service|CCTV|First-Aid Kit at Front Desk|Full Time Operation for All 7 Days|Paid Transfers",
Gabadi River Edge Resort,4.0,"The standard check-in time is 12:00 PM and the standard check-out time is 12:00 PM. Early check-in or late check-out is strictly subjected to availability and may be chargeable by the hotel. Any early check-in or late check-out request must be directed and reconfirmed with hotel directly Booking rates will not be valid for Christmas and New year dates, High season and long weekend dates, extra supplement will be charged over and above the paid rates as per actual and hotel discretion. Parking Facilities Available|Taxi Services|Food Facility",
FabHotel Majestica Inn Hitec City,4.0,The standard check-in time is 12:00 PM and the standard check-out time is 11:00 AM. Early check-in or late check-out is strictly subjected to availability and may be chargeable by the hotel. Any early check-in or late check-out request must be directed and reconfirmed with hotel directly Our Inns reserve the right to admission. Accommodation can be denied to the guests posing as a couple if suitable identification and a non-local address proof is not presented at check-in. MAP plan includes limited menu meal. Banquet Facilities|Doctor on Call|Lift / Elevator|Lobby|Non Smoking Rooms|Parking Facilities Available|Front Desk|Multi Cuisine Restaurant |Locker Facility|Major Credit Cards Accepted|24 Hour Front Desk|Doorman|Air-Conditioning - Central|Power Backup|Gardens|Multi Lingual Staff|Wake-up Call / Service|Separate Sitting Area|Conference Facility |Smoking Rooms|Fire Place Available |Board Room|Food Facility|Newspapers In Lobby|Whirlpool Bath / Shower Cubicle|Internet / Fax (Reception area only)|Parking Facility|Internet Access|Restaurant|Room Service|Fire Safety|CCTV|Fire Exit Signs|First-Aid Kit at Front Desk|Speciality Restaurant,
First Choice Service Apartment,4.0,"The standard check-in time is 02:00 PM and the standard check-out time is 12:00 PM. Early check-in or late check-out is strictly subjected to availability and may be chargeable by the hotel. Any early check-in or late check-out request must be directed and reconfirmed with hotel directly Booking rates will not be valid for Christmas  New year dates, High season  long weekend dates  extra supplement will be charged over  above the paid rates as per actual  hotel discretion. Doctor on Call|Laundry Service Available|Parking Facilities Available|Front Desk|Power Backup",
Executive Holiday,4.0,The standard check-in time is 12:00 PM and the standard check-out time is 12:00 PM. Early check-in or late check-out is strictly subjected to availability and may be chargeable by the hotel. Any early check-in or late check-out request must be directed and reconfirmed with hotel directly payment should be transfer before guest leave on guest house. Business Center |Internet Access - Surcharge|Laundry Service Available|Parking Facilities Available|Front Desk|Power Backup|Gardens|Room Service (24 Hours)|Outdoor Parking - Secured|Parking Facility|Room Service|Public Restrooms|Suites,
Dream Mountain Resort,4.0,The standard check-in time is 11:00 AM and the standard check-out time is 02:00 PM. Early check-in or late check-out is strictly subjected to availability and may be chargeable by the hotel. Any early check-in or late check-out request must be directed and reconfirmed with hotel directly ID cards are mandatory during the time check in. Doctor on Call|Parking Facilities Available|Front Desk|Locker Facility|Food Facility|Family Room|Parking Facility|Room Service|Fire Safety|Anti-Slip Ramps|Fire Exit Signs|First-Aid Kit at Front Desk|Public Restrooms,
Diplomat Home stay,4.0,The standard check-in time is 12:00 PM and the standard check-out time is 12:00 PM. Early check-in or late check-out is strictly subjected to availability and may be chargeable by the hotel. Any early check-in or late check-out request must be directed and reconfirmed with hotel directly Govt Id's are mandatory at the time of check in Doctor on Call|Dry Cleaning|Laundry Service Available|Lobby|Parking Facilities Available|Front Desk|Locker Facility|24 Hour Front Desk|Luggage Storage|Power Backup|Express Check-In / Check-Out|Audio - Visual Equipment|Fax Machine|Vegetarian Food / Jain Food Available|Extra Person / Child - Share the same room|Car Rental|Taxi Services|Newspapers In Lobby|Children's Park|Room Service (24 Hours)|Baggage Room|Parking Facility|Internet Access|Room Service|CCTV|First-Aid Kit at Front Desk|Public Restrooms|Stamps and Mailing Facility,
"Elis Hospitality Service Apartment,Prahladnagar",4.0,The standard check-in time is 12:00 PM and the standard check-out time is 12:00 PM. Early check-in or late check-out is strictly subjected to availability and may be chargeable by the hotel. Any early check-in or late check-out request must be directed and reconfirmed with hotel directly Valid ID proof is required at the time  of check in for all guests. Unmarried couples are not allowed. *VALID IDENTIFICATION DOCUMENTS/ PROOF IS MANDATORY *IN CASE OF ANY UNUSUAL/IMPROPER/SUSPICIOUS ACT HOTEL CAN CANCEL ROOM  *CHECK INN AND CHECK OUT IS 12:00 NOON AFTER THAT HALF DAY CHARGES APPLICABLE *PETS ARE NOT ALLOWED Doctor on Call|Internet Access - Surcharge|Laundry Service Available|Lift / Elevator|Parking Facilities Available|Front Desk|Luggage Storage|Wake-up Call / Service|Room Service,
Dhanhills Hotel,4.0,The standard check-in time is 10:00 AM and the standard check-out time is 09:00 AM. Early check-in or late check-out is strictly subjected to availability and may be chargeable by the hotel. Any early check-in or late check-out request must be directed and reconfirmed with hotel directly SINGLE OCCUPANCY BOOKING IS NOT ACCEPTABLE AS THE PER THE LOCAL POLICE LAW AND THE SAME WOULD BE REJECTED WITHOUT ANY PRIOR INTIMATION. MINIMUM DOUBLE OCCUPANCY BOOKING IS TO BE MADE.. FOR A/C ROOM RS 500/- PER NIGHT EXTRA Swimming Pool|Business Center |Internet Access - Surcharge|Laundry Service Available|Parking Facilities Available|Front Desk|Multi Cuisine Restaurant |Power Backup|Gardens|Internet Access Free|Outdoor Parking - Secured|Parking Facility,
Dreamland Kashmir Cottage,4.0,The standard check-in time is 12:00 PM and the standard check-out time is 12:00 PM. Early check-in or late check-out is strictly subjected to availability and may be chargeable by the hotel. Any early check-in or late check-out request must be directed and reconfirmed with hotel directly The hotel bookings are subject to confirmation. Check In time is 1300 Hours and Check out time is 12 Noon. Early check in / Late Check-out is subject to availability.  Above rates are as per availability and subjected to change. Laundry Service Available|Parking Facilities Available|Front Desk|Power Backup|Gardens|Internet Access Free|Outdoor Parking - Secured|Parking Facility|Room Service|Porter Services Available|Speciality Restaurant,
dreamgoa holiday homes,4.0,The standard check-in time is 10:00 AM and the standard check-out time is 11:00 AM. Early check-in or late check-out is strictly subjected to availability and may be chargeable by the hotel. Any early check-in or late check-out request must be directed and reconfirmed with hotel directly ID cards are mandatory during the time check in. Swimming Pool|Health Club / Gym Facility Available|Laundry Service Available|Lift / Elevator|Parking Facilities Available|Locker Facility|Power Backup|Parking Facility,
Eswar Residency,4.0,"The standard check-in time is 12:00 PM and the standard check-out time is 12:00 PM. Early check-in or late check-out is strictly subjected to availability and may be chargeable by the hotel. Any early check-in or late check-out request must be directed and reconfirmed with hotel directly The standard check-in time is 12:00 PM and the standard check-out time is 12:00 PM. Early check-in or late check-out is strictly subjected to availability and may be chargeable by the hotel. Any early check-in or late check-out request must be directed and reconfirmed with hotel directly. According to government regulations, a valid Photo ID has to be carried by every person who stays at the hotel. The identification proofs accepted are Drivers License, Voters Card, Passport, Ration Card. Without valid ID the guest will not be allowed to check in. Note- PAN Cards will not be accepted as a valid ID card.   *   It is mandatory for guests to present valid photo identification at the time of check-in.   *   The primary guest checking in to the hotel must be at least 21 years of age.   *   The hotel reserves the right of admission. Accommodation can be denied to guests posing as a couple if suitable proof of identification is not presented at check-in.   *   The hotel reserves the right of admission for local residents. Accommodation can be denied to guests residing in the same city.   *   Local ID proof will not be valid. Lobby|Front Desk|Parking Facility|Room Service",
Evergreen Suites Defence Colony,4.0,"The standard check-in time is 12:00 PM and the standard check-out time is 11:00 AM. Early check-in or late check-out is strictly subjected to availability and may be chargeable by the hotel. Any early check-in or late check-out request must be directed and reconfirmed with hotel directly Pets are not allowed. Check-in at 12:00 pm Check-out at 11:00 am One valid govt.i.d proof with address and photograph at the time of check-in(pan card not accepted) Business Center |Concierge|Currency Exchange|Disabled Friendly Facilities |Doctor on Call|Dry Cleaning|Internet Access - Surcharge|Laundry Service Available|Lift / Elevator|Lobby|Parking Facilities Available|Front Desk|Multi Cuisine Restaurant |Locker Facility|Non Smoking Hotel|Local Tour / Travel Desk|24 Hour Front Desk|Luggage Storage|Doorman|Air-Conditioning - Central|Power Backup|Express Check-In / Check-Out|Gardens|Wake-up Call / Service|Suitable For Children|Separate Sitting Area|Coffee Shop / Cafe|ATM / Banking|Fax Machine|Kitchen available (home cook food on request)|Electronic / Magnetic Keys|Cell Phone Rental|Pick Up and Drop (Rly Station, Bus Stand, Temple)|Extra Person / Child - Share the same room|Car Rental|Express Laundry|Water Dispenser Available|Taxi Services|City Shuttle Service|Food Facility| Drivers Rest Room|Newspapers In Lobby|Postal / Parcel Services|Room Service (24 Hours)|Air / Rail Booking|Courier Service|Internet / Fax (Reception area only)|Adjoining Rooms|RO Water Purification System|Outdoor Parking - Secured|Parking Facility",
Divine Holiday Home,4.0,The standard check-in time is 12:00 PM and the standard check-out time is 12:00 PM. Early check-in or late check-out is strictly subjected to availability and may be chargeable by the hotel. Any early check-in or late check-out request must be directed and reconfirmed with hotel directly Airport Transfer Available / Surcharge|Doctor on Call|Laundry Service Available|Lobby|Front Desk|Local Tour / Travel Desk|Power Backup|Wake-up Call / Service,
EVEREST COMFORTS,4.0,The standard check-in time is 12:00 PM and the standard check-out time is 12:00 PM. Early check-in or late check-out is strictly subjected to availability and may be chargeable by the hotel. Any early check-in or late check-out request must be directed and reconfirmed with hotel directly 1.  RIGHT OF ADMISSION RESERVED.   2.  THE DAILY CHARGES ARE FOR 24 HRS AND PART OF THE DAY IS CONSIDERED AS FULL DAY.   3.  CHEQUES ARE NOT ACCEPTED VISITORS ARE NOT ALLOWED  4.  A SUM OF RUPEES 500 WILL BE CHARGED FOR THE LOSS OF KEY. Laundry Service Available|Lift / Elevator|Parking Facilities Available|Front Desk|Power Backup|Room Service (24 Hours),
Eagle Mountain,4.0,The standard check-in time is 12:00 PM and the standard check-out time is 11:00 AM. Early check-in or late check-out is strictly subjected to availability and may be chargeable by the hotel. Any early check-in or late check-out request must be directed and reconfirmed with hotel directly There will be a seasonal hike from Oct/ Nov/ Dec on the Room tariff to be paid directly at the hotel. Banquet Facilities|Currency Exchange|Doctor on Call|Dry Cleaning|Laundry Service Available|Front Desk|Multi Cuisine Restaurant |24 Hour Front Desk|Medical Assistance Available|Welcome Drinks|Power Backup|Fax Machine|Newspapers In Lobby,
Feel Factor,4.0,The standard check-in time is 12:00 PM and the standard check-out time is 12:00 PM. Early check-in or late check-out is strictly subjected to availability and may be chargeable by the hotel. Any early check-in or late check-out request must be directed and reconfirmed with hotel directly We do not allow unmarried / unrelated couples to checkin. This is at full discretion of the hotel management. No refund would be applicable in case the checkin is denied under such circumstances Doctor on Call|Dry Cleaning|Front Desk|Locker Facility|24 Hour Front Desk|Newspapers In Lobby|Room Service (24 Hours)|Parking Facility|Internet Access|Room Service|Fire Safety|CCTV|Fire Exit Signs|First-Aid Kit at Front Desk|Full Time Operation for All 7 Days,
Even Suites - Koramangala,4.0,The standard check-in time is 11:00 PM and the standard check-out time is 11:00 PM. Early check-in or late check-out is strictly subjected to availability and may be chargeable by the hotel. Any early check-in or late check-out request must be directed and reconfirmed with hotel directly Doctor on Call|Laundry Service Available|Lift / Elevator|Lobby|Parking Facilities Available|Front Desk|Locker Facility|Power Backup|Newspapers In Lobby|Outdoor Parking - Secured|Parking Facility|Room Service,
Dom Joao's Guest House,4.0,The standard check-in time is 12:00 PM and the standard check-out time is 12:00 PM. Early check-in or late check-out is strictly subjected to availability and may be chargeable by the hotel. Any early check-in or late check-out request must be directed and reconfirmed with hotel directly Hotel may charge compulsory gala dinner supplement on Christmas / New Year's eve or other festive periods. Any such supplements need to be paid directly at the hotel. Doctor on Call|Local Tour / Travel Desk| Bike on Rent|Car Rental,
ECOGREEN HOMESTAY,4.0,The standard check-in time is 12:00 PM and the standard check-out time is 12:00 PM. Early check-in or late check-out is strictly subjected to availability and may be chargeable by the hotel. Any early check-in or late check-out request must be directed and reconfirmed with hotel directly We do not allow unmarried / unrelated couples to checkin. This is at full discretion of the hotel management. No refund would be applicable in case the checkin is denied under such circumstances Lobby|Parking Facilities Available|Front Desk|Local Tour / Travel Desk|24 Hour Front Desk|Air-Conditioning - Central|Power Backup|First-Aid Kit at Front Desk,
Eshani Guest House,4.0,The standard check-in time is 02:00 PM and the standard check-out time is 12:00 PM. Early check-in or late check-out is strictly subjected to availability and may be chargeable by the hotel. Any early check-in or late check-out request must be directed and reconfirmed with hotel directly Booking rates will not be valid for Christmas and New year dates High season and long weekend dates extra supplement will be charged over and above the paid rates as per actual and hotel discretion. Doctor on Call|Parking Facilities Available|Front Desk|24 Hour Front Desk|Baggage Room|Adjoining Rooms|RO Water Purification System|Outdoor Parking - Secured|Parking Facility|Room Service|Recreation Zone|Anti-Slip Ramps|First-Aid Kit at Front Desk|Public Restrooms,
DUDHWA TIGERHINO RESORT,4.0,The standard check-in time is 02:00 PM and the standard check-out time is 12:00 PM. Early check-in or late check-out is strictly subjected to availability and may be chargeable by the hotel. Any early check-in or late check-out request must be directed and reconfirmed with hotel directly The standard check-in time is 12:00 PM and the standard check-out time is 12:00 PM. Early check-in or late check-out is strictly subjected to availability and may be chargeable by the hotel. Doctor on Call|Front Desk|Power Backup|Wake-up Call / Service|Parking Facility|Room Service,
Devonshire Greens,4.0,The standard check-in time is 01:00 PM and the standard check-out time is 11:00 AM. Early check-in or late check-out is strictly subjected to availability and may be chargeable by the hotel. Any early check-in or late check-out request must be directed and reconfirmed with hotel directly Pets are not allowed. In room cooking not allowed. **** Mandatory Supplement Charges to be paid at the hotel directly at the time of check-in **** Rs.3000/- per pax will be charged for X Mas (24th Dec) and New Year Dinner (31st Dec) - Rs.1500/- per child between 6-12 yrs. Doctor on Call|Dry Cleaning|Health Club / Gym Facility Available|Internet Access - Surcharge|Laundry Service Available|Lift / Elevator|Non Smoking Rooms|Parking Facilities Available|Multi Cuisine Restaurant |Major Credit Cards Accepted|24 Hour Front Desk|Luggage Storage|Medical Assistance Available|Welcome Drinks|Power Backup|Gardens|Smoking Rooms|Disabled Friendly Rooms|Express Laundry|Internet Access Free|Newspapers In Lobby|Parking Facility|Room Service,
Erica Ocean Barnala,4.0,The standard check-in time is 12:00 PM and the standard check-out time is 12:00 PM. Early check-in or late check-out is strictly subjected to availability and may be chargeable by the hotel. Any early check-in or late check-out request must be directed and reconfirmed with hotel directly Like the policy for : We do not allow unmarried / unrelated couples to checkin. This is at full discretion of the hotel management. No refund would be applicable in case the checkin is denied under such circumstances Doctor on Call|Parking Facilities Available|Front Desk|Power Backup|Newspapers In Lobby|Family Room|Outdoor Parking - Secured|Parking Facility|Room Service|Public Restrooms,
Ever Green Estate Stay,4.0,The standard check-in time is 12:00 PM and the standard check-out time is 11:00 AM. Early check-in or late check-out is strictly subjected to availability and may be chargeable by the hotel. Any early check-in or late check-out request must be directed and reconfirmed with hotel directly ,
Eden Garden Guest House,4.0,"The standard check-in time is 12:00 PM and the standard check-out time is 12:00 PM. Early check-in or late check-out is strictly subjected to availability and may be chargeable by the hotel. Any early check-in or late check-out request must be directed and reconfirmed with hotel directly 1.ALL GUESTS ARE REQUIRED TO PRESENT PROPER PHOTO IDENTIFICATION UPON CHECK IN. 2.The identity proof would include a valid Driving license/voter identity card/PAN card, etc. Valid Passport mandatory for all Foreign guests. 3.Booking rates will not be valid for Christmas and New year dates High season and long weekend dates extra supplement will be charged over and above the paid rates as per actual and hotel discretion. No refund would be applicable in case the hotel denies check-in under such circumstances. Doctor on Call|Lobby|Parking Facilities Available|Front Desk|24 Hour Front Desk|Medical Assistance Available|Power Backup|Nature Walk|Newspapers In Lobby|Room Service (24 Hours)|STD / ISD|Internet / Fax (Reception area only)|Parking Facility|Fire Safety|CCTV|Fire Exit Signs|First-Aid Kit at Front Desk|Paid Transfers|Stamps and Mailing Facility",
FabHotel Sumati Baner,4.0,"The standard check-in time is 12:00 PM and the standard check-out time is 11:00 AM. Early check-in or late check-out is strictly subjected to availability and may be chargeable by the hotel. Any early check-in or late check-out request must be directed and reconfirmed with hotel directly Booking rates will not be valid for Christmas  New year dates, High season  long weekend dates  extra supplement will be charged over  above the paid rates as per management discretion Banquet Facilities|Doctor on Call|Dry Cleaning|Internet Access - Surcharge|Laundry Service Available|Lift / Elevator|Lobby|Parking Facilities Available|Front Desk|Locker Facility|Luggage Storage|Doorman|Power Backup|Gardens|Wake-up Call / Service|Suitable For Children|Conference Facility |Kitchen available (home cook food on request)|Smoking Area |Food Facility|Newspapers In Lobby|Room Service (24 Hours)|Baggage Room|RO Water Purification System|Outdoor Parking - Secured|Parking Facility|Internet Access|Room Service|Fire Safety|Fire Exit Signs|First-Aid Kit at Front Desk|Full Time Operation for All 7 Days|Public Restrooms",
F J Comforts Inn,4.0,The standard check-in time is 12:00 PM and the standard check-out time is 12:00 PM. Early check-in or late check-out is strictly subjected to availability and may be chargeable by the hotel. Any early check-in or late check-out request must be directed and reconfirmed with hotel directly Front Desk|Power Backup|Room Service (24 Hours)|Parking Facility|Internet Access,
Floret Hotels and Resorts,4.0,The standard check-in time is 12:00 PM and the standard check-out time is 11:00 AM. Early check-in or late check-out is strictly subjected to availability and may be chargeable by the hotel. Any early check-in or late check-out request must be directed and reconfirmed with hotel directly Children below 5 yrs of age will be complimentary. Need valid photo Id Proof of all guest at the time of check-in Check-in Time-12:00 Noon Check-out Time- 11:00 Noon Parking Facilities Available|Front Desk,
Dreamland Resort,4.0,The standard check-in time is 12:00 PM and the standard check-out time is 12:00 PM. Early check-in or late check-out is strictly subjected to availability and may be chargeable by the hotel. Any early check-in or late check-out request must be directed and reconfirmed with hotel directly  We do not allow unmarried / unrelated couples to checkin. This is at full discretion of the hotel management. No refund would be applicable in case the checkin is denied under such circumstances  No refund applicable in case of any cancellation of ferry due to weather condition and in case of natural calamity. Dinner Supplement compulsory for 20.12.15 till 20.01.2016  Extra to be paid at the hotel directly Doctor on Call|Doorman|Room Service (24 Hours)|Outdoor Parking - Secured|Fire Safety,
Durga Guest House,4.0,"The standard check-in time is 12:00 PM and the standard check-out time is 11:00 AM. Early check-in or late check-out is strictly subjected to availability and may be chargeable by the hotel. Any early check-in or late check-out request must be directed and reconfirmed with hotel directly Check-in time  12:00 PM Check-out time 11:00 AM In case of early check in prior to 09:00 am, an extra 100% charge of a room tariff per night will be added to your accommodation bill. ",
Devashree Comforts,4.0,"The standard check-in time is 11:00 PM and the standard check-out time is 11:00 PM. Early check-in or late check-out is strictly subjected to availability and may be chargeable by the hotel. Any early check-in or late check-out request must be directed and reconfirmed with hotel directly Booking rates will not be valid for Christmas  New year dates, High season  long weekend dates  extra supplement will be charged over  above the paid rates as per actual  hotel discretion. Laundry Service Available|Lift / Elevator|Parking Facilities Available|Front Desk|Locker Facility|Power Backup|Airport Transfer Free|Outdoor Parking - Secured|Parking Facility|Room Service",
DHANAGIRI HOMESTAY,4.0,The standard check-in time is 12:00 PM and the standard check-out time is 11:00 AM. Early check-in or late check-out is strictly subjected to availability and may be chargeable by the hotel. Any early check-in or late check-out request must be directed and reconfirmed with hotel directly We do not allow unmarried / unrelated couples to checkin. This is at full discretion of the hotel management. No refund would be applicable in case the checkin is denied under such circumstances Barbecue Area|Laundry Service Available|Parking Facilities Available|Front Desk|Table Tennis|Welcome Drinks|Gardens|Kitchen available (home cook food on request)|Nature Walk|Veranda|Open Air Restaurant / Dining |Badminttion Court|Campfire / Bon Fire|Food Facility|Internet Access Free|Newspapers In Lobby|Outdoor Parking - Secured|Parking Facility|Restaurant|Fishing|Speciality Restaurant,
FabHotel Epic C Scheme,4.0,"The standard check-in time is 12:00 PM and the standard check-out time is 11:00 AM. Early check-in or late check-out is strictly subjected to availability and may be chargeable by the hotel. Any early check-in or late check-out request must be directed and reconfirmed with hotel directly Valid Photo ID (Driver's License, Voters Card, Passport) required at the time of check-in. Hotel reserves right to admission. This may include cases such as denial of admission to local residents, and to unmarried, unrelated couples, among others. Banquet Facilities|Concierge|Doctor on Call|Internet Access - Surcharge|Laundry Service Available|Lift / Elevator|Lobby|Non Smoking Rooms|Parking Facilities Available|Front Desk|Multi Cuisine Restaurant |Locker Facility|Valet service|Major Credit Cards Accepted|24 Hour Front Desk|Luggage Storage|Doorman|Medical Assistance Available|Air-Conditioning - Central|Power Backup|Gardens|Multi Lingual Staff|Wake-up Call / Service|Suitable For Children|Separate Sitting Area|Coffee Shop / Cafe|Conference Facility |Smoking Rooms|Kitchen available (home cook food on request)|Vegetarian Food / Jain Food Available|Food Facility|Newspapers In Lobby|Whirlpool Bath / Shower Cubicle|Room Service (24 Hours)|Spa Services Nearby|Baggage Room|Internet / Fax (Reception area only)|Parking Facility|Internet Access|Restaurant|Fire Safety|CCTV|Fire Exit Signs|First-Aid Kit at Front Desk|Speciality Restaurant",
Fig n Olive Service Apartment,4.0,The standard check-in time is 12:00 PM and the standard check-out time is 12:00 PM. Early check-in or late check-out is strictly subjected to availability and may be chargeable by the hotel. Any early check-in or late check-out request must be directed and reconfirmed with hotel directly Terms and Conditions: It is mandatory for guests to present valid photo identification at the time of check-in. Airport Transfer Available / Surcharge|Business Center |Currency Exchange|Laundry Service Available|Non Smoking Rooms|Parking Facilities Available|Front Desk|24 Hour Front Desk|Welcome Drinks|Power Backup|Car Rental|Newspapers In Lobby|Room Service (24 Hours)|Outdoor Parking - Secured|Parking Facility,
Fariview Homestay,4.0,The standard check-in time is 12:00 PM and the standard check-out time is 11:00 AM. Early check-in or late check-out is strictly subjected to availability and may be chargeable by the hotel. Any early check-in or late check-out request must be directed and reconfirmed with hotel directly Parking Facilities Available|Internet Access Free|Outdoor Parking - Secured,
Eletaria Resorts,4.0,"The standard check-in time is 12:00 PM and the standard check-out time is 12:00 PM. Early check-in or late check-out is strictly subjected to availability and may be chargeable by the hotel. Any early check-in or late check-out request must be directed and reconfirmed with hotel directly **** Compulsory Supplement charges to be paid **** Mandatory Christmas and New Year Celebration Charges on 24th Dec and 31st Dec at Rs.1000 per person,to be paid at the hotel directly at the time of checkin. NO REFUND FOR RESERVATION BETWEEN 15TH DECEMBER TO 5TH JANUARY. It is mandatory for guests to present valid photo identification at the time of check-in. According to government regulations, a valid Photo ID has to be carried by every person above the age of 18 staying at the hotel. The identification proofs accepted are Driving License, Voter ID Card, and Passport. Without valid ID the guest will not be allowed to check-in. Hotel may charge compulsory gala dinner supplement on Christmas / New Year's eve or other festive periods. Any such supplements need to be paid directly at the hotel. There will be a season hike for Oct/Nov/Dec on Room Tariff which needs to be paid directly to the hotel. Swimming Pool|Business Center |Front Desk|Multi Cuisine Restaurant |24 Hour Front Desk|Room Service (24 Hours)",
Frangipani Farm Stay,4.0,The standard check-in time is 01:00 PM and the standard check-out time is 10:00 AM. Early check-in or late check-out is strictly subjected to availability and may be chargeable by the hotel. Any early check-in or late check-out request must be directed and reconfirmed with hotel directly Swimming Pool|Barbecue Area|Basketball Court |Billiards|Games Zone|Health Club / Gym Facility Available|Parking Facilities Available|Pets Allowed|Front Desk|Table Tennis|Tennis Court|Power Backup|Gardens|Fitness Equipment|Suitable For Children|Coffee Shop / Cafe|Conference Facility |Picnic Area|Pool Table|Massage Services |Nature Walk|Open Air Restaurant / Dining | Bike on Rent|Vegetarian Food / Jain Food Available|Kids Play Zone|Badminttion Court|Pool Cafe|Karaoke |Food Facility|Children's Park|Family Room|Spa Services Nearby| Cook Services|Internet / Fax (Reception area only)|Outdoor Parking - Secured|Parking Facility|Restaurant|Room Service,
Fort Castle,4.0,The standard check-in time is 12:00 PM and the standard check-out time is 11:00 AM. Early check-in or late check-out is strictly subjected to availability and may be chargeable by the hotel. Any early check-in or late check-out request must be directed and reconfirmed with hotel directly Terms and Conditions: It is mandatory for guests to present valid photo identification at the time of check-in. Business Center |Doctor on Call|Laundry Service Available|Parking Facilities Available|Front Desk|Multi Cuisine Restaurant |Local Tour / Travel Desk|Valet service|Power Backup|Kitchen available (home cook food on request)|Internet Access Free|Outdoor Parking - Secured|Parking Facility|Room Service|Public Restrooms|Speciality Restaurant,
Executive Residence- Sec 27,4.0,The standard check-in time is 12:00 PM and the standard check-out time is 12:00 PM. Early check-in or late check-out is strictly subjected to availability and may be chargeable by the hotel. Any early check-in or late check-out request must be directed and reconfirmed with hotel directly Hotel may charge compulsory gala dinner supplement on Christmas / New Year's eve or other festive periods. Any such supplements need to be paid directly at the hotel. Bar / Lounge |Health Club / Gym Facility Available|Internet Access - Surcharge|Lift / Elevator|Lobby|Parking Facilities Available|Front Desk|Multi Cuisine Restaurant |Major Credit Cards Accepted|Air-Conditioning - Central|Power Backup|Express Check-In / Check-Out|Conference Facility |Board Room|Room Service (24 Hours)| Cook Services,
double stay gulabbagh,4.0,The standard check-in time is 02:00 PM and the standard check-out time is 12:00 PM. Early check-in or late check-out is strictly subjected to availability and may be chargeable by the hotel. Any early check-in or late check-out request must be directed and reconfirmed with hotel directly Hotel may charge supplement charges on Christmas / New Year's eve or other festive periods. Any such supplements need to be paid directly at the hotel. There may be additional charges and taxes applicable. Pets are not allowed. Doctor on Call|Front Desk|24 Hour Front Desk|Medical Assistance Available,
Eco Comforts Bangalore New Airport,4.0,The standard check-in time is 12:00 PM and the standard check-out time is 12:00 PM. Early check-in or late check-out is strictly subjected to availability and may be chargeable by the hotel. Any early check-in or late check-out request must be directed and reconfirmed with hotel directly Airport Transfer Available / Surcharge|Currency Exchange|Doctor on Call|Laundry Service Available|Parking Facilities Available|Front Desk|Locker Facility|Local Tour / Travel Desk|24 Hour Front Desk|Power Backup|Express Check-In / Check-Out|Wake-up Call / Service|Free Local Calls|Car Rental|Taxi Services| Drivers Rest Room|Newspapers In Lobby|Internet Access|Room Service,
Dream Ocean Resort,4.0,The standard check-in time is 12:00 PM and the standard check-out time is 12:00 PM. Early check-in or late check-out is strictly subjected to availability and may be chargeable by the hotel. Any early check-in or late check-out request must be directed and reconfirmed with hotel directly  We do not allow unmarried / unrelated couples to checkin. This is at full discretion of the hotel management. No refund would be applicable in case the checkin is denied under such circumstances Doctor on Call|Front Desk|24 Hour Front Desk|Family Room|Fire Safety,
Fortune Resort Bay Island,4.0,"The standard check-in time is 12:00 PM and the standard check-out time is 10:00 AM. Early check-in or late check-out is strictly subjected to availability and may be chargeable by the hotel. Any early check-in or late check-out request must be directed and reconfirmed with hotel directly Hotel will charge compulsory gala dinner supplement of Rs.2000 Plus 9.80% S.tax per person and Rs.1000 Plus 9.80% S.Tax for 05-12 hyrs on New Year's eve periods. Any such supplements need to be paid directly at the hotel. Mandatory Gala Dinner on 31 Dec at Rs 2000 plus 9.8% Per Person will be paid directly at the hotel Mandatory Gala Dinner on 31 Dec at Rs 1000 plus 9.8% for 05-12 yrs child, will be paid directly at the hotel Airport Transfer Available / Surcharge|Banquet Facilities|Bar / Lounge |Business Center |Currency Exchange|Doctor on Call|Games Zone|Gift Shop |Internet Access - Surcharge|Laundry Service Available|Lobby|Non Smoking Rooms|Parking Facilities Available|Front Desk|Multi Cuisine Restaurant |Locker Facility|Non Smoking Hotel|Table Tennis|Local Tour / Travel Desk|Major Credit Cards Accepted|24 Hour Front Desk|Luggage Storage|Medical Assistance Available|Power Backup|Gardens|Wake-up Call / Service|Porter / Bellhop|Suitable For Children|Conference Facility |Wheelchair Accessibility - Room|Smoking Area | Bike on Rent|Vegetarian Food / Jain Food Available|Extra Person / Child - Share the same room|Car Rental|Badminttion Court|Mini Theatre|City Shuttle Service|Postal / Parcel Services|Party hall|STD / ISD|Baggage Room|Courier Service|Guide / Sightseeing Service|Adjoining Rooms|RO Water Purification System|Parking Facility|Room Service",
Divvaesh Residency,4.0,The standard check-in time is 12:00 PM and the standard check-out time is 12:00 PM. Early check-in or late check-out is strictly subjected to availability and may be chargeable by the hotel. Any early check-in or late check-out request must be directed and reconfirmed with hotel directly It is mandatory for guests to present valid photo identification at the time of check-in. Early check-in or late check-out is subject to availability and may be chargeable by the hotel. The standard check-in time is 12 PM and the standard check-out time is 12 PM. Parking Facilities Available|Front Desk|Room Service (24 Hours)|Parking Facility,
Flame of the Forest,4.0,The standard check-in time is 12:00 PM and the standard check-out time is 12:00 PM. Early check-in or late check-out is strictly subjected to availability and may be chargeable by the hotel. Any early check-in or late check-out request must be directed and reconfirmed with hotel directly Check the availability of Safari and Room . Check in time and Check out time is 12 noon Separate Sitting Area|Campfire / Bon Fire|Guide / Sightseeing Service,
FabHotel Legacy Brigade Road,4.0,The standard check-in time is 12:00 PM and the standard check-out time is 11:00 AM. Early check-in or late check-out is strictly subjected to availability and may be chargeable by the hotel. Any early check-in or late check-out request must be directed and reconfirmed with hotel directly NO Pets. Government ID cards are mandatory during the time of check in. Business Center |Laundry Service Available|Lift / Elevator|Parking Facilities Available|Front Desk|Multi Cuisine Restaurant |Locker Facility|Power Backup|Rooftop Garden|Outdoor Parking - Secured|Parking Facility|Room Service|Porter Services Available|Public Restrooms|Suites,
Eldorado Guest House,4.0,The standard check-in time is 12:00 PM and the standard check-out time is 12:00 PM. Early check-in or late check-out is strictly subjected to availability and may be chargeable by the hotel. Any early check-in or late check-out request must be directed and reconfirmed with hotel directly ,
FabHotel Maruthi Domlur,4.0,The standard check-in time is 12:00 PM and the standard check-out time is 11:00 AM. Early check-in or late check-out is strictly subjected to availability and may be chargeable by the hotel. Any early check-in or late check-out request must be directed and reconfirmed with hotel directly Our Inns reserve the right to admission. Accommodation can be denied to the guests posing as a couple if suitable identification and a non-local address proof is not presented at check-in. MAP plan includes limited menu meal. Doctor on Call|Dry Cleaning|Laundry Service Available|Lift / Elevator|Lobby|Non Smoking Rooms|Front Desk|Multi Cuisine Restaurant |Locker Facility|Major Credit Cards Accepted|24 Hour Front Desk|Doorman|Air-Conditioning - Central|Power Backup|Multi Lingual Staff|Separate Sitting Area|Smoking Rooms|Food Facility|Newspapers In Lobby|Whirlpool Bath / Shower Cubicle|Internet / Fax (Reception area only)|Internet Access|Restaurant|Room Service|Fire Safety|CCTV|Fire Exit Signs|First-Aid Kit at Front Desk|Speciality Restaurant,
Dwarkamai,4.0,The standard check-in time is 10:00 AM and the standard check-out time is 10:30 AM. Early check-in or late check-out is strictly subjected to availability and may be chargeable by the hotel. Any early check-in or late check-out request must be directed and reconfirmed with hotel directly Customer has to pay 50% advance booking.  Rupees 100/- for additional person. Doctor on Call|Dry Cleaning|Parking Facilities Available|Front Desk|Locker Facility|24 Hour Front Desk|Food Facility|Internet Access Free|Newspapers In Lobby|Room Service (24 Hours)|Outdoor Parking - Secured|Parking Facility|Internet Access|Room Service|Fire Safety|CCTV|First-Aid Kit at Front Desk|Full Time Operation for All 7 Days|Public Restrooms,
Evelyns Own,4.0,The standard check-in time is 12:00 PM and the standard check-out time is 12:00 PM. Early check-in or late check-out is strictly subjected to availability and may be chargeable by the hotel. Any early check-in or late check-out request must be directed and reconfirmed with hotel directly ,
Devasura inn(80 Kms From Thrissur),4.0,The standard check-in time is 12:00 PM and the standard check-out time is 12:00 PM. Early check-in or late check-out is strictly subjected to availability and may be chargeable by the hotel. Any early check-in or late check-out request must be directed and reconfirmed with hotel directly Valid ID Proof is mandatory at the time of check in Banquet Facilities|Bar / Lounge |Business Center |Disabled Friendly Facilities |Doctor on Call|Internet Access - Surcharge|Laundry Service Available|Lobby|Parking Facilities Available|Front Desk|Multi Cuisine Restaurant |Locker Facility|Local Tour / Travel Desk|Major Credit Cards Accepted|24 Hour Front Desk|Air-Conditioning - Central|Power Backup|Wedding Services Facility|Catering|Multi Lingual Staff|Wake-up Call / Service|Conference Facility |Smoking Area |Newspapers In Lobby|Room Service (24 Hours)|Restaurant|Suites,
Empire Guest House,4.0,The standard check-in time is 12:00 PM and the standard check-out time is 12:00 PM. Early check-in or late check-out is strictly subjected to availability and may be chargeable by the hotel. Any early check-in or late check-out request must be directed and reconfirmed with hotel directly NO Check in with out ID Proof ,
FabHotel Bhagyashree Magarpatta,4.0,The standard check-in time is 12:00 PM and the standard check-out time is 11:00 AM. Early check-in or late check-out is strictly subjected to availability and may be chargeable by the hotel. Any early check-in or late check-out request must be directed and reconfirmed with hotel directly Our Inns reserve the right to admission. Accommodation can be denied to the guests posing as a couple if suitable identification and a non-local address proof is not presented at check-in. MAP plan includes limited menu meal. Internet Access - Surcharge|Laundry Service Available|Parking Facilities Available|Front Desk|Power Backup|Veranda|Veg / Non Veg Kitchens Separate |Food Facility|Newspapers In Lobby|Room Service (24 Hours)|Outdoor Parking - Secured|Internet Access|Room Service|Speciality Restaurant,
Dungla House,4.0,The standard check-in time is 12:00 PM and the standard check-out time is 12:00 PM. Early check-in or late check-out is strictly subjected to availability and may be chargeable by the hotel. Any early check-in or late check-out request must be directed and reconfirmed with hotel directly We do not allow unmarried / unrelated couples to checkin. This is at full discretion of the hotel management. No refund would be applicable in case the checkin is denied under such circumstances Lobby|Non Smoking Rooms|Front Desk|24 Hour Front Desk|Medical Assistance Available|Nature Walk|Veranda|Food Facility|Room Service (24 Hours)|RO Water Purification System|Outdoor Parking - Secured|Parking Facility|Room Service|First-Aid Kit at Front Desk|Full Time Operation for All 7 Days,
Ever Fresh Cottages ( Amaravati Gardens ),4.0,The standard check-in time is 12:00 PM and the standard check-out time is 12:00 PM. Early check-in or late check-out is strictly subjected to availability and may be chargeable by the hotel. Any early check-in or late check-out request must be directed and reconfirmed with hotel directly Doctor on Call|Front Desk|Room Service (24 Hours)|Guide / Sightseeing Service|Outdoor Parking - Secured,
Flute Boutique Hotel,4.0,The standard check-in time is 12:00 PM and the standard check-out time is 12:00 PM. Early check-in or late check-out is strictly subjected to availability and may be chargeable by the hotel. Any early check-in or late check-out request must be directed and reconfirmed with hotel directly Hotel may charge gala dinner supplement on Christmas/New Years eve or other festive periods. Which needs to be paid directly at the hotel.As per the govt. guidelines valid govt. issued id proofs are required to be presented at the Time of C/in Airport Transfer Available / Surcharge|Banquet Facilities|Currency Exchange|Doctor on Call|Laundry Service Available|Lift / Elevator|Lobby|Front Desk|Locker Facility|Local Tour / Travel Desk|Major Credit Cards Accepted|24 Hour Front Desk|Luggage Storage|Air-Conditioning - Central|Power Backup|Electronic / Magnetic Keys|Taxi Services|Food Facility|Newspapers In Lobby|Room Service (24 Hours)|Party hall|Baggage Room|Internet Access|Restaurant|Room Service,
Devasura Inn,4.0,The standard check-in time is 02:00 PM and the standard check-out time is 12:00 PM. Early check-in or late check-out is strictly subjected to availability and may be chargeable by the hotel. Any early check-in or late check-out request must be directed and reconfirmed with hotel directly Valid ID proof is required at the time of check in for all guests. Locals and unmarried couples are not allowed ( 30 KM area radius from hotel  take as a local area. Doctor on Call|Parking Facilities Available|Outdoor Parking - Secured|Parking Facility|Public Restrooms,
Elegant Shades,4.0,"The standard check-in time is 11:00 AM and the standard check-out time is 10:30 AM. Early check-in or late check-out is strictly subjected to availability and may be chargeable by the hotel. Any early check-in or late check-out request must be directed and reconfirmed with hotel directly Guests are required to show a photo identification with address proof upon check in .Please note that all special requests are subject to availability and additional charges may apply. Swimming Pool|Airport Transfer Available / Surcharge|Doctor on Call|Parking Facilities Available|Locker Facility|24 Hour Front Desk|Air-Conditioning - Central|Power Backup|Gardens|Suitable For Children|Pick Up and Drop (Rly Station, Bus Stand, Temple)|Car Rental|Taxi Services|Food Facility|Internet Access Free|Air / Rail Booking|Outdoor Parking - Secured|Parking Facility|Room Service",
Dreamhome Serviced Apartments,4.0,The standard check-in time is 12:00 PM and the standard check-out time is 11:00 AM. Early check-in or late check-out is strictly subjected to availability and may be chargeable by the hotel. Any early check-in or late check-out request must be directed and reconfirmed with hotel directly Unmarried couple not allowed Doctor on Call,
Dylan Cafe and Guest House,4.0,The standard check-in time is 10:00 AM and the standard check-out time is 10:00 AM. Early check-in or late check-out is strictly subjected to availability and may be chargeable by the hotel. Any early check-in or late check-out request must be directed and reconfirmed with hotel directly Hotel may charge compulsory gala dinner supplement on Christmas / New Year's eve or other festive periods. Any such supplements need to be paid directly at the hotel. Airport Transfer Available / Surcharge|Business Center |Currency Exchange|Doctor on Call|Dry Cleaning|Gift Shop |Internet Access - Surcharge|Laundry Service Available|Lobby|Non Smoking Rooms|Parking Facilities Available|Pets Allowed|Front Desk|Multi Cuisine Restaurant |Locker Facility|Non Smoking Hotel|Local Tour / Travel Desk|24 Hour Front Desk|Welcome Drinks|Power Backup|Camel Ride|Shopping Drop Facility (on fixed timings)|Car Rental|City Shuttle Service|Newspapers In Lobby|Room Service (24 Hours)| Cook Services|Air / Rail Booking|Courier Service|Guide / Sightseeing Service|Outdoor Parking - Secured|Parking Facility|Internet Access|Room Service|Suites,
Ekant Resort,4.0,The standard check-in time is 12:00 PM and the standard check-out time is 12:00 PM. Early check-in or late check-out is strictly subjected to availability and may be chargeable by the hotel. Any early check-in or late check-out request must be directed and reconfirmed with hotel directly Pets are not allowed. Valid Photo ID required for check-in Doctor on Call|Lobby|Front Desk|24 Hour Front Desk|Power Backup,
Exotic Home Stay - Goa,4.0,The standard check-in time is 12:00 PM and the standard check-out time is 12:00 PM. Early check-in or late check-out is strictly subjected to availability and may be chargeable by the hotel. Any early check-in or late check-out request must be directed and reconfirmed with hotel directly Photo identity is mandatory for all the guest who crossed their minority Pancard is not valid as photo identity Pets not allowed Doctor on Call|Lobby|Local Tour / Travel Desk|24 Hour Front Desk|Power Backup|Room Service (24 Hours)|Room Service|Fishing|Fire Safety|First-Aid Kit at Front Desk,
Elim Homestay,4.0,"The standard check-in time is 01:00 PM and the standard check-out time is 11:00 AM. Early check-in or late check-out is strictly subjected to availability and may be chargeable by the hotel. Any early check-in or late check-out request must be directed and reconfirmed with hotel directly Facilities offered on request: Telephone and Internet services Bus tickets, Train tickets and Flight tickets booking Doctor on call Houseboat for overnight cruise Kathakali tickets Indian classical dance training Travel desk Yoga training Currency Exchange|Laundry Service Available|Parking Facilities Available|Front Desk|24 Hour Front Desk|Power Backup|Gardens|Guide / Sightseeing Service|Outdoor Parking - Secured|Parking Facility|Room Service|Ayurvedic Facilities",
Enclave Guest House,4.0,The standard check-in time is 12:00 PM and the standard check-out time is 12:00 PM. Early check-in or late check-out is strictly subjected to availability and may be chargeable by the hotel. Any early check-in or late check-out request must be directed and reconfirmed with hotel directly We do not allow unmarried / unrelated couples to checkin. This is at full discretion of the hotel management. No refund would be applicable in case the checkin is denied under such circumstances Parking Facilities Available|Front Desk|Secretarial Services|24 Hour Front Desk|RO Water Purification System|Outdoor Parking - Secured|Fire Safety|Fire Exit Signs|First-Aid Kit at Front Desk|Security at All Hotel Entrances,
DWARAKA HOTEL,4.0,The standard check-in time is 12:00 PM and the standard check-out time is 12:00 PM. Early check-in or late check-out is strictly subjected to availability and may be chargeable by the hotel. Any early check-in or late check-out request must be directed and reconfirmed with hotel directly We do not allow unmarried / unrelated couples to checkin. This is at full discretion of the hotel management. No refund would be applicable in case the checkin is denied under such circumstances Doctor on Call|Parking Facilities Available|Front Desk|Medical Assistance Available|Room Service|Public Restrooms,
Fortune Inn,4.0,The standard check-in time is 12:00 PM and the standard check-out time is 12:00 PM. Early check-in or late check-out is strictly subjected to availability and may be chargeable by the hotel. Any early check-in or late check-out request must be directed and reconfirmed with hotel directly Rates are subject to change without notice. Above rates are valid until further advice. Pets not allowed. Check out time - 12 PM Noon Need to provide valid ID Proof at the time of check-in for Primary Guest. Front Desk|Power Backup|Conference Facility |Newspapers In Lobby|Parking Facility,
E Hotel,4.0,"The standard check-in time is 12:00 PM and the standard check-out time is 12:00 PM. Early check-in or late check-out is strictly subjected to availability and may be chargeable by the hotel. Any early check-in or late check-out request must be directed and reconfirmed with hotel directly Terms and Conditions: It is mandatory for guests to present valid photo identification at the time of check-in. Hotel may charge compulsory gala dinner supplement on Christmas / New Year's eve or other festive periods. Any such supplements need to be paid directly at the hotel. Visitors are not permitted in guest rooms any time of the day. Airport Transfer Available / Surcharge|Ballroom|Banquet Facilities|Bar / Lounge |Beauty Salon - on charge|Business Center |Concierge|Currency Exchange|Disabled Friendly Facilities |Doctor on Call|Dry Cleaning|Gift Shop |Health Club / Gym Facility Available|Internet Access - Surcharge|Laundry Service Available|Lift / Elevator|Lobby|Night Club|Non Smoking Rooms|Parking Facilities Available|Front Desk|Multi Cuisine Restaurant |Locker Facility|Valet service|Major Credit Cards Accepted|24 Hour Front Desk|Luggage Storage|Doorman|Medical Assistance Available|Air-Conditioning - Central|Welcome Drinks|Power Backup|Gardens|Wake-up Call / Service|Fitness Equipment|Porter / Bellhop|Coffee Shop / Cafe|Conference Facility |Smoking Rooms|ATM / Banking|Disabled Friendly Rooms|Electronic / Magnetic Keys|Fire Place Available |Wheelchair Accessibility - Room|Pick Up and Drop (Rly Station, Bus Stand, Temple)|Smoking Area |Vegetarian Food / Jain Food Available|Car Rental|Express Laundry|Kids Play Zone|Taxi Services|Internet Access Free|Newspapers In Lobby|Family Room|Room Service (24 Hours)|Spa Services Nearby|Party hall|STD / ISD|Baggage Room|Courier Service|Adjoining Rooms|RO Water Purification System|Parking Facility|Internet Access|Restaurant|Fire Safety|CCTV|Fire Exit Signs|Full Time Operation for All 7 Days|Porter Services Available|Security at All Hotel Entrances|Smoke Detector",
"Ellora heritage resort, Ellora",4.0,The standard check-in time is 12:00 PM and the standard check-out time is 12:00 PM. Early check-in or late check-out is strictly subjected to availability and may be chargeable by the hotel. Any early check-in or late check-out request must be directed and reconfirmed with hotel directly The standard check-in/check out  time is 24 hrs  Early check-in or late check-out is strictly subjected to availability and may be chargeable by the hotel. Lobby|Parking Facilities Available|Front Desk|Power Backup|Car Rental|Kids Play Zone|Internet Access Free|Newspapers In Lobby|Room Service (24 Hours)|Party hall|Parking Facility|Internet Access,
Forest Homestay-Aldur,4.0,"The standard check-in time is 02:00 PM and the standard check-out time is 11:00 AM. Early check-in or late check-out is strictly subjected to availability and may be chargeable by the hotel. Any early check-in or late check-out request must be directed and reconfirmed with hotel directly The prices displayed on the Websites are an average per night per person until a rate is selected.  ALL GUESTS ARE REQUIRED TO PRESENT PROPER PHOTO IDENTIFICATION UPON CHECK IN. The identity proof would include a valid Driving license/voter identity card/PAN card, etc. Valid Passport mandatory for all Foreign guests. Hotel is not allow unmarried / unrelated couples to check-in. This is at full discretion of the hotel management. No refund would be applicable in case the hotel denies check-in under such circumstances. Airport Transfer Available / Surcharge|Doctor on Call|Games Zone|Parking Facilities Available|Pets Allowed|Spa On Site - Chargeable|Local Tour / Travel Desk|Valet service|Welcome Drinks|Power Backup|Wake-up Call / Service|Separate Sitting Area|Access Via Exterior Corridors|Fire Place Available |Picnic Area|Safari|Pick Up and Drop (Rly Station, Bus Stand, Temple)|Nature Walk|Extra Person / Child - Share the same room|Village Visit ( Chargeable )|Kids Play Zone|Taxi Services| Drivers Rest Room|Trekking",
Executive Service Apartments Goregaon West,4.0,The standard check-in time is 02:00 PM and the standard check-out time is 12:00 PM. Early check-in or late check-out is strictly subjected to availability and may be chargeable by the hotel. Any early check-in or late check-out request must be directed and reconfirmed with hotel directly Right to Admission Reserved Doctor on Call|Laundry Service Available|Lift / Elevator|Parking Facilities Available|ATM / Banking|Kitchen available (home cook food on request)|Newspapers In Lobby|Room Service (24 Hours)|Parking Facility|Internet Access,
Don Joao Resort,4.0,The standard check-in time is 12:00 PM and the standard check-out time is 12:00 PM. Early check-in or late check-out is strictly subjected to availability and may be chargeable by the hotel. Any early check-in or late check-out request must be directed and reconfirmed with hotel directly Hotel may charge compulsory gala dinner supplement on Christmas / New Year's eve or other festive periods. Any such supplements need to be paid directly at the hotel. Currency Exchange|Doctor on Call|Multi Cuisine Restaurant |Major Credit Cards Accepted| Bike on Rent|Car Rental,
"Fortune Inn Grazia, Noida",4.0,The standard check-in time is 12:00 PM and the standard check-out time is 12:00 PM. Early check-in or late check-out is strictly subjected to availability and may be chargeable by the hotel. Any early check-in or late check-out request must be directed and reconfirmed with hotel directly Hotel may charge compulsory gala dinner supplement on Christmas / New Year's eve or other festive periods. Any such supplements need to be paid directly at the hotel. Swimming Pool|Banquet Facilities|Internet Access - Surcharge|Multi Cuisine Restaurant |Fitness Equipment|Sauna|Massage Services,
Forest Eco Lodge,4.0,The standard check-in time is 11:00 AM and the standard check-out time is 09:00 AM. Early check-in or late check-out is strictly subjected to availability and may be chargeable by the hotel. Any early check-in or late check-out request must be directed and reconfirmed with hotel directly Non Veg is not served n allowed in the premises only couples n families are allowed any damage to property by guest will be borne by guest rights of admission reserved All the room is Non AC for Ac to be switched on in the rooms there is an Extra Charge of Rs 850 at the hotel. Doctor on Call|Games Zone|Laundry Service Available|Non Smoking Rooms|Parking Facilities Available|Front Desk|Local Tour / Travel Desk|24 Hour Front Desk|Power Backup|Gardens|Wake-up Call / Service|Picnic Area|Nature Walk| Bike on Rent|Vegetarian Food / Jain Food Available|Car Rental|Taxi Services|Campfire / Bon Fire|Internet Access Free|Family Room|Guide / Sightseeing Service|RO Water Purification System|Outdoor Parking - Secured|Parking Facility|Room Service|Trekking,
Eeshwarillu Cool Rooms,4.0,"The standard check-in time is 12:00 PM and the standard check-out time is 12:00 PM. Early check-in or late check-out is strictly subjected to availability and may be chargeable by the hotel. Any early check-in or late check-out request must be directed and reconfirmed with hotel directly Terms and Conditions: According to government regulations, a valid Photo ID has to be carried by every person who stays at the hotel. The identification proofs accepted are Drivers License, Voters Card, Passport, Ration Card. Without valid ID the guest will not be allowed to check in. Note- PAN Cards will not be accepted as a valid ID card.   *   It is mandatory for guests to present valid photo identification at the time of check-in.   *   The primary guest checking in to the hotel must be at least 21 years of age.   *   The hotel reserves the right of admission. Accommodation can be denied to guests posing as a couple if suitable proof of identification is not presented at check-in.   *   The hotel reserves the right of admission for local residents. Accommodation can be denied to guests residing in the same city.   *   Local ID proof will not be valid. Airport Transfer Available / Surcharge",
Essence of Nature,4.0,The standard check-in time is 02:00 PM and the standard check-out time is 12:00 PM. Early check-in or late check-out is strictly subjected to availability and may be chargeable by the hotel. Any early check-in or late check-out request must be directed and reconfirmed with hotel directly  Evening Snacks (02 veg and 02 non veg) @ INR 450 per person inclusive of taxes.  Soft Drinks and Juices as per actual charges  Angling/ Fishing/ Bird Watching and Adventure activities (subject to permission on chargeable). Corbett Safari on the day of departure ( Subject to pre reservation basis) Doctor on Call|Lobby|Front Desk|Local Tour / Travel Desk|24 Hour Front Desk|Power Backup|Campfire / Bon Fire|Room Service (24 Hours)|RO Water Purification System|Room Service,
"EATING MALL, HOTELS AND PARTY HALL",4.0,The standard check-in time is 12:00 PM and the standard check-out time is 12:00 PM. Early check-in or late check-out is strictly subjected to availability and may be chargeable by the hotel. Any early check-in or late check-out request must be directed and reconfirmed with hotel directly We do not allow unmarried / unrelated couples to checkin. This is at full discretion of the hotel management. No refund would be applicable in case the checkin is denied under such circumstances Airport Transfer Available / Surcharge|Babysitting/ Child Care (surcharge)|Banquet Facilities|Business Center |Concierge|Currency Exchange|Disabled Friendly Facilities |Doctor on Call|Dry Cleaning|Health Club / Gym Facility Available|Internet Access - Surcharge|Laundry Service Available|Lift / Elevator|Lobby,
FabHotel Oriental Ellisbridge,4.0,The standard check-in time is 10:00 AM and the standard check-out time is 12:00 PM. Early check-in or late check-out is strictly subjected to availability and may be chargeable by the hotel. Any early check-in or late check-out request must be directed and reconfirmed with hotel directly Valid ID proof is required at the time of check in for all guests. Unmarried couples are not allowed. Business Center |Currency Exchange|Doctor on Call|Dry Cleaning|Health Club / Gym Facility Available|Laundry Service Available|Lift / Elevator|Lobby|Parking Facilities Available|Front Desk|Local Tour / Travel Desk|Major Credit Cards Accepted|24 Hour Front Desk|Luggage Storage|Medical Assistance Available|Power Backup|Audio - Visual Equipment|Wake-up Call / Service|Fitness Equipment|Conference Facility |Smoking Rooms|Smoking Area |Veranda|Extra Person / Child - Share the same room|Car Rental|Board Room| Drivers Rest Room|Newspapers In Lobby|Air / Rail Booking|Baggage Room|RO Water Purification System|Outdoor Parking - Secured|Parking Facility|Internet Access,
Dwaraka Inn,4.0,The standard check-in time is 12:00 PM and the standard check-out time is 12:00 PM. Early check-in or late check-out is strictly subjected to availability and may be chargeable by the hotel. Any early check-in or late check-out request must be directed and reconfirmed with hotel directly Laundry Service Available|Lift / Elevator|Front Desk|Power Backup|Parking Facility|Room Service,
Dhanawantri Comforts,4.0,The standard check-in time is 11:00 AM and the standard check-out time is 05:00 AM. Early check-in or late check-out is strictly subjected to availability and may be chargeable by the hotel. Any early check-in or late check-out request must be directed and reconfirmed with hotel directly Government ID cards are mandatory during the time of check in. Lobby|Front Desk|24 Hour Front Desk|Power Backup|Wake-up Call / Service|Extra Person / Child - Share the same room|Car Rental|Newspapers In Lobby|Family Room|Room Service (24 Hours)|Outdoor Parking - Non Secured|Room Service|CCTV|Full Time Operation for All 7 Days,
FabHotel Cyber Park,4.0,The standard check-in time is 12:00 PM and the standard check-out time is 11:00 AM. Early check-in or late check-out is strictly subjected to availability and may be chargeable by the hotel. Any early check-in or late check-out request must be directed and reconfirmed with hotel directly Our Inns reserve the right to admission. Accommodation can be denied to the guests posing as a couple if suitable identification and a non-local address proof is not presented at check-in. MAP plan includes limited menu meal. Doctor on Call|Internet Access - Surcharge|Lift / Elevator|Lobby|Non Smoking Rooms|Parking Facilities Available|Front Desk|Multi Cuisine Restaurant |Locker Facility|24 Hour Front Desk|Luggage Storage|Air-Conditioning - Central|Welcome Drinks|Power Backup|Multi Lingual Staff|Wake-up Call / Service|Conference Facility |Smoking Rooms|Food Facility|Newspapers In Lobby|Whirlpool Bath / Shower Cubicle|Room Service (24 Hours)|RO Water Purification System|Outdoor Parking - Secured|Parking Facility|Internet Access|Restaurant|CCTV|Fire Exit Signs|First-Aid Kit at Front Desk,
FURNISHED 3BHK FLAT,4.0,"The standard check-in time is 12:00 PM and the standard check-out time is 12:00 PM. Early check-in or late check-out is strictly subjected to availability and may be chargeable by the hotel. Any early check-in or late check-out request must be directed and reconfirmed with hotel directly Booking rates will not be valid for Christmas  New year dates, High season  long weekend dates  extra supplement will be charged over above the paid rates as per actual  hotel discretion. Parking Facilities Available|Front Desk|Parking Facility|Room Service|First-Aid Kit at Front Desk",
Florence Inn,4.0,"The standard check-in time is 12:00 PM and the standard check-out time is 12:00 PM. Early check-in or late check-out is strictly subjected to availability and may be chargeable by the hotel. Any early check-in or late check-out request must be directed and reconfirmed with hotel directly As per the Government directives it is Mandatory for all the guest (Foreign Nationals , NRI and Indian Nationals) to show their Photo ID proof at the time of Check-In which can be in form of Passport and Visa Copy, Driving License, Voter ID Card. Business Center |Doctor on Call|Dry Cleaning|Internet Access - Surcharge|Laundry Service Available|Lift / Elevator|Lobby|Parking Facilities Available|Front Desk|Multi Cuisine Restaurant |Local Tour / Travel Desk|Major Credit Cards Accepted|24 Hour Front Desk|Air-Conditioning - Central|Power Backup|Wake-up Call / Service|Car Rental|Newspapers In Lobby|Room Service (24 Hours)|Voicemail|STD / ISD|RO Water Purification System",
Doodle Rack,4.0,The standard check-in time is 12:00 PM and the standard check-out time is 12:00 PM. Early check-in or late check-out is strictly subjected to availability and may be chargeable by the hotel. Any early check-in or late check-out request must be directed and reconfirmed with hotel directly ,
DREAM PALACE,4.0,The standard check-in time is 08:00 AM and the standard check-out time is 08:00 AM. Early check-in or late check-out is strictly subjected to availability and may be chargeable by the hotel. Any early check-in or late check-out request must be directed and reconfirmed with hotel directly Doctor on Call|Dry Cleaning|Laundry Service Available|Lobby|Parking Facilities Available|Front Desk|Multi Cuisine Restaurant |Local Tour / Travel Desk|24 Hour Front Desk|Welcome Drinks|Power Backup|Nature Walk|Newspapers In Lobby|Room Service (24 Hours)| Cook Services|Parking Facility,
Devanshi Inn,4.0,The standard check-in time is 12:00 PM and the standard check-out time is 12:00 PM. Early check-in or late check-out is strictly subjected to availability and may be chargeable by the hotel. Any early check-in or late check-out request must be directed and reconfirmed with hotel directly Hotel may charge compulsory gala dinner supplement on Christmas / New Year's eve or other festive periods. Any such supplements need to be paid directly at the hotel. Banquet Facilities|Bar / Lounge |Currency Exchange|Doctor on Call|Laundry Service Available|Lift / Elevator|Lobby|Parking Facilities Available|Front Desk|Multi Cuisine Restaurant |Locker Facility|Local Tour / Travel Desk|Valet service|Major Credit Cards Accepted|24 Hour Front Desk|Doorman|Medical Assistance Available|Wedding Services Facility|Multi - Line Phone|Veg / Non Veg Kitchens Separate |Vegetarian Food / Jain Food Available|Extra Person / Child - Share the same room|Newspapers In Lobby|Room Service (24 Hours)|Party hall|Parking Facility,
Eashwar Lodge,4.0,The standard check-in time is 12:00 PM and the standard check-out time is 12:00 PM. Early check-in or late check-out is strictly subjected to availability and may be chargeable by the hotel. Any early check-in or late check-out request must be directed and reconfirmed with hotel directly   *   It is mandatory for guests to present valid photo identification at the time of check-in.   *   The primary guest checking in to the hotel must be at least 21 years of age.   *   The hotel reserves the right of admission. Accommodation can be denied to guests posing as a couple if suitable proof of identification is not presented at check-in.   *   The hotel reserves the right of admission for local residents. Accommodation can be denied to guests residing in the same city.   *   Local ID proof will not be valid. Power Backup|Food Facility|Internet Access,
Elis Hospitality Shivam Bunglow,4.0,"The standard check-in time is 12:00 PM and the standard check-out time is 12:00 PM. Early check-in or late check-out is strictly subjected to availability and may be chargeable by the hotel. Any early check-in or late check-out request must be directed and reconfirmed with hotel directly *Valid Identification Documents/ Proof is Mandatory. *In case of any unusual/ improper/ suspicious act, Hotel can cancel Room. *Check Inn and Check Out is 12:00 Noon. After that half day charges will be applicable. *Early check-in or late check-out is strictly subjected to availability and may be chargeable by the hotel.  *Unmarried and unrelated couples will not be allowed to check in due to security reason. *Pets are not allowed. Doctor on Call|Internet Access - Surcharge|Laundry Service Available|Lift / Elevator|Parking Facilities Available|Front Desk|Local Tour / Travel Desk|Luggage Storage|Medical Assistance Available|Wake-up Call / Service|Food Facility|Room Service",
Dhawan Guest House,4.0,The standard check-in time is 12:00 PM and the standard check-out time is 12:00 PM. Early check-in or late check-out is strictly subjected to availability and may be chargeable by the hotel. Any early check-in or late check-out request must be directed and reconfirmed with hotel directly We do not allow unmarried / unrelated couples to checkin. This is at full discretion of the hotel management. No refund would be applicable in case the checkin is denied under such circumstances Doctor on Call|Parking Facility|Room Service,
Friends Residency,4.0,The standard check-in time is 12:30 PM and the standard check-out time is 12:30 PM. Early check-in or late check-out is strictly subjected to availability and may be chargeable by the hotel. Any early check-in or late check-out request must be directed and reconfirmed with hotel directly Internet Access - Surcharge|Laundry Service Available|Parking Facilities Available|24 Hour Front Desk|Power Backup|Room Service (24 Hours)|Parking Facility,
Esplanade Inn,4.0,"The standard check-in time is 12:00 PM and the standard check-out time is 12:00 PM. Early check-in or late check-out is strictly subjected to availability and may be chargeable by the hotel. Any early check-in or late check-out request must be directed and reconfirmed with hotel directly Booking rates will not be valid for Christmas and New year dates, High season and long weekend dates  extra supplement will be charged over and above the paid rates as per actual and hotel discretion. Doctor on Call",
Four Points By Sheraton,4.0,"The standard check-in time is 02:00 PM and the standard check-out time is 12:00 PM. Early check-in or late check-out is strictly subjected to availability and may be chargeable by the hotel. Any early check-in or late check-out request must be directed and reconfirmed with hotel directly It is mandatory for all adults to carry a valid photo id /Address proof .For Indian Resident : Drivers Licence, Voters ID, Aadhar Card or Passport (PAN Card not accepted).Foreign Nationals and Non Resident Indians : Passport / Visa (Mandatory) .  Summer Offer for all on line bookings. Free late checkout till 2 pm subject to availability only. Get free UPG from Standard City Facing to Standard Taj Facing room, subject to availability at check-in. 25% discount on SPA. 15% discounts on Food and Beverage including IRD, Mini Bar and Laundry Swimming Pool|Airport Transfer Available / Surcharge|Banquet Facilities|Bar / Lounge |Barbecue Area|Concierge|Currency Exchange|Disabled Friendly Facilities |Doctor on Call|Dry Cleaning|Gift Shop |Health Club / Gym Facility Available|Internet Access - Surcharge|Laundry Service Available|Lift / Elevator|Lobby|Non Smoking Rooms|Parking Facilities Available|Front Desk|Multi Cuisine Restaurant |Locker Facility|Non Smoking Hotel|Spa On Site - Chargeable|Local Tour / Travel Desk|Valet service|Major Credit Cards Accepted|24 Hour Front Desk|Luggage Storage|Doorman|Medical Assistance Available|Air-Conditioning - Central|Welcome Drinks|Power Backup|Express Check-In / Check-Out|Audio - Visual Equipment|Wedding Services Facility|Wake-up Call / Service|Fitness Equipment|Porter / Bellhop|Suitable For Children|Coffee Shop / Cafe|Conference Facility |Smoking Rooms|Disabled Friendly Rooms|Fax Machine|Electronic / Magnetic Keys|Multi - Line Phone|Fire Place Available |Wheelchair Accessibility - Room|Massage Services |Poolside Bar|Smoking Area |Open Air Restaurant / Dining |Vegetarian Food / Jain Food Available|Extra Person / Child - Share the same room|Car Rental|Express Laundry|Kids Play Zone|Oxygen Cylinder (on request)|Taxi Services|Board Room|Newspapers In Lobby|Postal / Parcel Services|Room Service (24 Hours)|Voicemail|Party hall|Spa Services Onsite - Free|Air / Rail Booking|STD / ISD|Baggage Room|Internet / Fax (Reception area only)|Outdoor Parking - Secured|Parking Facility|Internet Access|Restaurant|Room Service|Ayurvedic Facilities |Fire Safety|CCTV|Fire Exit Signs|First-Aid Kit at Front Desk|Full Time Operation for All 7 Days|Metal Detectors|Paid Transfers|Pest Control Facility|Porter Services Available|Public Restrooms|Security at All Hotel Entrances|Smoke Detector|Speciality Restaurant |Stamps and Mailing Facility|Suites|X-Ray Machine at Entrance",
Express 66,4.0,The standard check-in time is 12:00 PM and the standard check-out time is 12:00 PM. Early check-in or late check-out is strictly subjected to availability and may be chargeable by the hotel. Any early check-in or late check-out request must be directed and reconfirmed with hotel directly Internet Access - Surcharge|Laundry Service Available|Lift / Elevator|Power Backup|Room Service (24 Hours),
Dsouzas Holiday Homes,4.0,The standard check-in time is 12:00 PM and the standard check-out time is 12:00 PM. Early check-in or late check-out is strictly subjected to availability and may be chargeable by the hotel. Any early check-in or late check-out request must be directed and reconfirmed with hotel directly Like the policy for : We do not allow unmarried / unrelated couples to checkin. This is at full discretion of the hotel management. No refund would be applicable in case the checkin is denied under such circumstances Doctor on Call|24 Hour Front Desk|Parking Facility|Room Service|Fire Safety|CCTV|First-Aid Kit at Front Desk,
Diamond Resort &amp; Club,4.0,"The standard check-in time is 12:00 PM and the standard check-out time is 12:00 PM. Early check-in or late check-out is strictly subjected to availability and may be chargeable by the hotel. Any early check-in or late check-out request must be directed and reconfirmed with hotel directly 1. All guests requested to carry Valid ID proof for Check Inn. 2. Couple Guests with Local ID's are not allowed to check inn. 3. Cancellation and prepayment policies vary according to room type. Swimming Pool|Banquet Facilities|Billiards|Business Center |Doctor on Call|Dry Cleaning|Health Club / Gym Facility Available|Laundry Service Available|Lift / Elevator|Lobby|Non Smoking Rooms|Parking Facilities Available|Front Desk|Multi Cuisine Restaurant |Locker Facility|Non Smoking Hotel|Local Tour / Travel Desk|Major Credit Cards Accepted|24 Hour Front Desk|Luggage Storage|Medical Assistance Available|Power Backup|Gardens|Wedding Services Facility|Wake-up Call / Service|Conference Facility |Smoking Rooms|Pool Table|Pick Up and Drop (Rly Station, Bus Stand, Temple)|Smoking Area |Shopping Drop Facility (on fixed timings)|Extra Person / Child - Share the same room|Car Rental|Express Laundry|Taxi Services|Food Facility|Internet Access Free|Newspapers In Lobby|Room Service (24 Hours)|Party hall|RO Water Purification System|Outdoor Parking - Secured|Parking Facility",
Falcons nest,4.0,"The standard check-in time is 12:00 PM and the standard check-out time is 12:00 PM. Early check-in or late check-out is strictly subjected to availability and may be chargeable by the hotel. Any early check-in or late check-out request must be directed and reconfirmed with hotel directly According to government regulations, a valid Photo ID has to be carried by every person who stays at the hotel. The identification proofs accepted are Drivers License, Voters Card, Passport, Ration Card. Without valid ID the guest will not be allowed to check in. Note- PAN Cards will not be accepted as a valid ID card.   *   It is mandatory for guests to present valid photo identification at the time of check-in.   *   The primary guest checking in to the hotel must be at least 21 years of age.   *   The hotel reserves the right of admission. Accommodation can be denied to guests posing as a couple if suitable proof of identification is not presented at check-in.   *   The hotel reserves the right of admission for local residents. Accommodation can be denied to guests residing in the same city.   *   Local ID proof will not be valid. 24 Hour Front Desk|Room Service (24 Hours)|Parking Facility",
FENN HALL,4.0,The standard check-in time is 12:00 PM and the standard check-out time is 12:00 PM. Early check-in or late check-out is strictly subjected to availability and may be chargeable by the hotel. Any early check-in or late check-out request must be directed and reconfirmed with hotel directly Parking Facilities Available|Kitchen available (home cook food on request)|Internet Access,
Flowers Guest House,4.0,The standard check-in time is 12:00 PM and the standard check-out time is 10:00 AM. Early check-in or late check-out is strictly subjected to availability and may be chargeable by the hotel. Any early check-in or late check-out request must be directed and reconfirmed with hotel directly Currency Exchange|Doctor on Call|Laundry Service Available|Parking Facilities Available|Front Desk|Multi Cuisine Restaurant |Locker Facility|Local Tour / Travel Desk|24 Hour Front Desk|Luggage Storage|Gardens| Bike on Rent|Village Visit ( Chargeable )|Car Rental|Taxi Services|Outdoor Parking - Secured|Parking Facility|Room Service|CCTV|Full Time Operation for All 7 Days,
Foothill Homestay,4.0,The standard check-in time is 12:00 PM and the standard check-out time is 12:00 PM. Early check-in or late check-out is strictly subjected to availability and may be chargeable by the hotel. Any early check-in or late check-out request must be directed and reconfirmed with hotel directly We do not allow unmarried / unrelated couples to checkin. This is at full discretion of the hotel management. No refund would be applicable in case the checkin is denied under such circumstances Doctor on Call|Parking Facilities Available|Front Desk|Power Backup|Gardens,
Divine-A Boutique Hotel,4.0,The standard check-in time is 12:00 PM and the standard check-out time is 11:00 AM. Early check-in or late check-out is strictly subjected to availability and may be chargeable by the hotel. Any early check-in or late check-out request must be directed and reconfirmed with hotel directly Hotel may charge gala dinner supplement on Christmas/New Years eve or other festive periods. Which needs to be paid directly at the hotel.As per the govt. guidelines valid govt. issued id proofs are required to be presented at the Time of C/in. Laundry Service Available|Lobby|Front Desk|Local Tour / Travel Desk|Major Credit Cards Accepted|24 Hour Front Desk|Power Backup|Taxi Services|Parking Facility,
Fantasy Villas,4.0,The standard check-in time is 12:00 PM and the standard check-out time is 12:00 PM. Early check-in or late check-out is strictly subjected to availability and may be chargeable by the hotel. Any early check-in or late check-out request must be directed and reconfirmed with hotel directly Doctor on Call|Laundry Service Available|Lobby|Parking Facilities Available|Front Desk|24 Hour Front Desk|Doorman|Newspapers In Lobby|Room Service (24 Hours)|Baggage Room|Parking Facility,
G REST Hotel and Resort,4.0,The standard check-in time is 12:00 PM and the standard check-out time is 12:00 PM. Early check-in or late check-out is strictly subjected to availability and may be chargeable by the hotel. Any early check-in or late check-out request must be directed and reconfirmed with hotel directly The standard check-in time is 12:00 PM and the standard check-out time is 12:00 PM. Early check-in or late check-out is strictly subjected to availability and may be chargeable by the hotel. Doctor on Call|Lobby|Front Desk|Local Tour / Travel Desk|24 Hour Front Desk|Medical Assistance Available|Power Backup,
FabHotel Tahira Ashwem Beachfront,4.0,The standard check-in time is 12:00 PM and the standard check-out time is 11:00 AM. Early check-in or late check-out is strictly subjected to availability and may be chargeable by the hotel. Any early check-in or late check-out request must be directed and reconfirmed with hotel directly NO CHECK OUTS ON 31/12/2015	 no pets allowed Bar / Lounge |Doctor on Call|Laundry Service Available|Lift / Elevator|Lobby|Non Smoking Rooms|Parking Facilities Available|Front Desk|Multi Cuisine Restaurant |Locker Facility|24 Hour Front Desk|Luggage Storage|Doorman|Air-Conditioning - Central|Power Backup|Gardens|Multi Lingual Staff|Wake-up Call / Service|Separate Sitting Area|Smoking Rooms|Fire Place Available |Veg / Non Veg Kitchens Separate |Food Facility|Newspapers In Lobby|Whirlpool Bath / Shower Cubicle|Internet / Fax (Reception area only)|RO Water Purification System|Outdoor Parking - Secured|Parking Facility|Restaurant|Room Service|Fire Safety|CCTV|Fire Exit Signs|First-Aid Kit at Front Desk|Speciality Restaurant,
Dream Holiday Bungalow,4.0,The standard check-in time is 12:00 PM and the standard check-out time is 12:00 PM. Early check-in or late check-out is strictly subjected to availability and may be chargeable by the hotel. Any early check-in or late check-out request must be directed and reconfirmed with hotel directly The rates are for 6 people. after that extra charge will applicable. Airport Transfer Available / Surcharge|Doctor on Call|Parking Facilities Available|Suitable For Children|Grocery|Extra Person / Child - Share the same room|Car Rental,
FabHotel Shivajinagar,4.0,"The standard check-in time is 12:00 PM and the standard check-out time is 11:00 AM. Early check-in or late check-out is strictly subjected to availability and may be chargeable by the hotel. Any early check-in or late check-out request must be directed and reconfirmed with hotel directly Government ID cards are mandatory during the time of check in. Ballroom|Banquet Facilities|Business Center |Doctor on Call|Dry Cleaning|Internet Access - Surcharge|Laundry Service Available|Lift / Elevator|Lobby|Parking Facilities Available|Front Desk|Multi Cuisine Restaurant |Locker Facility|Local Tour / Travel Desk|Major Credit Cards Accepted|Medical Assistance Available|Air-Conditioning - Central|Power Backup|Conference Facility |Multi - Line Phone|Pick Up and Drop (Rly Station, Bus Stand, Temple)|Express Laundry|Taxi Services|Newspapers In Lobby|Room Service (24 Hours)|STD / ISD",
Dhola-Ri-Dhani,4.0,The standard check-in time is 12:00 PM and the standard check-out time is 12:00 PM. Early check-in or late check-out is strictly subjected to availability and may be chargeable by the hotel. Any early check-in or late check-out request must be directed and reconfirmed with hotel directly Front Desk|Room Service (24 Hours)|Parking Facility,
Dolma Cottage,4.0,The standard check-in time is 12:00 PM and the standard check-out time is 12:00 PM. Early check-in or late check-out is strictly subjected to availability and may be chargeable by the hotel. Any early check-in or late check-out request must be directed and reconfirmed with hotel directly We do not allow unmarried / unrelated couples to checkin. This is at full discretion of the hotel management. No refund would be applicable in case the checkin is denied under such circumstances. Doctor on Call|Parking Facilities Available|Front Desk|Room Service|Public Restrooms,
Ekaant The Retreat,4.0,"The standard check-in time is 02:00 PM and the standard check-out time is 12:00 PM. Early check-in or late check-out is strictly subjected to availability and may be chargeable by the hotel. Any early check-in or late check-out request must be directed and reconfirmed with hotel directly Airport Transfer Available / Surcharge|Banquet Facilities|Bar / Lounge |Barbecue Area|Beauty Salon - on charge|Concierge|Currency Exchange|Disabled Friendly Facilities |Doctor on Call|Dry Cleaning|Games Zone|Health Club / Gym Facility Available|Laundry Service Available|Lobby|Non Smoking Rooms|Parking Facilities Available|Pets Allowed|Front Desk|Multi Cuisine Restaurant |Local Tour / Travel Desk|Valet service|Major Credit Cards Accepted|24 Hour Front Desk|Luggage Storage|Medical Assistance Available|Welcome Drinks|Power Backup|Express Check-In / Check-Out|Gardens|Wedding Services Facility|Catering|Multi Lingual Staff|Exhibit Space|Wake-up Call / Service|Fitness Equipment|Porter / Bellhop|Separate Sitting Area|Coffee Shop / Cafe|Conference Facility |Smoking Rooms|Access Via Exterior Corridors|Disabled Friendly Rooms|Electronic / Magnetic Keys|Picnic Area|Wheelchair Accessibility - Room|Massage Services |Clubhouse|Boating|Pick Up and Drop (Rly Station, Bus Stand, Temple)|Nature Walk|Smoking Area |Veranda| Bike on Rent|In House Events |Vegetarian Food / Jain Food Available|Extra Person / Child - Share the same room|Village Visit ( Chargeable )|Car Rental|Express Laundry|Kids Play Zone|Taxi Services|Board Room|City Shuttle Service|Campfire / Bon Fire|Food Facility|Newspapers In Lobby|Children's Park|Postal / Parcel Services|Family Room|Room Service (24 Hours)|Spa Services Nearby|Party hall|Air / Rail Booking|STD / ISD|Courier Service|Guide / Sightseeing Service|Internet / Fax (Reception area only)|Adjoining Rooms|RO Water Purification System|Outdoor Parking - Secured|Internet Access",
"Dumber Cottage, Sangla",4.0,"The standard check-in time is 12:00 PM and the standard check-out time is 12:00 PM. Early check-in or late check-out is strictly subjected to availability and may be chargeable by the hotel. Any early check-in or late check-out request must be directed and reconfirmed with hotel directly Booking rates will not be valid for Christmas and New year dates, High season and long weekend dates  extra supplement will be charged over and above the paid rates as per actual and hotel discretion. Doctor on Call|Power Backup|Wake-up Call / Service|Parking Facility|Room Service",
ECO Lodge,4.0,"The standard check-in time is 12:00 PM and the standard check-out time is 11:00 AM. Early check-in or late check-out is strictly subjected to availability and may be chargeable by the hotel. Any early check-in or late check-out request must be directed and reconfirmed with hotel directly There will be season hike for Oct/Nov/Dec Rs.1000 per room per night, will be payable directly at the hotel at the time of Check In. Hotel may charge compulsory gala dinner supplement on Christmas / New Year's eve or other festive periods. Any such supplements need to be paid directly at the hotel. The primary guest must be at least 18 years of age to be able to check-in the hotel. It is mandatory for guests to present valid photo identification at the time of check-in. According to government regulations, a valid Photo ID has to be carried by every person above the age of 18 staying at the hotel. The identification proofs accepted are Driving License, Voter ID Card, and Passport. Without valid ID the guest will not be allowed to check-in. Parking Facilities Available|24 Hour Front Desk|Newspapers In Lobby",
Flora Homes,4.0,"The standard check-in time is 12:00 PM and the standard check-out time is 11:00 AM. Early check-in or late check-out is strictly subjected to availability and may be chargeable by the hotel. Any early check-in or late check-out request must be directed and reconfirmed with hotel directly Only two guest shall be allowed in the bed room. If required, 1 extra mattress for additional guest.This policy is negotiable when the guest checks in. Business Center |Internet Access - Surcharge|Parking Facilities Available|Front Desk|Locker Facility|24 Hour Front Desk|Welcome Drinks|Power Backup|Gardens|Conference Facility |Cell Phone Rental|Transfers Available|Taxi Services|Internet Access Free|Newspapers In Lobby|Room Service (24 Hours)|Parking Facility|Internet Access|Room Service|Trekking|CCTV",
Elevate Residency,4.0,The standard check-in time is 02:00 PM and the standard check-out time is 12:00 PM. Early check-in or late check-out is strictly subjected to availability and may be chargeable by the hotel. Any early check-in or late check-out request must be directed and reconfirmed with hotel directly Accommodation can be denied to guests posing as a couple if suitable proof of identification is not presented at check-in.  The hotel reserves the right of admission for local residents. Airport Transfer Available / Surcharge|Business Center |Doctor on Call|Dry Cleaning|Laundry Service Available|Parking Facilities Available|Front Desk|Major Credit Cards Accepted|24 Hour Front Desk|Luggage Storage|Welcome Drinks|Power Backup|Conference Facility |Newspapers In Lobby|Room Service (24 Hours)|Parking Facility,
Dewa Goa Apartments,4.0,The standard check-in time is 01:00 PM and the standard check-out time is 12:00 PM. Early check-in or late check-out is strictly subjected to availability and may be chargeable by the hotel. Any early check-in or late check-out request must be directed and reconfirmed with hotel directly As per Govt.'s norms it is mandatory to carry Photo ID proof at the time of check in. Bar / Lounge |Laundry Service Available|Multi Cuisine Restaurant | Bike on Rent|Taxi Services,
ESHA HERITAGE INN,4.0,"The standard check-in time is 12:00 PM and the standard check-out time is 11:00 AM. Early check-in or late check-out is strictly subjected to availability and may be chargeable by the hotel. Any early check-in or late check-out request must be directed and reconfirmed with hotel directly Pets not allowed Airport Transfer Available / Surcharge|Banquet Facilities|Business Center |Concierge|Currency Exchange|Doctor on Call|Gift Shop |Internet Access - Surcharge|Laundry Service Available|Lobby|Parking Facilities Available|Front Desk|Multi Cuisine Restaurant |Locker Facility|Non Smoking Hotel|Spa On Site - Chargeable|Local Tour / Travel Desk|Major Credit Cards Accepted|24 Hour Front Desk|Luggage Storage|Medical Assistance Available|Air-Conditioning - Central|Welcome Drinks|Power Backup|Express Check-In / Check-Out|Audio - Visual Equipment|Dance Performances (on demand)|Multi Lingual Staff|Wake-up Call / Service|Porter / Bellhop|Sauna|Suitable For Children|Separate Sitting Area|Conference Facility |Electronic / Magnetic Keys|Multi - Line Phone|Picnic Area|Massage Services |Pick Up and Drop (Rly Station, Bus Stand, Temple)|Private Beach|Smoking Area |Veranda|Vegetarian Food / Jain Food Available|Extra Person / Child - Share the same room|Village Visit ( Chargeable )|Express Laundry|Meditation Room|Taxi Services|Board Room|City Shuttle Service|Karaoke |Campfire / Bon Fire|Food Facility|Newspapers In Lobby|Yoga Hall / Classes|Postal / Parcel Services|Room Service (24 Hours)|Air / Rail Booking|STD / ISD|Baggage Room|Guide / Sightseeing Service|Internet / Fax (Reception area only)|Adjoining Rooms|RO Water Purification System|Outdoor Parking - Secured|Parking Facility|Internet Access|Restaurant|Room Service|Ayurvedic Facilities |Fire Safety|CCTV|First-Aid Kit at Front Desk|Full Time Operation for All 7 Days|Paid Transfers|Pest Control Facility|Porter Services Available|Public Restrooms|Security at All Hotel Entrances|Speciality Restaurant |Stamps and Mailing Facility|Suites",
DSR Paradise,4.0,The standard check-in time is 12:00 PM and the standard check-out time is 12:00 PM. Early check-in or late check-out is strictly subjected to availability and may be chargeable by the hotel. Any early check-in or late check-out request must be directed and reconfirmed with hotel directly Terms and Conditions: It is mandatory for guests to present valid photo identification at the time of check-in. Lift / Elevator|Major Credit Cards Accepted|24 Hour Front Desk|Luggage Storage|Power Backup|Room Service (24 Hours)|Parking Facility,
Fragrant Nature Munnar,4.0,The standard check-in time is 02:00 PM and the standard check-out time is 02:00 PM. Early check-in or late check-out is strictly subjected to availability and may be chargeable by the hotel. Any early check-in or late check-out request must be directed and reconfirmed with hotel directly ,
Fountain Village,4.0,The standard check-in time is 11:00 AM and the standard check-out time is 09:00 AM. Early check-in or late check-out is strictly subjected to availability and may be chargeable by the hotel. Any early check-in or late check-out request must be directed and reconfirmed with hotel directly Hotel may charge compulsory gala dinner supplement on Christmas / New Year's eve or other festive periods. Any such supplements need to be paid directly at the hotel. Swimming Pool|Doctor on Call|Games Zone|Laundry Service Available|Non Smoking Rooms|Parking Facilities Available|Multi Cuisine Restaurant |Locker Facility|Power Backup|Parking Facility|Room Service,
Emgee's Residency,4.0,The standard check-in time is 12:00 PM and the standard check-out time is 12:00 PM. Early check-in or late check-out is strictly subjected to availability and may be chargeable by the hotel. Any early check-in or late check-out request must be directed and reconfirmed with hotel directly We do not allow unmarried / unrelated couples to checkin. This is at full discretion of the hotel management. No refund would be applicable in case the checkin is denied under such circumstances) Doctor on Call|Dry Cleaning|Laundry Service Available|Parking Facilities Available|Front Desk|24 Hour Front Desk|Doorman|Power Backup|Extra Person / Child - Share the same room|Family Room|RO Water Purification System|Outdoor Parking - Secured|Parking Facility|Room Service|Fire Safety|Fire Exit Signs|First-Aid Kit at Front Desk,
Devi Vilas,4.0,"The standard check-in time is 11:00 AM and the standard check-out time is 10:00 AM. Early check-in or late check-out is strictly subjected to availability and may be chargeable by the hotel. Any early check-in or late check-out request must be directed and reconfirmed with hotel directly first book first get Airport Transfer Available / Surcharge|Babysitting/ Child Care (surcharge)|Banquet Facilities|Barbecue Area|Beauty Salon - on charge|Business Center |Currency Exchange|Disabled Friendly Facilities |Doctor on Call|Dry Cleaning|Games Zone|Gift Shop |Internet Access - Surcharge|Laundry Service Available|Library|Lobby|Night Club|Non Smoking Rooms|Parking Facilities Available|Pets Allowed|Front Desk|Multi Cuisine Restaurant |Locker Facility|Secretarial Services|Spa On Site - Chargeable|Local Tour / Travel Desk|Hookah Lounge|Major Credit Cards Accepted|24 Hour Front Desk|Luggage Storage|Medical Assistance Available|Welcome Drinks|Express Check-In / Check-Out|Audio - Visual Equipment|Computer Rental|Wedding Services Facility|Dance Performances (on demand)|Catering|Translation Services|Multi Lingual Staff|Exhibit Space|Wake-up Call / Service|Sauna|Suitable For Children|Coffee Shop / Cafe|Smoking Rooms|Access Via Exterior Corridors|ATM / Banking|Disabled Friendly Rooms|Fax Machine|Kitchen available (home cook food on request)|Fire Place Available |Floor Butler|Massage Services |Poolside Bar|Discotheque |Safari|Boating|Pick Up and Drop (Rly Station, Bus Stand, Temple)|Nature Walk|Smoking Area |Camel Ride|Open Air Restaurant / Dining | Bike on Rent|Veg / Non Veg Kitchens Separate |Horse Ride ( Chargeable ) |Shopping Drop Facility (on fixed timings)|In House Events |Vegetarian Food / Jain Food Available|Extra Person / Child - Share the same room|Village Visit ( Chargeable )|Car Rental|Express Laundry|Kids Play Zone|Oxygen Cylinder (on request)|Water Dispenser Available|Self Check - In|Taxi Services|Board Room|City Shuttle Service|Karaoke |Food Facility| Drivers Rest Room|Newspapers In Lobby|Yoga Hall / Classes|Electronic Check-Out|Postal / Parcel Services|Family Room|Room Service (24 Hours)|Spa Services Nearby|Parking (Surcharge)| Cook Services|Party hall|Air / Rail Booking|STD / ISD|Baggage Room|Courier Service|Ski Storage|Guide / Sightseeing Service|Internet / Fax (Reception area only)|Adjoining Rooms|RO Water Purification System|Outdoor Parking - Secured|Outdoor Parking - Non Secured",
Excellency Corporate House,4.0,The standard check-in time is 12:00 PM and the standard check-out time is 12:00 PM. Early check-in or late check-out is strictly subjected to availability and may be chargeable by the hotel. Any early check-in or late check-out request must be directed and reconfirmed with hotel directly Doctor on Call|Laundry Service Available|Lobby|Parking Facilities Available|Front Desk|Locker Facility|Major Credit Cards Accepted|24 Hour Front Desk|Air-Conditioning - Central|Power Backup|Gardens|ATM / Banking|Kitchen available (home cook food on request)|Express Laundry|Water Dispenser Available|Taxi Services| Drivers Rest Room|Newspapers In Lobby|Room Service (24 Hours)|Outdoor Parking - Secured|Parking Facility|Internet Access,
FAMOUS REST HOME,4.0,The standard check-in time is 12:00 PM and the standard check-out time is 12:00 PM. Early check-in or late check-out is strictly subjected to availability and may be chargeable by the hotel. Any early check-in or late check-out request must be directed and reconfirmed with hotel directly Unmarried couples not allowed ,
"Fortune Select Global, Gurgaon",4.0,The standard check-in time is 12:00 PM and the standard check-out time is 12:00 PM. Early check-in or late check-out is strictly subjected to availability and may be chargeable by the hotel. Any early check-in or late check-out request must be directed and reconfirmed with hotel directly Cancellation and Amendent for bookings made under any offer may be Non Refundable Hotel may charge compulsory gala dinner supplement on Christmas / New Year's eve or other festive periods. Any such supplements need to be paid directly at the hotel. Cancellation/amendment for booking made under advance Purchase offer Will be non refundable. Swimming Pool|Airport Transfer Available / Surcharge|Banquet Facilities|Bar / Lounge |Business Center |Concierge|Currency Exchange|Disabled Friendly Facilities |Doctor on Call|Health Club / Gym Facility Available|Internet Access - Surcharge|Laundry Service Available|Lobby|Non Smoking Rooms|Parking Facilities Available|Front Desk|Multi Cuisine Restaurant |Valet service|24 Hour Front Desk|Luggage Storage|Doorman|Air-Conditioning - Central|Express Check-In / Check-Out|Catering|Fitness Equipment|Porter / Bellhop|Coffee Shop / Cafe|Conference Facility |Smoking Rooms|ATM / Banking|Fax Machine|Massage Services |Board Room|Newspapers In Lobby|Family Room|Room Service (24 Hours)|STD / ISD|Adjoining Rooms|Outdoor Parking - Secured|Parking Facility,
Dreamz Hotel,4.0,The standard check-in time is 12:00 PM and the standard check-out time is 12:00 PM. Early check-in or late check-out is strictly subjected to availability and may be chargeable by the hotel. Any early check-in or late check-out request must be directed and reconfirmed with hotel directly Our hotel provides good services with value money Doctor on Call|Internet Access - Surcharge|Lift / Elevator|Parking Facilities Available|Front Desk|24 Hour Front Desk|Power Backup|Food Facility|Outdoor Parking - Secured|Parking Facility|Room Service,
Ela Ecoland Nature Retreat,4.0,"The standard check-in time is 01:00 PM and the standard check-out time is 11:00 AM. Early check-in or late check-out is strictly subjected to availability and may be chargeable by the hotel. Any early check-in or late check-out request must be directed and reconfirmed with hotel directly Booking rates will not be valid for Christmas and New year dates, High season and long weekend dates,extra supplement will be charged over and above the paid rates as per actual and hotel discretion Pets are allowed Barbecue Area|Doctor on Call|Internet Access - Surcharge|Laundry Service Available|Parking Facilities Available|Front Desk|Multi Cuisine Restaurant |Locker Facility|Welcome Drinks|Power Backup|Gardens|Safari|Open Air Restaurant / Dining |Campfire / Bon Fire|Newspapers In Lobby|Internet / Fax (Reception area only)|Outdoor Parking - Secured|Parking Facility|Internet Access|Restaurant|Porter Services Available|Public Restrooms",
Fortel,4.0,"The standard check-in time is 02:00 PM and the standard check-out time is 12:00 PM. Early check-in or late check-out is strictly subjected to availability and may be chargeable by the hotel. Any early check-in or late check-out request must be directed and reconfirmed with hotel directly Booking rates will not be valid for Christmas  New year dates, High season  long weekend dates  extra supplement will be charged over  above the paid rates as per actual  hotel discretion. Doctor on Call|Parking Facilities Available|Outdoor Parking - Secured|Parking Facility|Public Restrooms",
Flexistays,4.0,The standard check-in time is 12:00 PM and the standard check-out time is 12:00 PM. Early check-in or late check-out is strictly subjected to availability and may be chargeable by the hotel. Any early check-in or late check-out request must be directed and reconfirmed with hotel directly  We do not allow unmarried / unrelated couples to checkin. This is at full discretion of the hotel management. No refund would be applicable in case the checkin is denied under such circumstances Internet Access - Surcharge|Front Desk|Locker Facility|Newspapers In Lobby|Internet / Fax (Reception area only)|Airport Transfer Free|Outdoor Parking - Non Secured|Room Service|Public Restrooms,
Fortune Kences Hotel (Opp APSRTC Bus Stand),4.0,The standard check-in time is 12:00 PM and the standard check-out time is 10:00 AM. Early check-in or late check-out is strictly subjected to availability and may be chargeable by the hotel. Any early check-in or late check-out request must be directed and reconfirmed with hotel directly Cancellation and amendment for bookings made under any offer may be non refundable. Hotel may charge compulsory gala dinner supplement on Christmas / New Year's eve or other festive periods. Any such supplements need to be paid directly at the hotel. Mandatory gala dinner charges payable at hotel: 24th Dec-Rs 550  taxes 31st Dec-Rs. 550 taxes Business Center |Multi Cuisine Restaurant |Conference Facility |Vegetarian Food / Jain Food Available,
Floating Days Houseboats,4.0,The standard check-in time is 12:00 PM and the standard check-out time is 09:00 AM. Early check-in or late check-out is strictly subjected to availability and may be chargeable by the hotel. Any early check-in or late check-out request must be directed and reconfirmed with hotel directly ,
FabHotel Nachiappa RA Puram,4.0,The standard check-in time is 12:00 PM and the standard check-out time is 11:00 AM. Early check-in or late check-out is strictly subjected to availability and may be chargeable by the hotel. Any early check-in or late check-out request must be directed and reconfirmed with hotel directly Our Inns reserve the right to admission. Accommodation can be denied to the guests posing as a couple if suitable identification and a non-local address proof is not presented at check-in. MAP plan includes limited menu meal. Doctor on Call|Internet Access - Surcharge|Laundry Service Available|Lift / Elevator|Lobby|Parking Facilities Available|Front Desk|Multi Cuisine Restaurant |24 Hour Front Desk|Air-Conditioning - Central|Power Backup|Wake-up Call / Service|Newspapers In Lobby|Room Service (24 Hours)|Outdoor Parking - Secured|Parking Facility|CCTV|Security at All Hotel Entrances,
Ess Kay Ess Villa-Dlf Phase I,4.0,"The standard check-in time is 12:00 PM and the standard check-out time is 12:00 PM. Early check-in or late check-out is strictly subjected to availability and may be chargeable by the hotel. Any early check-in or late check-out request must be directed and reconfirmed with hotel directly 1. All guests requested to carry Valid ID proof for Check In 2. Couple Guests with Local ID's are not allowed to check in 3. Cancellation and prepayment policies vary according to room type. Airport Transfer Available / Surcharge|Banquet Facilities|Business Center |Currency Exchange|Doctor on Call|Dry Cleaning|Internet Access - Surcharge|Laundry Service Available|Lobby|Parking Facilities Available|Front Desk|Non Smoking Hotel|Local Tour / Travel Desk|Major Credit Cards Accepted|24 Hour Front Desk|Luggage Storage|Medical Assistance Available|Power Backup|Wedding Services Facility|Catering|Wake-up Call / Service|Separate Sitting Area|Conference Facility |ATM / Banking|Fax Machine|Kitchen available (home cook food on request)|Pick Up and Drop (Rly Station, Bus Stand, Temple)|Vegetarian Food / Jain Food Available|Extra Person / Child - Share the same room|Car Rental|Taxi Services|Board Room|City Shuttle Service|Food Facility|Newspapers In Lobby|Postal / Parcel Services|Room Service (24 Hours)| Cook Services|Party hall|Air / Rail Booking|STD / ISD|Baggage Room|Courier Service|Guide / Sightseeing Service|RO Water Purification System|Outdoor Parking - Secured|Parking Facility",
Emily Cottage by Traveller's Paradise,4.0,The standard check-in time is 11:00 AM and the standard check-out time is 10:00 AM. Early check-in or late check-out is strictly subjected to availability and may be chargeable by the hotel. Any early check-in or late check-out request must be directed and reconfirmed with hotel directly No pets allowed.  Guest need to carry confirmation voucher and valid ID proof during check in. Parking Facilities Available|Gardens|Parking Facility,
FabHotel Dawn Mysore,4.0,The standard check-in time is 12:00 PM and the standard check-out time is 11:00 AM. Early check-in or late check-out is strictly subjected to availability and may be chargeable by the hotel. Any early check-in or late check-out request must be directed and reconfirmed with hotel directly Check in Checkout 12 Noon Children Above 07 Years are charged as extra person with or With out Extra Bed Beauty Salon - on charge|Business Center |Health Club / Gym Facility Available|Laundry Service Available|Lift / Elevator|Parking Facilities Available|Front Desk|Multi Cuisine Restaurant |Power Backup|Coffee Shop / Cafe|Conference Facility |Board Room|Room Service (24 Hours)|Spa Services Nearby|Outdoor Parking - Secured|Parking Facility,
Fort Munnar,4.0,"The standard check-in time is 12:00 PM and the standard check-out time is 10:00 AM. Early check-in or late check-out is strictly subjected to availability and may be chargeable by the hotel. Any early check-in or late check-out request must be directed and reconfirmed with hotel directly Hotel may charge compulsory gala dinner supplement on Christmas / New Year's eve or other festive periods. Any such supplements need to be paid directly at the hotel. Peak Period : No Refund for cancellation of Peak Period bookings, irrespective of when the booking is cancelled. NO Special Offer applicable on Extra Adult Rate and Child Rate Health Club / Gym Facility Available|Laundry Service Available|Parking Facilities Available|Front Desk|Multi Cuisine Restaurant |Locker Facility|Power Backup|Gardens|Discotheque |Parking Facility|Room Service",
Divine Bliss Beach Resort,4.0,"The standard check-in time is 12:00 PM and the standard check-out time is 12:00 PM. Early check-in or late check-out is strictly subjected to availability and may be chargeable by the hotel. Any early check-in or late check-out request must be directed and reconfirmed with hotel directly Payment is required to obtain a confirmed reservation. Please note the cancellation policy before your reservation. All rates are subject to a 12.5% luxury tax on room tariff. Normal occupancy is two people per room. Extra bed is chargable Airport Transfer Available / Surcharge|Barbecue Area|Currency Exchange|Doctor on Call|Dry Cleaning|Gift Shop |Internet Access - Surcharge|Laundry Service Available|Lobby|Parking Facilities Available|Front Desk|Multi Cuisine Restaurant |Locker Facility|Secretarial Services|Valet service|Major Credit Cards Accepted|24 Hour Front Desk|Luggage Storage|Medical Assistance Available|Express Check-In / Check-Out|Gardens|Multi Lingual Staff|Wake-up Call / Service|Separate Sitting Area|Grocery|Access Via Exterior Corridors|Multi - Line Phone|Fire Place Available |Picnic Area|Massage Services |Pick Up and Drop (Rly Station, Bus Stand, Temple)|Nature Walk|Veranda|Open Air Restaurant / Dining | Bike on Rent|Extra Person / Child - Share the same room|Village Visit ( Chargeable )|Car Rental|Express Laundry|Kids Play Zone|Taxi Services| Drivers Rest Room|Newspapers In Lobby|Family Room|Room Service (24 Hours)| Cook Services|STD / ISD|Baggage Room|Guide / Sightseeing Service|RO Water Purification System|Outdoor Parking - Secured|Parking Facility|Internet Access",
Francis Homestay,4.0,The standard check-in time is 12:00 PM and the standard check-out time is 12:00 PM. Early check-in or late check-out is strictly subjected to availability and may be chargeable by the hotel. Any early check-in or late check-out request must be directed and reconfirmed with hotel directly Doctor on Call|Laundry Service Available|Power Backup|Room Service,
Ela Inn Ayurveda,4.0,The standard check-in time is 12:00 PM and the standard check-out time is 12:00 PM. Early check-in or late check-out is strictly subjected to availability and may be chargeable by the hotel. Any early check-in or late check-out request must be directed and reconfirmed with hotel directly Doctor on Call|Front Desk|Boating|Car Rental|Parking Facility|Room Service|Ayurvedic Facilities,
Four Seasons Lodge,4.0,The standard check-in time is 02:00 PM and the standard check-out time is 12:00 PM. Early check-in or late check-out is strictly subjected to availability and may be chargeable by the hotel. Any early check-in or late check-out request must be directed and reconfirmed with hotel directly We do not allow unmarried / unrelated couples to checkin. This is at full discretion of the hotel management. No refund would be applicable in case the checkin is denied under such circumstances Doctor on Call|Lobby|Front Desk|Local Tour / Travel Desk|Major Credit Cards Accepted|24 Hour Front Desk|Luggage Storage|Medical Assistance Available|Air-Conditioning - Central|Power Backup|Baggage Room|Parking Facility|Room Service,
Fort Heritage,4.0,The standard check-in time is 12:00 PM and the standard check-out time is 12:00 PM. Early check-in or late check-out is strictly subjected to availability and may be chargeable by the hotel. Any early check-in or late check-out request must be directed and reconfirmed with hotel directly 1. All guests requested to carry Valid ID proof for Check Inn. 2. Couple Guests with Local ID's are not allowed to check inn. 3. Cancellation and prepayment policies vary according to room type. 4. Mandatory Charges would apply during the Carnival Period ( Dec and Jan ) - Special Charges Would Apply for the Christmas and New Year - Rates are Subject to Hotel Policy Doctor on Call|Laundry Service Available|Multi Cuisine Restaurant |Major Credit Cards Accepted|Air-Conditioning - Central|Gardens|Boating|Car Rental|Internet Access Free|Guide / Sightseeing Service,
Four Seasons Resort,4.0,The standard check-in time is 12:00 PM and the standard check-out time is 12:00 PM. Early check-in or late check-out is strictly subjected to availability and may be chargeable by the hotel. Any early check-in or late check-out request must be directed and reconfirmed with hotel directly Hotel may charge gala dinner supplement on Christmas/New Years eve or other festive periods. Which needs to be paid directly at the hotel.As per the govt. guidelines valid govt. issued id proofs are required to be presented at the Time of C/in Dry Cleaning|Laundry Service Available|Parking Facilities Available|Local Tour / Travel Desk|Major Credit Cards Accepted|Welcome Drinks|Gardens|Vegetarian Food / Jain Food Available|Internet Access Free|Newspapers In Lobby|Outdoor Parking - Secured|Speciality Restaurant,
Exotica,4.0,The standard check-in time is 12:00 PM and the standard check-out time is 11:00 AM. Early check-in or late check-out is strictly subjected to availability and may be chargeable by the hotel. Any early check-in or late check-out request must be directed and reconfirmed with hotel directly 1)All foreigners are to provide photocopy of the passport. 2) The check in and check out time is 12:00 noon. 3)No Couples with local ID proof will be allowed to check-in. 4) All children above 10 years will be counted as adults. Business Center |Laundry Service Available|Parking Facilities Available|Front Desk|Multi Cuisine Restaurant |Locker Facility|Power Backup|Internet Access Free|Room Service (24 Hours)|Outdoor Parking - Secured|Parking Facility,
Discovery Village,4.0,The standard check-in time is 02:00 PM and the standard check-out time is 12:00 PM. Early check-in or late check-out is strictly subjected to availability and may be chargeable by the hotel. Any early check-in or late check-out request must be directed and reconfirmed with hotel directly We do not allow unmarried / unrelated couples to checkin. This is at full discretion of the hotel management. No refund would be applicable in case the checkin is denied under such circumstances Non Smoking Rooms|Parking Facilities Available|Smoking Rooms|Extra Person / Child - Share the same room|Outdoor Parking - Secured|Parking Facility|Room Service,
Fort Pokaran,4.0,"The standard check-in time is 12:00 PM and the standard check-out time is 12:00 PM. Early check-in or late check-out is strictly subjected to availability and may be chargeable by the hotel. Any early check-in or late check-out request must be directed and reconfirmed with hotel directly Hotel may charge compulsory supplement on Christmas,New Years eve and other festive periods. Any such supplements need to be paid at the hotel.As per the govt. guidelines valid govt. issued id proofs are required to be presented on C/in. Swimming Pool|Doctor on Call|Laundry Service Available|Parking Facilities Available|Front Desk|Multi Cuisine Restaurant |Local Tour / Travel Desk|Conference Facility |Village Visit ( Chargeable )| Drivers Rest Room|Parking Facility|Room Service",
Elite Inn-Koddihalli,4.0,The standard check-in time is 02:00 PM and the standard check-out time is 12:00 PM. Early check-in or late check-out is strictly subjected to availability and may be chargeable by the hotel. Any early check-in or late check-out request must be directed and reconfirmed with hotel directly  We do not allow unmarried / unrelated couples to checkin. This is at full discretion of the hotel management. No refund would be applicable in case the checkin is denied under such circumstances Doctor on Call|Parking Facilities Available|Front Desk|Luggage Storage|Food Facility|Public Restrooms,
Dudawat Hotel,4.0,The standard check-in time is 09:00 AM and the standard check-out time is 09:00 AM. Early check-in or late check-out is strictly subjected to availability and may be chargeable by the hotel. Any early check-in or late check-out request must be directed and reconfirmed with hotel directly Unmarried and locals couples are not allowed. Valid government ID proof is required at the time of check in for all guests. Pan card is not valid. Doctor on Call|Internet Access - Surcharge|Laundry Service Available|Lift / Elevator|Parking Facilities Available|Front Desk|Multi Cuisine Restaurant |Locker Facility|24 Hour Front Desk|Gardens|Conference Facility |Car Rental|City Shuttle Service|Internet Access Free|Room Service (24 Hours)|Air / Rail Booking|Guide / Sightseeing Service|Outdoor Parking - Secured|Parking Facility|Room Service|Full Time Operation for All 7 Days|Public Restrooms|Security at All Hotel Entrances|Speciality Restaurant,
Devendra Garh Palace ( Luxuary paying guest house),4.0,The standard check-in time is 12:00 PM and the standard check-out time is 10:00 AM. Early check-in or late check-out is strictly subjected to availability and may be chargeable by the hotel. Any early check-in or late check-out request must be directed and reconfirmed with hotel directly Hotel may charge compulsory gala dinner supplement on Christmas / New Year's eve or other festive periods. Any such supplements need to be paid directly at the hotel. Swimming Pool|Bar / Lounge |Doctor on Call|Laundry Service Available|Parking Facilities Available|Locker Facility|Non Smoking Hotel|Table Tennis|Local Tour / Travel Desk|24 Hour Front Desk|Express Check-In / Check-Out|Gardens|Dance Performances (on demand)|Conference Facility |Massage Services |Horse Ride ( Chargeable ) |Board Room|Yoga Hall / Classes|Children's Park|Room Service (24 Hours)|Parking Facility,
Enkay Residency JCM,4.0,"The standard check-in time is 12:00 PM and the standard check-out time is 12:00 PM. Early check-in or late check-out is strictly subjected to availability and may be chargeable by the hotel. Any early check-in or late check-out request must be directed and reconfirmed with hotel directly Check-in only after 12:00 noon and check-out before 12:00 pm. For any concerns reported to the manager on duty, corrective measures will be taken within 24 hours. Luxury tax of 10% (if applicable) and service tax of 9% are chargeable. Business Center |Laundry Service Available|Lift / Elevator|Front Desk|Multi Cuisine Restaurant |Locker Facility|Outdoor Parking - Secured|Parking Facility|Room Service|Public Restrooms",
Fine Stay Service Apartment,4.0,The standard check-in time is 12:00 PM and the standard check-out time is 12:00 PM. Early check-in or late check-out is strictly subjected to availability and may be chargeable by the hotel. Any early check-in or late check-out request must be directed and reconfirmed with hotel directly Doctor on Call|Laundry Service Available|Lobby|Parking Facilities Available|Front Desk|Local Tour / Travel Desk|24 Hour Front Desk|Medical Assistance Available|Power Backup|Separate Sitting Area|Conference Facility |Smoking Rooms|Extra Person / Child - Share the same room|Taxi Services|Food Facility|Internet Access Free|Room Service (24 Hours)|Outdoor Parking - Secured|Parking Facility,
Fairmount Hotel,4.0,The standard check-in time is 12:00 PM and the standard check-out time is 11:30 AM. Early check-in or late check-out is strictly subjected to availability and may be chargeable by the hotel. Any early check-in or late check-out request must be directed and reconfirmed with hotel directly Hotel may charge compulsory gala dinner supplement on Christmas / New Year's eve or other festive periods. Any such supplements need to be paid directly at the hotel. Airport Transfer Available / Surcharge|Bar / Lounge |Business Center |Games Zone|Internet Access - Surcharge|Laundry Service Available|Night Club|Front Desk|Multi Cuisine Restaurant |Medical Assistance Available|Welcome Drinks|Coffee Shop / Cafe,
DOARS PALM RESORTS,4.0,The standard check-in time is 12:00 PM and the standard check-out time is 12:00 PM. Early check-in or late check-out is strictly subjected to availability and may be chargeable by the hotel. Any early check-in or late check-out request must be directed and reconfirmed with hotel directly We do not allow unmarried / unrelated couples to checkin. This is at full discretion of the hotel management. No refund would be applicable in case the checkin is denied under such circumstances Doctor on Call|Parking Facilities Available|Front Desk|Medical Assistance Available|Public Restrooms,
Emerges Homes,4.0,The standard check-in time is 12:00 PM and the standard check-out time is 12:00 PM. Early check-in or late check-out is strictly subjected to availability and may be chargeable by the hotel. Any early check-in or late check-out request must be directed and reconfirmed with hotel directly Parking Facilities Available|Outdoor Parking - Secured|Parking Facility|Room Service,
DoubleTree by Hilton Pune-Chinchwad,4.0,"The standard check-in time is 02:00 PM and the standard check-out time is 12:00 PM. Early check-in or late check-out is strictly subjected to availability and may be chargeable by the hotel. Any early check-in or late check-out request must be directed and reconfirmed with hotel directly Swimming Pool|Airport Transfer Available / Surcharge|Babysitting/ Child Care (surcharge)|Ballroom|Banquet Facilities|Bar / Lounge |Beauty Salon - on charge|Business Center |Concierge|Currency Exchange|Disabled Friendly Facilities |Doctor on Call|Dry Cleaning|Health Club / Gym Facility Available|Internet Access - Surcharge|Laundry Service Available|Lift / Elevator|Lobby|Non Smoking Rooms|Parking Facilities Available|Front Desk|Multi Cuisine Restaurant |Locker Facility|Secretarial Services|Spa On Site - Chargeable|Local Tour / Travel Desk|Valet service|Major Credit Cards Accepted|24 Hour Front Desk|Luggage Storage|Doorman|Medical Assistance Available|Air-Conditioning - Central|Welcome Drinks|Power Backup|Audio - Visual Equipment|Wedding Services Facility|Catering|Multi Lingual Staff|Exhibit Space|Wake-up Call / Service|Fitness Equipment|Suitable For Children|Separate Sitting Area|Coffee Shop / Cafe|Conference Facility |Smoking Rooms|ATM / Banking|Disabled Friendly Rooms|Fax Machine|Kitchen available (home cook food on request)|Electronic / Magnetic Keys|Wheelchair Accessibility - Room|Massage Services |Poolside Bar|Pick Up and Drop (Rly Station, Bus Stand, Temple)|Smoking Area |Open Air Restaurant / Dining |In House Events |Vegetarian Food / Jain Food Available|Extra Person / Child - Share the same room|Car Rental|Meditation Room|Self Check - In|Taxi Services|Board Room|Newspapers In Lobby|Yoga Hall / Classes|Postal / Parcel Services|Family Room|Room Service (24 Hours)|Voicemail|Party hall|STD / ISD|Baggage Room|Courier Service|Guide / Sightseeing Service|Laptop Available on Hire|Outdoor Parking - Secured|Parking Facility|Internet Access|Restaurant|Recreation Zone",
Famous lodge,4.0,"The standard check-in time is 12:00 PM and the standard check-out time is 12:00 PM. Early check-in or late check-out is strictly subjected to availability and may be chargeable by the hotel. Any early check-in or late check-out request must be directed and reconfirmed with hotel directly Booking rates will not be valid for Christmas and New year dates, High season and long weekend dates extra supplement will be charged over and above the paid rates as per actual and hotel discretion. The standard check-in time is 12:00 PM and the standard check-out time is 12:00 PM. Early check-in or late check-out is strictly subjected to availability and may be chargeable by the hotel. Any early check-in or late check-out request must be directed and reconfirmed with hotel directly. According to government regulations, a valid Photo ID has to be carried by every person who stays at the hotel. The identification proofs accepted are Drivers License, Voters Card, Passport, Ration Card. Without valid ID the guest will not be allowed to check in. Note- PAN Cards will not be accepted as a valid ID card.   *   It is mandatory for guests to present valid photo identification at the time of check-in.   *   The primary guest checking in to the hotel must be at least 21 years of age.   *   The hotel reserves the right of admission. Accommodation can be denied to guests posing as a couple if suitable proof of identification is not presented at check-in.   *   The hotel reserves the right of admission for local residents. Accommodation can be denied to guests residing in the same city.   *   Local ID proof will not be valid. Doctor on Call|Dry Cleaning|Front Desk|Room Service",
Elephant Route Resort,4.0,"The standard check-in time is 01:00 PM and the standard check-out time is 11:00 AM. Early check-in or late check-out is strictly subjected to availability and may be chargeable by the hotel. Any early check-in or late check-out request must be directed and reconfirmed with hotel directly Pets are not allowed. **** Compulsory Supplement Charges to be paid **** Mandatory Peak Season Charges From 20th December 2014 to 5 January 2015 at Rs. 1000 per room,to be paid at hotel directly at the time of check in. Supplementary charges on 31st Dec 2015 - Gala Dinner - to be paid at the hotel directly at the time of Check In. Barbecue Area|Doctor on Call|Dry Cleaning|Gift Shop |Internet Access - Surcharge|Laundry Service Available|Lift / Elevator|Lobby|Non Smoking Rooms|Parking Facilities Available|Front Desk|Multi Cuisine Restaurant |Locker Facility|Tennis Court|Local Tour / Travel Desk|24 Hour Front Desk|Luggage Storage|Welcome Drinks|Power Backup|Express Check-In / Check-Out|Gardens|Dance Performances (on demand)|Catering|Wake-up Call / Service|Porter / Bellhop|Suitable For Children|Coffee Shop / Cafe|Multi - Line Phone|Free Local Calls|Safari|Nature Walk|Veranda|Veg / Non Veg Kitchens Separate |Vegetarian Food / Jain Food Available|Extra Person / Child - Share the same room|Village Visit ( Chargeable )|Car Rental|Campfire / Bon Fire|Food Facility| Drivers Rest Room|Newspapers In Lobby|Family Room|Room Service (24 Hours)|Spa Services Nearby|STD / ISD|Baggage Room|Guide / Sightseeing Service|Internet / Fax (Reception area only)|Outdoor Parking - Secured|Parking Facility|Internet Access",
EYRIE HOSPITALITY,4.0,"The standard check-in time is 12:00 PM and the standard check-out time is 12:00 PM. Early check-in or late check-out is strictly subjected to availability and may be chargeable by the hotel. Any early check-in or late check-out request must be directed and reconfirmed with hotel directly Cancellation: Upto 3 days in advance free or later Full payment as service charge, Unmarried Couples Not Allowed, Airport Transfer Available / Surcharge|Beauty Salon - on charge|Currency Exchange|Doctor on Call|Dry Cleaning|Laundry Service Available|Lift / Elevator|Lobby|Non Smoking Rooms|Parking Facilities Available|Front Desk|Major Credit Cards Accepted|24 Hour Front Desk|Power Backup|Express Check-In / Check-Out|Wedding Services Facility|Wake-up Call / Service|Separate Sitting Area|Grocery|Smoking Rooms|Fire Place Available |Smoking Area |Veranda|Car Rental|Express Laundry|Newspapers In Lobby|Family Room|Room Service (24 Hours)| Cook Services|Air / Rail Booking|Courier Service|RO Water Purification System|Outdoor Parking - Secured|Parking Facility|Room Service|Fire Safety",
Dreams Inn,4.0,The standard check-in time is 12:00 PM and the standard check-out time is 12:00 PM. Early check-in or late check-out is strictly subjected to availability and may be chargeable by the hotel. Any early check-in or late check-out request must be directed and reconfirmed with hotel directly 1.   not allowed unmarried couple 2.   not allowed local person 3.   not allowed room for drinking and gambling porpose. 4.   allow married couple if they show both i.d proof. Doctor on Call|Internet Access - Surcharge|Parking Facilities Available|Front Desk|Tennis Court|Badminttion Court|Internet Access Free,
Estate Valley Homestay,4.0,The standard check-in time is 11:00 AM and the standard check-out time is 12:00 PM. Early check-in or late check-out is strictly subjected to availability and may be chargeable by the hotel. Any early check-in or late check-out request must be directed and reconfirmed with hotel directly  We do not allow unmarried / unrelated couples to checkin. This is at full discretion of the hotel management. No refund would be applicable in case the checkin is denied under such circumstances Doctor on Call|Luggage Storage|Room Service (24 Hours)|Room Service|Public Restrooms,
EAGLE MOTEL,4.0,"The standard check-in time is 12:00 PM and the standard check-out time is 12:00 PM. Early check-in or late check-out is strictly subjected to availability and may be chargeable by the hotel. Any early check-in or late check-out request must be directed and reconfirmed with hotel directly According to government regulations, a valid Photo ID has to be carried by every person above the age of 18 staying.Identification proofs accepted are Drivers License, Voters Card, Passport, Ration Card.Without valid ID the guest would'nt be accepted Banquet Facilities|Bar / Lounge |Business Center |Currency Exchange|Doctor on Call|Gift Shop |Laundry Service Available|Lift / Elevator|Lobby|Parking Facilities Available|Front Desk|Multi Cuisine Restaurant |Local Tour / Travel Desk|Major Credit Cards Accepted|24 Hour Front Desk|Medical Assistance Available|Air-Conditioning - Central|Power Backup|Gardens|Audio - Visual Equipment|Wedding Services Facility|Catering|Multi Lingual Staff|Wake-up Call / Service|Suitable For Children|Coffee Shop / Cafe|Conference Facility |Transfers Available|Express Laundry|Kids Play Zone|Internet Access Free|Newspapers In Lobby|Room Service (24 Hours)|Party hall|STD / ISD|Baggage Room|Parking Facility|Internet Access|Restaurant|CCTV|Full Time Operation for All 7 Days|Public Restrooms",
Devrai Resort,4.0,The standard check-in time is 12:00 PM and the standard check-out time is 12:00 PM. Early check-in or late check-out is strictly subjected to availability and may be chargeable by the hotel. Any early check-in or late check-out request must be directed and reconfirmed with hotel directly We do not allow unmarried / unrelated couples to checkin. This is at full discretion of the hotel management. No refund would be applicable in case the checkin is denied under such circumstances Doctor on Call|Front Desk|24 Hour Front Desk|Doorman|Power Backup|Parking Facility,
FabHotel Connaught Mews,4.0,The standard check-in time is 12:00 PM and the standard check-out time is 11:00 AM. Early check-in or late check-out is strictly subjected to availability and may be chargeable by the hotel. Any early check-in or late check-out request must be directed and reconfirmed with hotel directly Our Inns reserve the right to admission. Accommodation can be denied to the guests posing as a couple if suitable identification and a non-local address proof is not presented at check-in. MAP plan includes limited menu meal. Doctor on Call|Laundry Service Available|Lift / Elevator|Lobby|Front Desk|Locker Facility|Major Credit Cards Accepted|24 Hour Front Desk|Doorman|Air-Conditioning - Central|Power Backup|Wake-up Call / Service|Suitable For Children|Kitchen available (home cook food on request)|Free Local Calls|Vegetarian Food / Jain Food Available|Food Facility|Newspapers In Lobby|Room Service (24 Hours)| Cook Services|RO Water Purification System|Internet Access,
Dhadwal Homestay,4.0,The standard check-in time is 02:00 PM and the standard check-out time is 12:00 PM. Early check-in or late check-out is strictly subjected to availability and may be chargeable by the hotel. Any early check-in or late check-out request must be directed and reconfirmed with hotel directly We do not allow unmarried / unrelated couples to checkin. This is at full discretion of the hotel management. No refund would be applicable in case the checkin is denied under such circumstances. Doctor on Call|Front Desk|Parking Facility|Room Service|Public Restrooms,
Executive Lotus - service apartment,4.0,"The standard check-in time is 12:00 PM and the standard check-out time is 11:00 AM. Early check-in or late check-out is strictly subjected to availability and may be chargeable by the hotel. Any early check-in or late check-out request must be directed and reconfirmed with hotel directly Deluxe room - Attached washroom,  Semi Deluxe Room and single small  room - Shared Washroom,  Living room and kitchen is on sharing basis. Early check-in or late check out charges Rs.1000/- subject to availability of room Laundry Service Available|Lift / Elevator|Parking Facilities Available|Front Desk|Locker Facility|Wake-up Call / Service|ATM / Banking|Kitchen available (home cook food on request)|Food Facility|Newspapers In Lobby|Internet Access|Room Service",
Dream Land Home Stay,4.0,The standard check-in time is 12:00 PM and the standard check-out time is 10:00 AM. Early check-in or late check-out is strictly subjected to availability and may be chargeable by the hotel. Any early check-in or late check-out request must be directed and reconfirmed with hotel directly Kindly note that Double and Double Deluxe Rooms are for two and Family Deluxe rooms are for three Adults. Children above 07 years are counted as Adults. Extra person charges are as applicable Doctor on Call|Laundry Service Available|Lobby|Parking Facilities Available|Front Desk|Local Tour / Travel Desk|Power Backup|Wake-up Call / Service|Transfers Available|Internet Access Free|Room Service (24 Hours)|Outdoor Parking - Secured|Parking Facility|Suites,
Flamingo Resorts,4.0,"The standard check-in time is 12:00 PM and the standard check-out time is 12:00 PM. Early check-in or late check-out is strictly subjected to availability and may be chargeable by the hotel. Any early check-in or late check-out request must be directed and reconfirmed with hotel directly Hotel may charge compulsory gala dinner supplement on Christmas / New Year's eve or other festive periods. Any such supplements need to be paid directly at the hotel. Airport Transfer Available / Surcharge|Banquet Facilities|Business Center |Doctor on Call|Dry Cleaning|Games Zone|Internet Access - Surcharge|Laundry Service Available|Lobby|Parking Facilities Available|Multi Cuisine Restaurant |Local Tour / Travel Desk|Major Credit Cards Accepted|Luggage Storage|Power Backup|Gardens|Wake-up Call / Service|Separate Sitting Area|Coffee Shop / Cafe|Conference Facility |Smoking Rooms|Pick Up and Drop (Rly Station, Bus Stand, Temple)|Nature Walk|Smoking Area |Extra Person / Child - Share the same room|Car Rental|Taxi Services|Food Facility|Internet Access Free|Newspapers In Lobby|Room Service (24 Hours)|Air / Rail Booking|RO Water Purification System|Parking Facility",
Exotic home stay -Malvan,4.0,"The standard check-in time is 12:00 PM and the standard check-out time is 12:00 PM. Early check-in or late check-out is strictly subjected to availability and may be chargeable by the hotel. Any early check-in or late check-out request must be directed and reconfirmed with hotel directly Booking rates will not be valid for Christmas and New year dates, High season and long weekend dates, extra supplement will be charged over and above the paid rates as per actual and hotel discretion. Doctor on Call|Parking Facilities Available|Outdoor Parking - Secured|Parking Facility|Room Service",
Eagle Resort,4.0,The standard check-in time is 12:00 PM and the standard check-out time is 12:00 PM. Early check-in or late check-out is strictly subjected to availability and may be chargeable by the hotel. Any early check-in or late check-out request must be directed and reconfirmed with hotel directly We do not allow unmarried / unrelated couples to checkin. This is at full discretion of the hotel management. No refund would be applicable in case the checking is denied under such circumstances Doctor on Call|Laundry Service Available|Parking Facilities Available|Front Desk|Multi Cuisine Restaurant |24 Hour Front Desk|Wake-up Call / Service,
EMA HOSPITALITY,4.0,The standard check-in time is 12:00 PM and the standard check-out time is 11:00 AM. Early check-in or late check-out is strictly subjected to availability and may be chargeable by the hotel. Any early check-in or late check-out request must be directed and reconfirmed with hotel directly Laundry Service Available|Room Service (24 Hours)|Parking Facility,
Dreamland,4.0,The standard check-in time is 12:00 PM and the standard check-out time is 12:00 PM. Early check-in or late check-out is strictly subjected to availability and may be chargeable by the hotel. Any early check-in or late check-out request must be directed and reconfirmed with hotel directly The hotel check in time is 12 Noon and the checkout time is 12 Noon Any Request for early check in or Late Checkout must be confirmed with the Hotel First. Guest without proper id will be refused Check in and will forfeit one days charges Doctor on Call|Laundry Service Available|Front Desk|Local Tour / Travel Desk|24 Hour Front Desk|Doorman|Power Backup|Room Service (24 Hours)|Air / Rail Booking|Guide / Sightseeing Service|Parking Facility|Room Service|Fire Exit Signs|Full Time Operation for All 7 Days|Porter Services Available,
Ebony Boutique Hotel,4.0,The standard check-in time is 12:00 PM and the standard check-out time is 12:00 PM. Early check-in or late check-out is strictly subjected to availability and may be chargeable by the hotel. Any early check-in or late check-out request must be directed and reconfirmed with hotel directly Hotel may charge compulsory gala dinner supplement on Christmas / New Year's eve or other festive periods. Any such supplements need to be paid directly at the hotel. Business Center |Doctor on Call,
Elite Cottage,4.0,The standard check-in time is 12:00 PM and the standard check-out time is 12:00 PM. Early check-in or late check-out is strictly subjected to availability and may be chargeable by the hotel. Any early check-in or late check-out request must be directed and reconfirmed with hotel directly  We do not allow unmarried / unrelated couples to checkin. This is at full discretion of the hotel management. No refund would be applicable in case the checkin is denied under such circumstances Doctor on Call|Front Desk|Room Service|Public Restrooms,
Evergreen Bungalow,4.0,The standard check-in time is 12:00 PM and the standard check-out time is 09:00 AM. Early check-in or late check-out is strictly subjected to availability and may be chargeable by the hotel. Any early check-in or late check-out request must be directed and reconfirmed with hotel directly Unmarried couple is not allowed Id Proof is complusory Doctor on Call|Laundry Service Available|Parking Facilities Available|24 Hour Front Desk|Luggage Storage|Food Facility|Internet Access Free|Room Service (24 Hours)|Parking (Surcharge)|Parking Facility,
Diamond heritage,4.0,"The standard check-in time is 12:00 PM and the standard check-out time is 12:00 PM. Early check-in or late check-out is strictly subjected to availability and may be chargeable by the hotel. Any early check-in or late check-out request must be directed and reconfirmed with hotel directly Check out time is 1200 noon ,check in time is open. Its a non smoking zone.No extra charge is initiated by us above the standard charge of the selected room.Its all inclusive of taxes. Laundry Service Available|Power Backup|Room Service (24 Hours)|Parking (Surcharge)|Outdoor Parking - Secured",
Dove Cottage,4.0,The standard check-in time is 12:00 PM and the standard check-out time is 12:00 PM. Early check-in or late check-out is strictly subjected to availability and may be chargeable by the hotel. Any early check-in or late check-out request must be directed and reconfirmed with hotel directly Hotel may charge compulsory gala dinner supplement on Christmas / New Years eve or other festive periods. Any such supplements need to be paid directly at the hotel.As per the government guidelines valid government issued id proofs are required to be presented at the Time of C/in. Lobby|Front Desk|Kitchen available (home cook food on request),
EAGLE INTERNATIONAL INN,4.0,The standard check-in time is 12:00 PM and the standard check-out time is 12:00 PM. Early check-in or late check-out is strictly subjected to availability and may be chargeable by the hotel. Any early check-in or late check-out request must be directed and reconfirmed with hotel directly Id Cards are mandatory at the time of check in .  We do not allow unmarried / unrelated couples to checkin. This is at full discretion of the hotel management. No refund would be applicable in case the checkin is denied under such circumstances Doctor on Call|Internet Access Free|Room Service (24 Hours)|Room Service|Public Restrooms,
Fantasiya World Goa,4.0,The standard check-in time is 02:00 PM and the standard check-out time is 12:00 PM. Early check-in or late check-out is strictly subjected to availability and may be chargeable by the hotel. Any early check-in or late check-out request must be directed and reconfirmed with hotel directly We do not allow unmarried / unrelated couples to checkin. This is at full discretion of the hotel management. No refund would be applicable in case the checkin is denied under such circumstances Business Center |Doctor on Call|Laundry Service Available|Lobby|Front Desk|Power Backup|Food Facility,
Dream World Resort,4.0,The standard check-in time is 12:00 PM and the standard check-out time is 11:00 AM. Early check-in or late check-out is strictly subjected to availability and may be chargeable by the hotel. Any early check-in or late check-out request must be directed and reconfirmed with hotel directly (Away From City 10 Kms Approx.) Please note that resort is under renovation and pool is not in working right now. Guests has to present Valid I.D. Proof at Check-In. Pan Card is not considered as Valid I.D. Proof. Swimming Pool|Business Center |Health Club / Gym Facility Available|Laundry Service Available|Front Desk|Multi Cuisine Restaurant |Welcome Drinks|Conference Facility |Newspapers In Lobby|Room Service (24 Hours)|Parking Facility,
Silver Ferns,4.0,The standard check-in time is 12:00 PM and the standard check-out time is 12:00 PM. Early check-in or late check-out is strictly subjected to availability and may be chargeable by the hotel. Any early check-in or late check-out request must be directed and reconfirmed with hotel directly Hotel may charge compulsory gala dinner supplement on Christmas / New Year's eve or other festive periods. Any such supplements need to be paid directly at the hotel. Bar / Lounge |Business Center |Internet Access - Surcharge|Laundry Service Available|Lift / Elevator|Parking Facilities Available|Front Desk|Multi Cuisine Restaurant |Locker Facility|Power Backup|Transfers Available|Room Service (24 Hours)|Parking (Surcharge)|Outdoor Parking - Secured|Parking Facility|Room Service|Porter Services Available|Public Restrooms|Suites,
Spencer Home,4.0,The standard check-in time is 11:00 AM and the standard check-out time is 11:00 AM. Early check-in or late check-out is strictly subjected to availability and may be chargeable by the hotel. Any early check-in or late check-out request must be directed and reconfirmed with hotel directly Hotel may charge compulsory gala dinner supplement on Christmas / New Year's eve or other festive periods. Any such supplements need to be paid directly at the hotel. Lobby|Power Backup|RO Water Purification System|Parking Facility,
Shoba Inn,4.0,"The standard check-in time is 12:00 PM and the standard check-out time is 12:00 PM. Early check-in or late check-out is strictly subjected to availability and may be chargeable by the hotel. Any early check-in or late check-out request must be directed and reconfirmed with hotel directly a.According to government regulations, a valid Photo ID has to be carried by every person above the age of 18 staying at the hotel.The identification proofs accepted are Drivers License, Voters Card, or Passport. Without valid ID the guest will not b Currency Exchange|Doctor on Call|Dry Cleaning|Laundry Service Available|Lift / Elevator|Lobby|Non Smoking Rooms|Parking Facilities Available|Locker Facility|24 Hour Front Desk|Luggage Storage|Doorman|Power Backup|Wake-up Call / Service|Smoking Rooms|Extra Person / Child - Share the same room|Express Laundry|Taxi Services|Food Facility|Internet Access Free|Newspapers In Lobby|Family Room|Room Service (24 Hours)| Cook Services|STD / ISD|Baggage Room|Courier Service|Outdoor Parking - Secured",
Srinivas Residency Hotel,4.0,The standard check-in time is 02:00 PM and the standard check-out time is 12:00 PM. Early check-in or late check-out is strictly subjected to availability and may be chargeable by the hotel. Any early check-in or late check-out request must be directed and reconfirmed with hotel directly We do not allow unmarried / unrelated couples to checkin. This is at full discretion of the hotel management. No refund would be applicable in case the checkin is denied under such circumstances Doctor on Call|Lobby|Front Desk|Local Tour / Travel Desk|24 Hour Front Desk,
Sonamita Guest House,4.0,The standard check-in time is 12:00 PM and the standard check-out time is 10:00 AM. Early check-in or late check-out is strictly subjected to availability and may be chargeable by the hotel. Any early check-in or late check-out request must be directed and reconfirmed with hotel directly We do not allow unmarried / unrelated couples to checkin. This is at full discretion of the hotel management. No refund would be applicable in case the checkin is denied under such circumstances Doctor on Call|Parking Facilities Available|Front Desk|Doorman|Power Backup|Extra Person / Child - Share the same room|Family Room|Outdoor Parking - Secured|Fire Safety|Fire Exit Signs|First-Aid Kit at Front Desk,
So my resorts,4.0,"The standard check-in time is 12:00 PM and the standard check-out time is 12:00 PM. Early check-in or late check-out is strictly subjected to availability and may be chargeable by the hotel. Any early check-in or late check-out request must be directed and reconfirmed with hotel directly Hotel may charge compulsory gala dinner supplement on Christmas / New Year's eve or other festive periods.  Any such supplements need to be paid directly at the hotel. No check in and check out on 25th and 31st Dec'15 Christmas and new year gala dinner compulsory. Christmas Rs. 3750 per person, child 1875 New year Rs.4250 per person, child 2125 Proper ID prof required Swimming Pool|Airport Transfer Available / Surcharge|Bar / Lounge |Currency Exchange|Doctor on Call|Internet Access - Surcharge|Laundry Service Available|Parking Facilities Available|Front Desk|Multi Cuisine Restaurant |Locker Facility|Local Tour / Travel Desk|Valet service|Major Credit Cards Accepted|24 Hour Front Desk|Luggage Storage|Welcome Drinks|Power Backup|Catering|Multi Lingual Staff|Wake-up Call / Service|Separate Sitting Area|Smoking Rooms|Disabled Friendly Rooms|Multi - Line Phone|Wheelchair Accessibility - Room|Pick Up and Drop (Rly Station, Bus Stand, Temple)|Smoking Area |Open Air Restaurant / Dining | Bike on Rent|Express Laundry|Taxi Services|Pool Cafe|Food Facility|Internet Access Free|Newspapers In Lobby|Family Room|Internet / Fax (Reception area only)|RO Water Purification System|Parking Facility|Fire Safety|CCTV|Fire Exit Signs|First-Aid Kit at Front Desk|Full Time Operation for All 7 Days|Hotel Trading License|Paid Transfers|Pest Control Facility|Porter Services Available|Public Restrooms|Security at All Hotel Entrances",
Soochipara Resort,4.0,The standard check-in time is 02:00 PM and the standard check-out time is 12:00 PM. Early check-in or late check-out is strictly subjected to availability and may be chargeable by the hotel. Any early check-in or late check-out request must be directed and reconfirmed with hotel directly We do not allow unmarried / unrelated couples to checkin. This is at full discretion of the hotel management. No refund would be applicable in case the checkin is denied under such circumstances Doctor on Call|Lobby|Parking Facilities Available|Front Desk|Local Tour / Travel Desk|24 Hour Front Desk,
Shri Agarwal Lodge,4.0,"The standard check-in time is 12:00 PM and the standard check-out time is 12:00 PM. Early check-in or late check-out is strictly subjected to availability and may be chargeable by the hotel. Any early check-in or late check-out request must be directed and reconfirmed with hotel directly Booking rates will not be valid for Christmas and New year dates, High season and long weekend dates  extra supplement will be charged over and above the paid rates as per actual and hotel discretion. Doctor on Call",
Shree Manav Residency,4.0,The standard check-in time is 12:00 PM and the standard check-out time is 12:00 PM. Early check-in or late check-out is strictly subjected to availability and may be chargeable by the hotel. Any early check-in or late check-out request must be directed and reconfirmed with hotel directly Valid Identification proof are required. Pets are not allowed. Laundry Service Available|24 Hour Front Desk|Conference Facility |Board Room|Room Service (24 Hours)| Cook Services|Restaurant,
Shri Krishna Residency,4.0,"The standard check-in time is 08:00 PM and the standard check-out time is 08:00 PM. Early check-in or late check-out is strictly subjected to availability and may be chargeable by the hotel. Any early check-in or late check-out request must be directed and reconfirmed with hotel directly ALL GUESTS ARE REQUIRED TO PRESENT PROPER PHOTO IDENTIFICATION UPON CHECK IN. The identity proof would include a valid Driving license/voter identity card/PAN card, etc. Valid Passport mandatory for all Foreign guests. Hotel is not allow unmarried / unrelated couples to check-in. This is at full discretion of the hotel management. No refund would be applicable in case the hotel denies check-in under such circumstances. Doctor on Call|Lobby|Non Smoking Rooms|Parking Facilities Available|Front Desk|Major Credit Cards Accepted|24 Hour Front Desk|Luggage Storage|Welcome Drinks|Power Backup|Gardens|Multi Lingual Staff|Wake-up Call / Service|Smoking Rooms|Outdoor Parking - Secured",
Spice Villas Holiday,4.0,"The standard check-in time is 12:00 PM and the standard check-out time is 12:00 PM. Early check-in or late check-out is strictly subjected to availability and may be chargeable by the hotel. Any early check-in or late check-out request must be directed and reconfirmed with hotel directly Hotel may charge compulsory gala dinner supplement on Christmas / New Year's eve or other festive periods. Any such supplements need to be paid directly at the hotel. Airport Transfer Available / Surcharge|Barbecue Area|Doctor on Call|Internet Access - Surcharge|Laundry Service Available|Night Club|Parking Facilities Available|Front Desk|Multi Cuisine Restaurant |Locker Facility|Local Tour / Travel Desk|Valet service|24 Hour Front Desk|Medical Assistance Available|Power Backup|Express Check-In / Check-Out|Gardens|Dance Performances (on demand)|Multi Lingual Staff|Wake-up Call / Service|Suitable For Children|Separate Sitting Area|Coffee Shop / Cafe|Safari|Pick Up and Drop (Rly Station, Bus Stand, Temple)|Nature Walk|Village Visit ( Chargeable )|Taxi Services|Campfire / Bon Fire|Food Facility|Internet Access Free|Newspapers In Lobby|Family Room|Internet / Fax (Reception area only)|Courtesy Coach|Outdoor Parking - Secured|Parking Facility|Room Service",
SIDHARTH paying guest house,4.0,The standard check-in time is 12:00 PM and the standard check-out time is 12:00 PM. Early check-in or late check-out is strictly subjected to availability and may be chargeable by the hotel. Any early check-in or late check-out request must be directed and reconfirmed with hotel directly We do not allow unmarried / unrelated couples to checkin. This is at full discretion of the hotel management. No refund would be applicable in case the checkin is denied under such circumstances Lobby|Front Desk|24 Hour Front Desk|Room Service (24 Hours)|Room Service,
spice garden farm house,4.0,"The standard check-in time is 12:00 PM and the standard check-out time is 12:00 PM. Early check-in or late check-out is strictly subjected to availability and may be chargeable by the hotel. Any early check-in or late check-out request must be directed and reconfirmed with hotel directly Booking rates will not be valid for Christmas and New year dates, High season and long weekend dates  extra supplement will be charged over and above the paid rates as per actual and hotel discretion. Doctor on Call|Parking Facilities Available|Front Desk|Room Service|Public Restrooms",
Sri Ambika Residency,4.0,The standard check-in time is 12:00 PM and the standard check-out time is 11:00 AM. Early check-in or late check-out is strictly subjected to availability and may be chargeable by the hotel. Any early check-in or late check-out request must be directed and reconfirmed with hotel directly Doctor on Call|Front Desk|Room Service (24 Hours)|Parking Facility,
Sky Home,4.0,"The standard check-in time is 12:00 PM and the standard check-out time is 12:00 PM. Early check-in or late check-out is strictly subjected to availability and may be chargeable by the hotel. Any early check-in or late check-out request must be directed and reconfirmed with hotel directly Guests must report any loss of or damage to their property immediately on discovery to the Hotel  Reception or other appropriate staff members, and shall make themselves available to assist with any reports made by the hotel to the police. Airport Transfer Available / Surcharge|Internet Access - Surcharge|Laundry Service Available|Parking Facilities Available|Front Desk|Multi Cuisine Restaurant |Local Tour / Travel Desk|Medical Assistance Available",
SITA RESIDENCY,4.0,The standard check-in time is 12:00 PM and the standard check-out time is 12:00 PM. Early check-in or late check-out is strictly subjected to availability and may be chargeable by the hotel. Any early check-in or late check-out request must be directed and reconfirmed with hotel directly We do not allow unmarried / unrelated couples to checkin. This is at full discretion of the hotel management. No refund would be applicable in case the checkin is denied under such circumstances Doctor on Call|Laundry Service Available|Library|Lobby|Parking Facilities Available|Front Desk|Power Backup|Gardens|Internet Access Free|Parking Facility|Room Service,
SILVER STREAK COTTAGE,4.0,The standard check-in time is 12:00 PM and the standard check-out time is 12:00 PM. Early check-in or late check-out is strictly subjected to availability and may be chargeable by the hotel. Any early check-in or late check-out request must be directed and reconfirmed with hotel directly Child 05 - 12 Years @ Rs 350/- per day without extra bed . Child 05 - 12 Years @ Rs 550/- Per Day with extra bed Check in and Check out - 1200 Hours  Early in Check and Late Check out Subjected to availability. Doctor on Call|Laundry Service Available|Lobby|Parking Facilities Available|Front Desk|24 Hour Front Desk|Medical Assistance Available|Nature Walk|Food Facility|RO Water Purification System|Parking Facility|Room Service|Full Time Operation for All 7 Days,
Shree Adiga Residency,4.0,The standard check-in time is 12:00 PM and the standard check-out time is 12:00 PM. Early check-in or late check-out is strictly subjected to availability and may be chargeable by the hotel. Any early check-in or late check-out request must be directed and reconfirmed with hotel directly Hotel may charge compulsory gala dinner supplement on Christmas / New Year's eve or other festive periods. Any such supplements need to be paid directly at the hotel. Banquet Facilities|Currency Exchange|Doctor on Call|Internet Access - Surcharge|Laundry Service Available|Parking Facilities Available|Multi Cuisine Restaurant |Locker Facility|Local Tour / Travel Desk|Major Credit Cards Accepted|Air-Conditioning - Central|Conference Facility |Room Service (24 Hours)|STD / ISD,
Shivsadan Guest House,4.0,The standard check-in time is 12:00 PM and the standard check-out time is 12:00 PM. Early check-in or late check-out is strictly subjected to availability and may be chargeable by the hotel. Any early check-in or late check-out request must be directed and reconfirmed with hotel directly We do not allow unmarried / unrelated couples to checkin. This is at full discretion of the hotel management. No refund would be applicable in case the checkin is denied under such circumstances Doctor on Call|Parking Facilities Available|Front Desk|Room Service|First-Aid Kit at Front Desk|Public Restrooms,
Shree Hari Castle,4.0,The standard check-in time is 11:45 AM and the standard check-out time is 11:45 AM. Early check-in or late check-out is strictly subjected to availability and may be chargeable by the hotel. Any early check-in or late check-out request must be directed and reconfirmed with hotel directly We do not allow unmarried / unrelated couples to checkin. This is at full discretion of the hotel management. No refund would be applicable in case the checkin is denied under such circumstances Doctor on Call|Laundry Service Available|Lobby|Non Smoking Rooms|Front Desk|Multi Cuisine Restaurant |24 Hour Front Desk|Power Backup|Express Check-In / Check-Out|Catering|Suitable For Children|Separate Sitting Area|Smoking Rooms|Access Via Exterior Corridors|Parking (Surcharge)|Room Service,
Silver Moon Guest House,4.0,The standard check-in time is 02:00 PM and the standard check-out time is 10:00 AM. Early check-in or late check-out is strictly subjected to availability and may be chargeable by the hotel. Any early check-in or late check-out request must be directed and reconfirmed with hotel directly Doctor on Call|Parking Facilities Available|Power Backup|Internet Access Free|RO Water Purification System,
Sreekrishna houseboat Three bedroom,4.0,The standard check-in time is 02:00 PM and the standard check-out time is 12:00 PM. Early check-in or late check-out is strictly subjected to availability and may be chargeable by the hotel. Any early check-in or late check-out request must be directed and reconfirmed with hotel directly Right to Admission Reserved Medical Assistance Available,
Shri Kalyan Residency,4.0,The standard check-in time is 11:00 AM and the standard check-out time is 12:00 PM. Early check-in or late check-out is strictly subjected to availability and may be chargeable by the hotel. Any early check-in or late check-out request must be directed and reconfirmed with hotel directly Business Center |Laundry Service Available|Parking Facilities Available|Pets Allowed|Front Desk|Multi Cuisine Restaurant |Local Tour / Travel Desk|24 Hour Front Desk|Luggage Storage|Power Backup|Wake-up Call / Service|Suitable For Children|Kitchen available (home cook food on request)|Vegetarian Food / Jain Food Available|Village Visit ( Chargeable )|Car Rental|Taxi Services|Food Facility| Drivers Rest Room|Internet Access Free|Newspapers In Lobby|Family Room|Room Service (24 Hours)|Air / Rail Booking|Courier Service|Guide / Sightseeing Service|Adjoining Rooms|RO Water Purification System|Outdoor Parking - Secured|Parking Facility|Internet Access|Room Service|Fire Safety,
Sky Hotels,4.0,"The standard check-in time is 02:00 PM and the standard check-out time is 12:00 PM. Early check-in or late check-out is strictly subjected to availability and may be chargeable by the hotel. Any early check-in or late check-out request must be directed and reconfirmed with hotel directly Booking rates will not be valid for Christmas  New year dates, High season  long weekend dates  extra supplement will be charged over  above the paid rates as per actual  hotel discretion. Business Center |Laundry Service Available|Parking Facilities Available|Front Desk|Power Backup|Gardens|Room Service (24 Hours)|Outdoor Parking - Secured|Parking Facility|Room Service|Suites",
Shreeji Paying Guest House,4.0,The standard check-in time is 02:00 PM and the standard check-out time is 12:00 PM. Early check-in or late check-out is strictly subjected to availability and may be chargeable by the hotel. Any early check-in or late check-out request must be directed and reconfirmed with hotel directly  We do not allow unmarried / unrelated couples to checkin. This is at full discretion of the hotel management. No refund would be applicable in case the checkin is denied under such circumstances Doctor on Call|Front Desk|Parking Facility|Room Service|Fire Safety|First-Aid Kit at Front Desk|Public Restrooms,
Sodder's Renton Manor,4.0,The standard check-in time is 01:00 PM and the standard check-out time is 11:00 AM. Early check-in or late check-out is strictly subjected to availability and may be chargeable by the hotel. Any early check-in or late check-out request must be directed and reconfirmed with hotel directly Hotel may charge compulsory gala dinner supplement on Christmas / New Year's eve or other festive periods. Any such supplements need to be paid directly at the hotel. Swimming Pool|Laundry Service Available|Front Desk|Room Service (24 Hours)|Restaurant,
Siva Residency,4.0,"The standard check-in time is 02:00 PM and the standard check-out time is 01:00 PM. Early check-in or late check-out is strictly subjected to availability and may be chargeable by the hotel. Any early check-in or late check-out request must be directed and reconfirmed with hotel directly Unmarried Couples not allowed, check-in and check-out is 24 hours, Doctor on Call|Dry Cleaning|Laundry Service Available|Lift / Elevator|Parking Facilities Available|Front Desk|Major Credit Cards Accepted|24 Hour Front Desk|Power Backup|Multi Lingual Staff|Suitable For Children|Vegetarian Food / Jain Food Available|Food Facility|Internet Access Free|Room Service (24 Hours)|Parking Facility",
speedwayinn,4.0,The standard check-in time is 12:00 PM and the standard check-out time is 12:00 PM. Early check-in or late check-out is strictly subjected to availability and may be chargeable by the hotel. Any early check-in or late check-out request must be directed and reconfirmed with hotel directly We do not allow unmarried / unrelated couples to checkin. This is at full discretion of the hotel management. No refund would be applicable in case the checkin is denied under such circumstances) Doctor on Call|Laundry Service Available|Lift / Elevator|Doorman|Power Backup|Extra Person / Child - Share the same room|Family Room|Room Service (24 Hours)|Outdoor Parking - Secured|Room Service|Fire Safety|Fire Exit Signs|First-Aid Kit at Front Desk,
Shree Yash Hotel.,4.0,"The standard check-in time is 12:00 PM and the standard check-out time is 12:00 PM. Early check-in or late check-out is strictly subjected to availability and may be chargeable by the hotel. Any early check-in or late check-out request must be directed and reconfirmed with hotel directly *Valid Identification Proof are Mandatory. *In case of any unusual/ improper/ suspicious act, Hotel can cancel Room. *Unmarried couples will not be allowed to check in  *Customer has to carry a copy of booking voucher at the time of check in. Bar / Lounge |Business Center |Laundry Service Available|Parking Facilities Available|Front Desk|Multi Cuisine Restaurant |Locker Facility|24 Hour Front Desk|Power Backup|Gardens|Catering|Conference Facility |Open Air Restaurant / Dining |Internet Access Free|Newspapers In Lobby|Room Service (24 Hours)|Air / Rail Booking|Outdoor Parking - Secured|Parking Facility|Room Service",
Soul vacation Resort &amp; Spa,4.0,The standard check-in time is 02:00 PM and the standard check-out time is 12:00 PM. Early check-in or late check-out is strictly subjected to availability and may be chargeable by the hotel. Any early check-in or late check-out request must be directed and reconfirmed with hotel directly Please note : The hotel is charging a mandatory gala dinner surcharge on 25th Dec and 31st Dec. This amount is payable directly at the hotel at the time of  check in. Swimming Pool|Bar / Lounge |Laundry Service Available|Front Desk|Multi Cuisine Restaurant,
Space and Spice,4.0,The standard check-in time is 12:00 PM and the standard check-out time is 12:00 PM. Early check-in or late check-out is strictly subjected to availability and may be chargeable by the hotel. Any early check-in or late check-out request must be directed and reconfirmed with hotel directly Pets are not allowed. Check in and checkout time is 12noon Laundry Service Available|Lift / Elevator|Front Desk|Power Backup|Audio - Visual Equipment|Conference Facility |Transfers Available|Board Room|Internet Access Free|Newspapers In Lobby|Airport Transfer Free,
Silent Valley Cottage,4.0,The standard check-in time is 12:00 PM and the standard check-out time is 12:00 PM. Early check-in or late check-out is strictly subjected to availability and may be chargeable by the hotel. Any early check-in or late check-out request must be directed and reconfirmed with hotel directly We do not allow unmarried / unrelated couples to check-in. This is at full discretion of the hotel management.  No refund would be applicable in case the checkin is denied under such circumstances Doctor on Call|Lobby|Parking Facilities Available|Front Desk|Power Backup|Veranda|Taxi Services|Parking Facility|Room Service|Fire Safety|Anti-Slip Ramps|Fire Exit Signs|First-Aid Kit at Front Desk,
shubhangi home stay,4.0,"The standard check-in time is 12:00 PM and the standard check-out time is 12:00 PM. Early check-in or late check-out is strictly subjected to availability and may be chargeable by the hotel. Any early check-in or late check-out request must be directed and reconfirmed with hotel directly Booking rates will not be valid for Christmas and New year dates, High season and long weekend dates  extra supplement will be charged over and above the paid rates as per actual and hotel discretion. Doctor on Call|Parking Facilities Available|Front Desk|Medical Assistance Available|Public Restrooms",
shoba residency,4.0,The standard check-in time is 12:00 PM and the standard check-out time is 12:00 PM. Early check-in or late check-out is strictly subjected to availability and may be chargeable by the hotel. Any early check-in or late check-out request must be directed and reconfirmed with hotel directly Hotel carries the charge to unaccepted the booking against hotel policies. Please carry ID proof on Individual basis at the time of check inn. Delhi based id proof and PAN card are not considered as a valid id proofs. Doctor on Call|Laundry Service Available|Lift / Elevator|Front Desk|Locker Facility|Power Backup|Internet Access Free|Room Service (24 Hours)|Room Service|Public Restrooms,
Shola Heaven,4.0,The standard check-in time is 11:00 AM and the standard check-out time is 12:00 PM. Early check-in or late check-out is strictly subjected to availability and may be chargeable by the hotel. Any early check-in or late check-out request must be directed and reconfirmed with hotel directly Pets are not allowed Business Center |Doctor on Call|Dry Cleaning|Laundry Service Available|Parking Facilities Available|Front Desk|Multi Cuisine Restaurant |Locker Facility|Major Credit Cards Accepted|24 Hour Front Desk|Luggage Storage|Medical Assistance Available|Power Backup|Gardens|Suitable For Children| Drivers Rest Room|Internet Access Free|Newspapers In Lobby|Room Service (24 Hours)|STD / ISD|Baggage Room|Parking Facility,
SHREYA HOMESTAY,4.0,"The standard check-in time is 12:00 PM and the standard check-out time is 12:00 PM. Early check-in or late check-out is strictly subjected to availability and may be chargeable by the hotel. Any early check-in or late check-out request must be directed and reconfirmed with hotel directly Booking rates will not be valid for Christmas and New year dates, High season and long weekend dates  extra supplement will be charged over and above the paid rates as per actual and hotel discretion. Doctor on Call|Parking Facilities Available|Front Desk|Medical Assistance Available|Parking Facility",
sriganesh residency,4.0,"The standard check-in time is 06:00 AM and the standard check-out time is 06:00 AM. Early check-in or late check-out is strictly subjected to availability and may be chargeable by the hotel. Any early check-in or late check-out request must be directed and reconfirmed with hotel directly Booking rates will not be valid for Christmas  New year dates, High season  long weekend dates  extra supplement will be charged over  above the paid rates as per actual  hotel discretion. Doctor on Call|Front Desk|Restaurant|Room Service|First-Aid Kit at Front Desk",
Smily Bnb,4.0,The standard check-in time is 12:00 PM and the standard check-out time is 12:00 PM. Early check-in or late check-out is strictly subjected to availability and may be chargeable by the hotel. Any early check-in or late check-out request must be directed and reconfirmed with hotel directly 1.	Any supplements need to be paid directly at the hotel. 2.	All guests requested to carry Valid ID proof for Check Inn. 3.	Couple Guests with Local ID's are not allowed to check inn. Airport Transfer Available / Surcharge|Business Center |Doctor on Call|Dry Cleaning|Laundry Service Available|Lobby|Non Smoking Rooms|Parking Facilities Available|Front Desk|Locker Facility|24 Hour Front Desk|Luggage Storage|Medical Assistance Available|Welcome Drinks|Power Backup|Express Check-In / Check-Out|Translation Services|Wake-up Call / Service|Free Local Calls|Transfers Available|Taxi Services|Internet Access Free|Newspapers In Lobby|Family Room|Baggage Room|Courier Service|Parking Facility,
Shri sagar Hotel,4.0,The standard check-in time is 02:00 PM and the standard check-out time is 12:00 PM. Early check-in or late check-out is strictly subjected to availability and may be chargeable by the hotel. Any early check-in or late check-out request must be directed and reconfirmed with hotel directly We do not allow unmarried / unrelated couples to checkin. This is at full discretion of the hotel management. No refund would be applicable in case the checkin is denied under such circumstances Doctor on Call|Lobby|Parking Facilities Available|Front Desk|Local Tour / Travel Desk|24 Hour Front Desk|Luggage Storage|Doorman|Baggage Room|Outdoor Parking - Secured|Parking Facility|Room Service|First-Aid Kit at Front Desk,
Smart Inn,4.0,The standard check-in time is 12:00 PM and the standard check-out time is 12:00 PM. Early check-in or late check-out is strictly subjected to availability and may be chargeable by the hotel. Any early check-in or late check-out request must be directed and reconfirmed with hotel directly 12 Noon Check-In/Out Time 100% forfeited for cancellations or changes Doctor on Call|Laundry Service Available|Lift / Elevator|Lobby|Non Smoking Rooms|Parking Facilities Available|Non Smoking Hotel|Major Credit Cards Accepted|24 Hour Front Desk|Welcome Drinks|Power Backup|Electronic / Magnetic Keys|Vegetarian Food / Jain Food Available|Water Dispenser Available|Self Check - In|Food Facility|Internet Access Free|Newspapers In Lobby|Family Room|Baggage Room|Outdoor Parking - Secured|Parking Facility|Internet Access,
Sreekrishna houseboat single bedroom,4.0,"The standard check-in time is 11:30 AM and the standard check-out time is 09:00 AM. Early check-in or late check-out is strictly subjected to availability and may be chargeable by the hotel. Any early check-in or late check-out request must be directed and reconfirmed with hotel directly Booking rates will not be valid for Christmas and New year dates, High season and long weekend dates, extra supplement will be charged over and above the paid rates as per actual and hotel discretion. Medical Assistance Available",
Sigma Service Apartment,4.0,The standard check-in time is 12:00 PM and the standard check-out time is 12:00 PM. Early check-in or late check-out is strictly subjected to availability and may be chargeable by the hotel. Any early check-in or late check-out request must be directed and reconfirmed with hotel directly Disabled Friendly Facilities |Lift / Elevator|Parking Facilities Available|Front Desk|Locker Facility|24 Hour Front Desk|Welcome Drinks|Car Rental|Internet Access Free|Newspapers In Lobby|Family Room|Parking Facility,
SinQ Abode,4.0,"The standard check-in time is 01:00 PM and the standard check-out time is 11:00 AM. Early check-in or late check-out is strictly subjected to availability and may be chargeable by the hotel. Any early check-in or late check-out request must be directed and reconfirmed with hotel directly AS PER GOVERNMENT DIRECTIVES IT IS MANDATORY FOR ALL GUEST TO SHOW THEIR PHOTO ID AT CHECK IN, WHICH CAN BE IN FORM OF PASSPORT AND VISA COPY/ DRIVING LICENSE/ VOTER ID CARD FAILING WHICH THE HOTEL RESERVES THE RIGHT OF REFUSAL. Airport Transfer Available / Surcharge|Business Center |Laundry Service Available|Lobby|Parking Facilities Available|Front Desk|Locker Facility|Local Tour / Travel Desk|Major Credit Cards Accepted|24 Hour Front Desk|Luggage Storage|Welcome Drinks|Power Backup|Gardens|Wake-up Call / Service| Bike on Rent|Extra Person / Child - Share the same room|Village Visit ( Chargeable )|Car Rental|Food Facility|Internet Access Free|Newspapers In Lobby|Outdoor Parking - Secured|Outdoor Parking - Non Secured|Parking Facility|Internet Access|Restaurant|Room Service",
Sri Venkadaramana Towers,4.0,The standard check-in time is 12:00 PM and the standard check-out time is 12:00 PM. Early check-in or late check-out is strictly subjected to availability and may be chargeable by the hotel. Any early check-in or late check-out request must be directed and reconfirmed with hotel directly Internet Access - Surcharge|Laundry Service Available|Lift / Elevator|Parking Facilities Available|Front Desk|Local Tour / Travel Desk|24 Hour Front Desk|Air-Conditioning - Central|Power Backup|Express Check-In / Check-Out|Wake-up Call / Service|Coffee Shop / Cafe|Electronic / Magnetic Keys|Village Visit ( Chargeable )|Car Rental|Taxi Services| Drivers Rest Room|Internet Access Free|Newspapers In Lobby|Postal / Parcel Services|Family Room|Room Service (24 Hours)|Courier Service|Guide / Sightseeing Service|RO Water Purification System|Outdoor Parking - Non Secured|Parking Facility|Room Service,
Sowmya Delux Lodge,4.0,The standard check-in time is 02:00 PM and the standard check-out time is 12:00 PM. Early check-in or late check-out is strictly subjected to availability and may be chargeable by the hotel. Any early check-in or late check-out request must be directed and reconfirmed with hotel directly We do not allow unmarried / unrelated couples to checkin. This is at full discretion of the hotel management. No refund would be applicable in case the checkin is denied under such circumstances Doctor on Call|Parking Facilities Available|Front Desk|Room Service|Public Restrooms,
Shree Sai Shrdha Guest House,4.0,The standard check-in time is 12:00 PM and the standard check-out time is 12:00 PM. Early check-in or late check-out is strictly subjected to availability and may be chargeable by the hotel. Any early check-in or late check-out request must be directed and reconfirmed with hotel directly We do not allow unmarried / unrelated couples to checkin. This is at full discretion of the hotel management. No refund would be applicable in case the checkin is denied under such circumstances Lobby|Front Desk|24 Hour Front Desk|Room Service (24 Hours)|Room Service,
Signature Crest Cochin,4.0,The standard check-in time is 12:00 PM and the standard check-out time is 10:00 AM. Early check-in or late check-out is strictly subjected to availability and may be chargeable by the hotel. Any early check-in or late check-out request must be directed and reconfirmed with hotel directly Checkin Time 12 pm Checkout time : 10 am Parking Facilities Available|Suitable For Children|Room Service (24 Hours)|Parking Facility,
Silk Route Resort,4.0,The standard check-in time is 12:00 PM and the standard check-out time is 12:00 PM. Early check-in or late check-out is strictly subjected to availability and may be chargeable by the hotel. Any early check-in or late check-out request must be directed and reconfirmed with hotel directly We do not allow unmarried / unrelated couples to checkin. This is at full discretion of the hotel management. No refund would be applicable in case the checkin is denied under such circumstances Doctor on Call|Front Desk|Parking Facility|Room Service|First-Aid Kit at Front Desk,
